6, 1, -34.827230, -17.413615, 72.000000
6, 1, -34.845353, -17.422676, 72.000000
6, 1, -34.816196, -17.408098, 72.000000
6, 1, -34.816196, -17.408098, 72.000000
6, 1, -34.825294, -17.412647, 72.000000
6, 1, -34.808338, -17.404169, 72.000000
6, 1, -34.808338, -17.404169, 72.000000
6, 1, -34.785313, -17.392656, 72.000000
6, 1, -34.835431, -17.417715, 72.000000
6, 1, -34.835431, -17.417715, 72.000000
6, 1, -34.798576, -17.399288, 72.000000
6, 1, -34.798576, -17.399288, 72.000000
6, 1, -34.829443, -17.414722, 72.000000
6, 1, -34.823415, -17.411707, 72.000000
6, 1, -34.823415, -17.411707, 72.000000
6, 1, -34.818027, -17.409013, 72.000000
6, 1, -34.806021, -17.403011, 72.000000
6, 1, -34.830904, -17.415452, 72.000000
6, 1, -34.827097, -17.413548, 72.000000
6, 1, -34.848901, -17.424450, 72.000000
6, 1, -34.821545, -17.410773, 72.000000
6, 1, -34.815814, -17.407907, 72.000000
6, 1, -34.832379, -17.416189, 72.000000
6, 1, -34.846925, -17.423462, 72.000000
6, 1, -34.826177, -17.413088, 72.000000
6, 1, -34.802984, -17.401492, 72.000000
6, 1, -34.821546, -17.410773, 72.000000
6, 1, -34.826544, -17.413272, 72.000000
6, 1, -34.815156, -17.407578, 72.000000
6, 1, -34.827650, -17.413825, 72.000000
6, 1, -34.839639, -17.419819, 72.000000
6, 1, -34.808123, -17.404061, 72.000000
6, 1, -34.787813, -17.393907, 72.000000
6, 1, -34.625587, -17.312793, 72.000000
6, 1, -34.641863, -17.320932, 72.000000
6, 1, -34.611765, -17.305882, 72.000000
6, 1, -34.570401, -17.285200, 72.000000
6, 1, -34.530963, -17.265481, 73.000000
6, 1, -34.491399, -17.245700, 73.000000
6, 1, -34.505759, -17.252880, 73.000000
6, 1, -34.478546, -17.239273, 73.000000
6, 1, -34.359088, -17.179544, 73.000000
6, 1, -34.339806, -17.169903, 73.000000
6, 1, -34.286670, -17.143335, 73.000000
6, 1, -34.283824, -17.141912, 73.000000
6, 1, -34.201243, -17.100622, 73.000000
6, 1, -34.228846, -17.114423, 73.000000
6, 1, -34.133322, -17.066661, 73.000000
6, 1, -34.114924, -17.057462, 73.000000
6, 1, -33.985989, -16.992995, 73.000000
6, 1, -33.928445, -16.964223, 73.000000
7, 1, -33.928916, -16.964458, 73.000000
7, 1, -33.905520, -16.952760, 73.000000
7, 1, -33.865133, -16.932567, 73.000000
7, 1, -33.801649, -16.900824, 73.000000
7, 1, -34.196088, -17.098044, 73.000000
7, 1, -33.644824, -16.822412, 73.000000
7, 1, -34.109596, -17.054798, 73.000000
7, 1, -34.121512, -17.060756, 73.000000
7, 1, -34.023920, -17.011960, 73.000000
7, 1, -33.964241, -16.982120, 73.000000
7, 1, -33.864150, -16.932075, 73.000000
7, 1, -33.856734, -16.928367, 73.000000
7, 1, -33.727181, -16.863591, 73.000000
7, 1, -33.659819, -16.829910, 73.000000
7, 1, -33.594239, -16.797120, 74.000000
7, 1, -33.544752, -16.772376, 74.000000
7, 1, -33.410942, -16.705471, 74.000000
7, 1, -33.383431, -16.691716, 74.000000
7, 1, -33.173356, -16.586678, 74.000000
7, 1, -33.816921, -16.908460, 73.000000
7, 1, -33.579717, -16.789858, 74.000000
7, 1, -33.529824, -16.764912, 74.000000
7, 1, -33.438761, -16.719381, 74.000000
7, 1, -33.387745, -16.693872, 74.000000
7, 1, -33.301877, -16.650939, 74.000000
7, 1, -33.239707, -16.619854, 74.000000
6, 1, -48.902728, -24.451364, 57.000000
6, 1, -48.470227, -24.235114, 58.000000
6, 1, -48.590754, -24.295377, 57.000000
6, 1, -48.689032, -24.344516, 57.000000
6, 1, -48.688786, -24.344393, 57.000000
6, 1, -48.929371, -24.464685, 57.000000
6, 1, -49.016411, -24.508206, 57.000000
6, 1, -48.936032, -24.468016, 57.000000
6, 1, -49.128202, -24.564101, 57.000000
6, 1, -49.234908, -24.617454, 57.000000
6, 1, -48.684599, -24.342300, 57.000000
6, 1, -48.761304, -24.380652, 57.000000
6, 1, -48.723922, -24.361961, 57.000000
6, 1, -48.492020, -24.246010, 58.000000
6, 1, -48.511539, -24.255770, 58.000000
6, 1, -48.392638, -24.196319, 58.000000
6, 1, -48.209723, -24.104861, 58.000000
6, 1, -48.087138, -24.043569, 58.000000
6, 1, -48.183914, -24.091957, 58.000000
6, 1, -47.911419, -23.955710, 58.000000
6, 1, -48.039372, -24.019686, 58.000000
6, 1, -48.039682, -24.019841, 58.000000
6, 1, -47.632267, -23.816134, 58.000000
6, 1, -47.582604, -23.791302, 59.000000
6, 1, -47.562442, -23.781221, 59.000000
6, 1, -47.642645, -23.821322, 58.000000
6, 1, -47.694742, -23.847371, 58.000000
6, 1, -47.768553, -23.884277, 58.000000
6, 1, -47.769511, -23.884756, 58.000000
6, 1, -47.759874, -23.879937, 58.000000
6, 1, -47.395862, -23.697931, 59.000000
6, 1, -47.322930, -23.661465, 59.000000
7, 1, -47.435194, -23.717597, 59.000000
6, 1, -47.266911, -23.633456, 59.000000
7, 1, -47.336940, -23.668470, 59.000000
7, 1, -47.140298, -23.570149, 59.000000
7, 1, -47.194489, -23.597245, 59.000000
7, 1, -47.252108, -23.626054, 59.000000
7, 1, -47.164115, -23.582057, 59.000000
7, 1, -47.054434, -23.527217, 59.000000
7, 1, -47.229016, -23.614508, 59.000000
7, 1, -46.941652, -23.470826, 59.000000
7, 1, -47.122585, -23.561292, 59.000000
7, 1, -47.059046, -23.529523, 59.000000
7, 1, -46.998252, -23.499126, 59.000000
7, 1, -46.817705, -23.408852, 59.000000
7, 1, -47.047954, -23.523977, 59.000000
7, 1, -47.362086, -23.681043, 59.000000
7, 1, -47.325899, -23.662950, 59.000000
7, 1, -47.292310, -23.646155, 59.000000
7, 1, -47.403524, -23.701762, 59.000000
7, 1, -47.202765, -23.601383, 59.000000
7, 1, -47.281067, -23.640533, 59.000000
7, 1, -46.995154, -23.497577, 59.000000
7, 1, -47.206268, -23.603134, 59.000000
7, 1, -47.382743, -23.691371, 59.000000
7, 1, -47.456606, -23.728303, 59.000000
7, 1, -47.309520, -23.654760, 59.000000
7, 1, -47.182360, -23.591180, 59.000000
7, 1, -46.949080, -23.474540, 59.000000
7, 1, -47.234046, -23.617023, 59.000000
7, 1, -47.376711, -23.688355, 59.000000
7, 1, -47.425479, -23.712739, 59.000000
7, 1, -47.380954, -23.690477, 59.000000
7, 1, -47.304118, -23.652059, 59.000000
7, 1, -47.452017, -23.726009, 59.000000
7, 1, -47.208773, -23.604387, 59.000000
7, 1, -47.377021, -23.688511, 59.000000
7, 1, -47.215107, -23.607554, 59.000000
7, 1, -47.138017, -23.569008, 59.000000
7, 1, -47.182523, -23.591261, 59.000000
7, 1, -47.450170, -23.725085, 59.000000
7, 1, -47.188114, -23.594057, 59.000000
7, 1, -47.069673, -23.534837, 59.000000
7, 1, -47.143819, -23.571909, 59.000000
7, 1, -46.958693, -23.479347, 59.000000
7, 1, -47.388425, -23.694213, 59.000000
7, 1, -47.343801, -23.671901, 59.000000
7, 1, -47.263592, -23.631796, 59.000000
7, 1, -47.354122, -23.677061, 59.000000
7, 1, -47.261875, -23.630937, 59.000000
7, 1, -47.310999, -23.655499, 59.000000
7, 1, -47.161546, -23.580773, 59.000000
7, 1, -47.116900, -23.558450, 59.000000
7, 1, -47.158336, -23.579168, 59.000000
7, 1, -47.267242, -23.633621, 59.000000
7, 1, -47.407405, -23.703703, 59.000000
7, 1, -47.318680, -23.659340, 59.000000
7, 1, -47.156459, -23.578230, 59.000000
7, 1, -47.253118, -23.626559, 59.000000
7, 1, -47.305638, -23.652819, 59.000000
7, 1, -47.216105, -23.608052, 59.000000
7, 1, -47.230689, -23.615344, 59.000000
7, 1, -47.151984, -23.575992, 59.000000
7, 1, -47.347629, -23.673814, 59.000000
7, 1, -47.101010, -23.550505, 59.000000
7, 1, -47.211065, -23.605533, 59.000000
7, 1, -47.142429, -23.571214, 59.000000
7, 1, -47.282489, -23.641245, 59.000000
7, 1, -47.239517, -23.619758, 59.000000
7, 1, -47.336397, -23.668199, 59.000000
7, 1, -47.276634, -23.638317, 59.000000
7, 1, -47.442982, -23.721491, 59.000000
7, 1, -47.410478, -23.705239, 59.000000
7, 1, -47.269210, -23.634605, 59.000000
7, 1, -47.293487, -23.646744, 59.000000
7, 1, -47.380408, -23.690204, 59.000000
7, 1, -47.304205, -23.652103, 59.000000
7, 1, -47.167419, -23.583709, 59.000000
7, 1, -47.113054, -23.556527, 59.000000
7, 1, -47.055119, -23.527560, 59.000000
7, 1, -47.107305, -23.553653, 59.000000
7, 1, -47.239058, -23.619529, 59.000000
7, 1, -47.157265, -23.578632, 59.000000
7, 1, -47.129836, -23.564918, 59.000000
7, 1, -47.211968, -23.605984, 59.000000
7, 1, -47.022077, -23.511038, 59.000000
7, 1, -47.032878, -23.516439, 59.000000
7, 1, -47.073679, -23.536839, 59.000000
7, 1, -46.924010, -23.462005, 59.000000
7, 1, -46.928383, -23.464191, 59.000000
7, 1, -46.721043, -23.360521, 59.000000
7, 1, -46.720232, -23.360116, 59.000000
7, 1, -46.698373, -23.349187, 59.000000
7, 1, -46.601987, -23.300993, 60.000000
7, 1, -46.653965, -23.326983, 60.000000
7, 1, -46.450406, -23.225203, 60.000000
7, 1, -46.497585, -23.248792, 60.000000
7, 1, -46.571123, -23.285561, 60.000000
7, 1, -46.431281, -23.215640, 60.000000
7, 1, -46.335132, -23.167566, 60.000000
7, 1, -46.342025, -23.171012, 60.000000
7, 1, -46.498239, -23.249120, 60.000000
7, 1, -46.274238, -23.137119, 60.000000
7, 1, -46.503263, -23.251631, 60.000000
7, 1, -46.022460, -23.011230, 60.000000
7, 1, -46.159776, -23.079888, 60.000000
7, 1, -46.107507, -23.053753, 60.000000
7, 1, -45.916078, -22.958039, 60.000000
7, 1, -46.132321, -23.066161, 60.000000
7, 1, -45.943270, -22.971635, 60.000000
7, 1, -46.139890, -23.069945, 60.000000
7, 1, -45.996713, -22.998357, 60.000000
7, 1, -46.002184, -23.001092, 60.000000
7, 1, -45.910387, -22.955193, 60.000000
7, 1, -46.272032, -23.136016, 60.000000
7, 1, -46.121057, -23.060528, 60.000000
6, 1, -20.842079, -10.421039, 87.000000
6, 1, -20.754400, -10.377200, 87.000000
6, 1, -20.582782, -10.291391, 87.000000
6, 1, -20.350252, -10.175126, 88.000000
6, 1, -20.163386, -10.081693, 88.000000
6, 1, -20.015726, -10.007863, 88.000000
6, 1, -19.855225, -9.927612, 88.000000
6, 1, -20.160940, -10.080470, 88.000000
6, 1, -20.051170, -10.025585, 88.000000
6, 1, -19.853074, -9.926537, 88.000000
6, 1, -19.736722, -9.868361, 88.000000
6, 1, -19.608871, -9.804435, 88.000000
6, 1, -19.504491, -9.752245, 89.000000
6, 1, -19.345027, -9.672514, 89.000000
6, 1, -19.125500, -9.562750, 89.000000
6, 1, -18.793378, -9.396689, 89.000000
6, 1, -18.615962, -9.307981, 90.000000
5, 1, -18.883022, -9.441511, 89.000000
5, 1, -18.634388, -9.317194, 90.000000
5, 1, -18.350466, -9.175233, 90.000000
5, 1, -18.200237, -9.100118, 90.000000
5, 1, -17.910347, -8.955173, 90.000000
5, 1, -17.887947, -8.943974, 90.000000
5, 1, -17.752595, -8.876298, 90.000000
5, 1, -17.734113, -8.867056, 90.000000
5, 1, -17.597597, -8.798799, 91.000000
5, 1, -17.501662, -8.750831, 91.000000
5, 1, -17.238327, -8.619164, 91.000000
5, 1, -17.141971, -8.570985, 91.000000
5, 1, -16.735168, -8.367584, 92.000000
5, 1, -16.699124, -8.349562, 92.000000
5, 1, -16.141507, -8.070753, 92.000000
6, 1, -16.181054, -8.090527, 92.000000
6, 1, -16.024343, -8.012171, 92.000000
6, 1, -15.817108, -7.908554, 93.000000
7, 1, -15.560409, -7.780204, 93.000000
6, 1, -15.484584, -7.742292, 93.000000
6, 1, -15.404169, -7.702084, 93.000000
6, 1, -15.195494, -7.597747, 93.000000
6, 1, -15.226658, -7.613329, 93.000000
6, 1, -15.123553, -7.561777, 93.000000
7, 1, -14.922253, -7.461126, 94.000000
6, 1, -14.863738, -7.431869, 94.000000
6, 1, -14.504669, -7.252335, 94.000000
7, 1, -14.463964, -7.231982, 94.000000
7, 1, -14.151563, -7.075782, 94.000000
7, 1, -14.519416, -7.259708, 94.000000
6, 1, -13.990636, -6.995318, 95.000000
6, 1, -13.963179, -6.981589, 95.000000
7, 1, -13.760191, -6.880095, 95.000000
6, 1, -13.034214, -6.517107, 96.000000
7, 1, -13.400851, -6.700425, 95.000000
7, 1, -13.729341, -6.864670, 95.000000
6, 1, -14.323478, -7.161739, 94.000000
5, 1, -39.975327, -19.987663, 67.000000
5, 1, -40.084559, -20.042280, 67.000000
5, 1, -40.257657, -20.128829, 66.000000
5, 1, -40.612513, -20.306257, 66.000000
6, 1, -40.937364, -20.468682, 66.000000
7, 1, -40.928182, -20.464091, 66.000000
7, 1, -42.028915, -21.014457, 64.000000
8, 1, -41.887583, -20.943792, 65.000000
7, 1, -42.181262, -21.090631, 64.000000
7, 1, -42.326108, -21.163054, 64.000000
6, 1, -41.947814, -20.973907, 65.000000
7, 1, -41.284058, -20.642029, 65.000000
7, 1, -40.592957, -20.296478, 66.000000
8, 1, -38.532937, -19.266469, 68.000000
6, 1, -24.843111, -12.421556, 83.000000
5, 1, -23.998570, -11.999285, 84.000000
5, 1, -23.103030, -11.551515, 85.000000
5, 1, -21.046573, -10.523287, 87.000000
5, 0, -19.997713, -9.998857, 88.000000
7, 0, -18.866371, -9.433185, 89.000000
6, 1, -18.016282, -9.008141, 90.000000
6, 1, -16.118596, -8.059298, 92.000000
7, 0, -15.477138, -7.738569, 93.000000
7, 0, -15.197326, -7.598663, 93.000000
7, 1, -14.811024, -7.405512, 94.000000
7, 1, -13.512400, -6.756200, 95.000000
6, 1, -12.868496, -6.434248, 96.000000
6, 1, -13.048914, -6.524457, 96.000000
6, 1, -12.541595, -6.270797, 96.000000
6, 1, -12.355910, -6.177955, 96.000000
6, 0, -12.028489, -6.014245, 97.000000
5, 0, -22.857586, -11.428793, 85.000000
5, 0, -22.739800, -11.369900, 85.000000
5, 0, -22.346413, -11.173206, 86.000000
5, 0, -22.362717, -11.181359, 86.000000
5, 0, -22.164732, -11.082366, 86.000000
5, 1, -21.881978, -10.940989, 86.000000
6, 1, -21.926928, -10.963464, 86.000000
6, 1, -21.900474, -10.950237, 86.000000
5, 1, -21.561177, -10.780588, 86.000000
5, 1, -21.022343, -10.511172, 87.000000
6, 1, -19.983382, -9.991691, 88.000000
6, 0, -18.620886, -9.310443, 90.000000
6, 0, -17.793246, -8.896623, 90.000000
6, 1, -16.002557, -8.001278, 92.000000
5, 1, -14.932787, -7.466394, 94.000000
5, 1, -13.879109, -6.939555, 95.000000
6, 1, -13.058255, -6.529128, 96.000000
5, 0, -12.133722, -6.066861, 96.000000
6, 0, -15.485397, -7.742698, 93.000000
6, 1, -15.341888, -7.670944, 93.000000
6, 1, -14.914187, -7.457094, 94.000000
6, 1, -14.183150, -7.091575, 94.000000
6, 1, -13.137033, -6.568516, 95.000000
6, 0, -12.152214, -6.076107, 96.000000
5, 0, 2.098946, 1.049473, 107.000000
5, 0, 2.856304, 1.428152, 106.000000
5, 0, 3.918731, 1.959365, 105.000000
6, 0, 4.414081, 2.207040, 105.000000
5, 0, 5.160114, 2.580057, 104.000000
6, 1, 5.699233, 2.849616, 103.000000
4, 1, -19.330078, -9.665039, 89.000000
4, 0, -19.478121, -9.739061, 89.000000
4, 0, -19.915763, -9.957881, 88.000000
4, 0, -20.369418, -10.184709, 88.000000
3, 0, -15.594381, -7.797190, 93.000000
4, 0, -21.809655, -10.904828, 86.000000
4, 0, -22.782051, -11.391025, 85.000000
4, 0, -23.275398, -11.637699, 85.000000
4, 0, -24.071570, -12.035785, 84.000000
4, 0, -24.206608, -12.103304, 84.000000
5, 0, -24.074998, -12.037499, 84.000000
4, 0, -23.990026, -11.995013, 84.000000
5, 0, -23.663843, -11.831922, 84.000000
4, 0, -27.580107, -13.790053, 80.000000
4, 0, -23.104702, -11.552351, 85.000000
4, 0, -22.393854, -11.196927, 86.000000
4, 0, -21.574343, -10.787172, 86.000000
5, 0, -21.089884, -10.544942, 87.000000
6, 0, -20.537307, -10.268654, 87.000000
6, 0, -19.885188, -9.942594, 88.000000
6, 0, -18.847453, -9.423726, 89.000000
6, 0, -18.485805, -9.242903, 90.000000
6, 0, -15.787090, -7.893545, 93.000000
6, 0, -15.539481, -7.769741, 93.000000
5, 0, -15.567590, -7.783795, 93.000000
6, 0, -14.728059, -7.364030, 94.000000
6, 0, -15.045599, -7.522799, 93.000000
6, 0, -14.613764, -7.306882, 94.000000
6, 0, -13.437423, -6.718712, 95.000000
6, 0, -13.112797, -6.556399, 95.000000
5, 0, 20.940902, 10.470451, 87.000000
5, 0, 22.399515, 11.199758, 86.000000
6, 0, 25.057074, 12.528537, 83.000000
6, 0, 26.502776, 13.251388, 81.000000
6, 0, 27.997509, 13.998754, 80.000000
6, 0, 29.380952, 14.690476, 78.000000
6, 0, 33.139464, 16.569732, 74.000000
6, 0, 34.645869, 17.322935, 72.000000
6, 0, 35.979218, 17.989609, 71.000000
6, 0, 37.069609, 18.534804, 70.000000
5, 0, 12.649477, 6.324739, 96.000000
5, 0, 12.824815, 6.412407, 96.000000
5, 0, 12.782090, 6.391045, 96.000000
6, 0, 12.442288, 6.221144, 96.000000
6, 0, 11.489851, 5.744926, 97.000000
6, 0, 10.597297, 5.298649, 98.000000
6, 0, 10.331622, 5.165811, 98.000000
6, 0, 9.606499, 4.803250, 99.000000
6, 0, 10.276825, 5.138413, 98.000000
6, 0, 11.052752, 5.526376, 98.000000
6, 0, 9.009929, 4.504964, 100.000000
6, 0, 9.833772, 4.916886, 99.000000
7, 0, 8.508889, 4.254444, 100.000000
7, 0, 8.138643, 4.069322, 101.000000
7, 0, 7.481751, 3.740876, 101.000000
7, 0, 7.406006, 3.703003, 102.000000
7, 0, 6.793281, 3.396641, 102.000000
7, 0, 6.583267, 3.291634, 102.000000
7, 0, 6.532709, 3.266355, 103.000000
7, 0, 6.416985, 3.208493, 103.000000
7, 0, 6.044316, 3.022158, 103.000000
7, 0, 6.262649, 3.131324, 103.000000
7, 0, 6.825363, 3.412681, 102.000000
6, 0, 26.508953, 13.254476, 81.000000
6, 0, 26.659968, 13.329984, 81.000000
6, 0, 26.396977, 13.198489, 81.000000
6, 0, 27.120661, 13.560331, 80.000000
6, 0, 27.347615, 13.673807, 80.000000
6, 0, 27.944447, 13.972223, 80.000000
6, 0, 28.615507, 14.307754, 79.000000
6, 0, 29.157902, 14.578951, 78.000000
7, 0, 29.295022, 14.647511, 78.000000
6, 0, 17.537526, 8.768763, 91.000000
7, 0, 17.031787, 8.515894, 91.000000
6, 0, 16.743093, 8.371547, 92.000000
7, 0, 16.211860, 8.105930, 92.000000
6, 0, 13.704849, 6.852424, 95.000000
6, 0, 12.422701, 6.211350, 96.000000
6, 0, 12.171099, 6.085549, 96.000000
7, 0, 11.418522, 5.709261, 97.000000
7, 0, 9.795894, 4.897947, 99.000000
7, 0, 9.802634, 4.901317, 99.000000
7, 0, 9.285502, 4.642751, 100.000000
7, 0, 8.375990, 4.187995, 101.000000
6, 0, -7.645677, -3.822839, 101.000000
6, 0, -8.742324, -4.371162, 100.000000
6, 0, -9.667258, -4.833629, 99.000000
6, 0, -10.815069, -5.407534, 98.000000
6, 0, -13.636222, -6.818111, 95.000000
6, 0, -15.109338, -7.554669, 93.000000
6, 0, -16.546813, -8.273406, 92.000000
6, 0, -17.722412, -8.861206, 91.000000
6, 0, -20.637495, -10.318747, 87.000000
6, 0, -21.735324, -10.867662, 86.000000
6, 0, -22.053809, -11.026905, 86.000000
6, 0, -22.756834, -11.378417, 85.000000
7, 0, -24.104129, -12.052064, 84.000000
8, 0, -24.622060, -12.311030, 83.000000
8, 0, -24.858440, -12.429220, 83.000000
8, 0, -25.067976, -12.533988, 83.000000
6, 0, 11.819639, 5.909820, 97.000000
5, 0, 13.640672, 6.820336, 95.000000
6, 0, 15.537157, 7.768579, 93.000000
6, 0, 17.206816, 8.603408, 91.000000
7, 0, 20.916476, 10.458238, 87.000000
5, 0, 8.813373, 4.406687, 100.000000
5, 0, 9.797379, 4.898690, 99.000000
4, 0, 11.742053, 5.871026, 97.000000
4, 0, 15.136124, 7.568062, 93.000000
4, 0, 17.031864, 8.515932, 91.000000
7, 0, 21.934791, 10.967395, 86.000000
7, 0, 21.116431, 10.558215, 87.000000
7, 0, 22.056672, 11.028336, 86.000000
6, 0, 22.492435, 11.246217, 85.000000
7, 0, 23.601540, 11.800770, 84.000000
7, 0, 24.634056, 12.317028, 83.000000
7, 0, 27.065315, 13.532657, 81.000000
7, 0, 27.624992, 13.812496, 80.000000
6, 0, 10.584954, 5.292477, 98.000000
6, 0, 10.137696, 5.068848, 99.000000
6, 0, 8.752180, 4.376090, 100.000000
5, 0, 7.954298, 3.977149, 101.000000
5, 0, 6.321672, 3.160836, 103.000000
5, 0, 5.272944, 2.636472, 104.000000
6, 0, 2.798640, 1.399320, 107.000000
6, 0, 1.757154, 0.878577, 108.000000
6, 0, 0.976367, 0.488184, 108.000000
6, 0, 0.362290, 0.181145, 109.000000
6, 0, -0.760330, -0.380165, 109.000000
6, 1, -1.203692, -0.601846, 108.000000
6, 1, -1.713163, -0.856581, 108.000000
6, 0, -2.298980, -1.149490, 107.000000
5, 0, -65.981970, -32.990985, 50.000000
5, 0, -70.023812, -35.011906, 50.000000
5, 0, -33.347892, -16.673946, 74.000000
5, 1, -34.794074, -17.397037, 72.000000
5, 1, -36.495208, -18.247604, 70.000000
5, 1, -37.733042, -18.866521, 69.000000
5, 1, -39.281365, -19.640682, 67.000000
5, 1, -40.229614, -20.114807, 66.000000
5, 1, -41.929021, -20.964511, 65.000000
5, 1, -42.355405, -21.177702, 64.000000
5, 1, -42.746302, -21.373151, 64.000000
5, 1, -42.902721, -21.451360, 64.000000
5, 1, -43.214523, -21.607262, 63.000000
5, 1, -42.442618, -21.221309, 64.000000
5, 1, -41.664733, -20.832367, 65.000000
5, 1, -41.841471, -20.920735, 65.000000
5, 1, -41.980233, -20.990117, 65.000000
6, 1, -41.900773, -20.950387, 65.000000
6, 1, -42.170940, -21.085470, 64.000000
6, 1, -41.792057, -20.896029, 65.000000
4, 1, -41.619628, -20.809814, 65.000000
4, 1, -40.517150, -20.258575, 66.000000
5, 1, -39.304949, -19.652474, 67.000000
6, 1, -38.328777, -19.164389, 68.000000
6, 1, -36.146098, -18.073049, 71.000000
6, 1, -35.294399, -17.647200, 72.000000
6, 1, -33.395405, -16.697702, 74.000000
7, 1, -32.784609, -16.392305, 74.000000
6, 1, -30.812976, -15.406488, 76.000000
7, 1, -29.250027, -14.625013, 78.000000
7, 1, -28.455217, -14.227608, 79.000000
7, 1, -27.875788, -13.937894, 80.000000
6, 1, -8.817741, -4.408871, 100.000000
6, 1, -7.126673, -3.563337, 102.000000
6, 1, -5.138574, -2.569287, 104.000000
6, 1, -3.199813, -1.599907, 106.000000
6, 1, 0.810347, 0.405173, 109.000000
7, 1, 2.879520, 1.439760, 106.000000
7, 1, 4.619650, 2.309825, 105.000000
6, 1, -15.650807, -7.825403, 93.000000
5, 1, -13.149234, -6.574617, 95.000000
4, 1, -12.633824, -6.316912, 96.000000
4, 1, -12.305497, -6.152748, 96.000000
4, 1, -12.269019, -6.134509, 96.000000
5, 1, -13.560958, -6.780479, 95.000000
5, 1, -13.746222, -6.873111, 95.000000
6, 1, -13.288940, -6.644470, 95.000000
6, 1, -13.879206, -6.939603, 95.000000
6, 1, -13.307094, -6.653547, 95.000000
5, 1, -13.237148, -6.618574, 95.000000
5, 1, -12.905838, -6.452919, 96.000000
5, 1, -12.620045, -6.310023, 96.000000
6, 1, -11.808219, -5.904110, 97.000000
6, 1, -11.570328, -5.785164, 97.000000
7, 1, -11.339799, -5.669900, 97.000000
7, 1, -10.109265, -5.054633, 99.000000
7, 1, -10.171416, -5.085708, 99.000000
7, 1, -9.275960, -4.637980, 100.000000
6, 1, -22.104700, -11.052350, 86.000000
7, 1, -22.504392, -11.252196, 85.000000
7, 1, -23.868128, -11.934064, 84.000000
5, 1, -24.655209, -12.327604, 83.000000
6, 1, -26.139076, -13.069538, 81.000000
4, 1, -27.548711, -13.774356, 80.000000
5, 1, -27.018653, -13.509327, 81.000000
4, 1, -26.865348, -13.432674, 81.000000
5, 1, -26.683946, -13.341973, 81.000000
5, 1, -26.024619, -13.012309, 82.000000
5, 1, -24.771596, -12.385798, 83.000000
6, 1, -24.216660, -12.108330, 84.000000
6, 1, -23.132146, -11.566073, 85.000000
6, 1, -22.370774, -11.185387, 86.000000
6, 1, -23.048536, -11.524268, 85.000000
6, 1, -22.390383, -11.195192, 86.000000
6, 1, -21.918303, -10.959151, 86.000000
6, 1, -21.337065, -10.668532, 87.000000
7, 1, -19.964428, -9.982214, 88.000000
7, 1, -19.372703, -9.686351, 89.000000
7, 1, -18.998016, -9.499008, 89.000000
7, 1, -18.272133, -9.136066, 90.000000
7, 1, -17.471105, -8.735553, 91.000000
7, 1, -16.875950, -8.437975, 91.000000
6, 1, -15.795528, -7.897764, 93.000000
7, 1, -15.443227, -7.721614, 93.000000
5, 1, -50.394349, -25.197174, 56.000000
5, 1, -52.598762, -26.299381, 53.000000
5, 1, -39.163208, -19.581604, 68.000000
4, 1, -39.175414, -19.587707, 68.000000
6, 1, -40.306442, -20.153221, 66.000000
6, 1, -40.609647, -20.304823, 66.000000
6, 1, -40.901125, -20.450563, 66.000000
6, 1, -41.272079, -20.636039, 65.000000
7, 1, -41.518552, -20.759276, 65.000000
7, 1, -41.998125, -20.999062, 65.000000
6, 1, -41.570323, -20.785162, 65.000000
6, 1, -41.240176, -20.620088, 65.000000
7, 1, -40.267218, -20.133609, 66.000000
7, 1, -39.984877, -19.992439, 67.000000
7, 1, -39.428705, -19.714353, 67.000000
7, 1, -38.998926, -19.499463, 68.000000
7, 0, -38.649704, -19.324852, 68.000000
7, 0, -38.133946, -19.066973, 69.000000
7, 0, -37.855996, -18.927998, 69.000000
7, 0, -38.332286, -19.166143, 68.000000
7, 1, -38.058642, -19.029321, 69.000000
7, 1, -38.536436, -19.268218, 68.000000
7, 1, -40.023861, -20.011931, 67.000000
6, 1, -41.402491, -20.701245, 65.000000
5, 1, -48.076022, -24.038011, 58.000000
5, 1, -47.504934, -23.752467, 59.000000
5, 1, -46.639885, -23.319943, 60.000000
5, 1, -46.544347, -23.272173, 60.000000
5, 1, -44.776340, -22.388170, 62.000000
5, 1, -44.313692, -22.156846, 62.000000
5, 1, -28.010889, -14.005444, 79.000000
5, 1, -26.405991, -13.202996, 81.000000
5, 1, -23.204228, -11.602114, 85.000000
5, 1, -21.759547, -10.879773, 86.000000
4, 1, -20.066798, -10.033399, 88.000000
4, 1, -18.458005, -9.229003, 90.000000
5, 1, -15.331850, -7.665925, 93.000000
4, 1, -13.726799, -6.863400, 95.000000
4, 0, -12.841834, -6.420917, 96.000000
6, 0, -12.102190, -6.051095, 97.000000
6, 0, -10.562213, -5.281106, 98.000000
6, 0, -9.867966, -4.933983, 99.000000
6, 0, -9.301922, -4.650961, 100.000000
6, 0, -8.521097, -4.260549, 100.000000
5, 0, -21.954872, -10.977436, 86.000000
5, 1, -21.598775, -10.799387, 86.000000
5, 1, -21.100903, -10.550452, 87.000000
5, 0, -20.639567, -10.319783, 87.000000
5, 0, -21.608740, -10.804370, 86.000000
5, 0, -21.559668, -10.779834, 86.000000
5, 0, -21.453238, -10.726619, 87.000000
5, 0, -21.027152, -10.513576, 87.000000
5, 0, -19.745683, -9.872841, 88.000000
5, 0, -19.013037, -9.506518, 89.000000
5, 0, -18.745126, -9.372563, 89.000000
5, 0, -17.869916, -8.934958, 90.000000
5, 0, -17.029903, -8.514951, 91.000000
6, 0, -16.405523, -8.202762, 92.000000
6, 0, -15.564659, -7.782329, 93.000000
7, 0, -14.321962, -7.160981, 94.000000
7, 0, -13.736366, -6.868183, 95.000000
7, 0, -13.015996, -6.507998, 96.000000
7, 0, -12.224555, -6.112278, 96.000000
7, 0, -11.574924, -5.787462, 97.000000
7, 0, -10.352896, -5.176448, 98.000000
7, 0, -9.702308, -4.851154, 99.000000
7, 0, -9.143797, -4.571898, 100.000000
6, 0, -7.648529, -3.824264, 101.000000
6, 0, 8.106068, 4.053034, 101.000000
6, 0, 9.446434, 4.723217, 99.000000
7, 0, 10.561129, 5.280565, 98.000000
6, 0, 14.856205, 7.428103, 94.000000
4, 0, 16.728475, 8.364238, 92.000000
6, 0, 17.406079, 8.703039, 91.000000
5, 0, 18.302396, 9.151198, 90.000000
6, 0, 19.090800, 9.545400, 89.000000
5, 0, 20.106574, 10.053287, 88.000000
6, 0, 20.418495, 10.209247, 88.000000
6, 0, 20.671728, 10.335864, 87.000000
5, 0, 20.654838, 10.327419, 87.000000
5, 0, 20.261074, 10.130537, 88.000000
6, 0, 19.985974, 9.992987, 88.000000
6, 0, 19.828052, 9.914026, 88.000000
5, 0, 19.443230, 9.721615, 89.000000
6, 0, 18.846655, 9.423327, 89.000000
5, 0, 18.697890, 9.348945, 89.000000
6, 0, 18.219064, 9.109532, 90.000000
5, 0, 17.835247, 8.917623, 90.000000
6, 0, 17.152468, 8.576234, 91.000000
6, 0, 16.947081, 8.473540, 91.000000
6, 0, 16.470249, 8.235124, 92.000000
6, 0, 15.955498, 7.977749, 92.000000
7, 0, 15.291990, 7.645995, 93.000000
7, 0, 15.099626, 7.549813, 93.000000
7, 0, 14.735485, 7.367742, 94.000000
7, 0, 14.703651, 7.351826, 94.000000
7, 0, 14.384584, 7.192292, 94.000000
7, 0, 14.202797, 7.101398, 94.000000
7, 0, 13.439208, 6.719604, 95.000000
7, 0, 12.664742, 6.332371, 96.000000
5, 0, 3.702081, 1.851040, 106.000000
4, 0, 2.927944, 1.463972, 106.000000
5, 0, 2.497175, 1.248588, 107.000000
5, 0, 1.828534, 0.914267, 108.000000
5, 0, 0.612079, 0.306039, 109.000000
5, 0, 0.123663, 0.061832, 109.000000
5, 0, -0.632343, -0.316172, 109.000000
5, 0, -1.040308, -0.520154, 108.000000
5, 0, -1.435169, -0.717584, 108.000000
6, 0, -1.303231, -0.651616, 108.000000
6, 0, -1.246548, -0.623274, 108.000000
6, 0, -1.761136, -0.880568, 108.000000
6, 0, -2.152933, -1.076467, 107.000000
6, 0, -2.118478, -1.059239, 107.000000
6, 0, -2.371161, -1.185581, 107.000000
7, 0, -1.980236, -0.990118, 107.000000
7, 0, -2.528888, -1.264444, 107.000000
7, 0, -2.207579, -1.103789, 107.000000
7, 0, -2.930471, -1.465236, 106.000000
6, 0, -21.704673, -10.852336, 86.000000
6, 0, -22.595268, -11.297634, 85.000000
6, 0, -22.380387, -11.190193, 86.000000
6, 0, -23.990830, -11.995415, 84.000000
6, 0, -24.684727, -12.342364, 83.000000
6, 0, -18.134893, -9.067447, 90.000000
6, 0, -19.052182, -9.526091, 89.000000
6, 0, -19.991083, -9.995542, 88.000000
6, 0, -20.651860, -10.325930, 87.000000
6, 0, -20.936490, -10.468245, 87.000000
6, 0, -20.486050, -10.243025, 88.000000
6, 0, -20.509251, -10.254625, 88.000000
6, 0, -19.386740, -9.693370, 89.000000
6, 0, -19.849327, -9.924663, 88.000000
7, 0, -19.489768, -9.744884, 89.000000
5, 0, -2.982121, -1.491061, 106.000000
5, 0, -1.728737, -0.864368, 108.000000
5, 0, 0.697509, 0.348755, 109.000000
5, 0, 2.217991, 1.108995, 107.000000
5, 0, 3.870501, 1.935251, 105.000000
5, 0, 4.751487, 2.375743, 104.000000
6, 0, 7.327577, 3.663788, 102.000000
7, 0, 8.416844, 4.208422, 100.000000
7, 0, 9.223525, 4.611762, 100.000000
6, 0, 9.483036, 4.741518, 99.000000
6, 0, 10.916620, 5.458310, 98.000000
6, 0, 11.466341, 5.733171, 97.000000
7, 0, 11.803272, 5.901636, 97.000000
7, 0, 11.998118, 5.999059, 97.000000
6, 0, 12.702148, 6.351074, 96.000000
6, 0, 12.856906, 6.428453, 96.000000
6, 0, 13.203171, 6.601586, 95.000000
6, 0, 12.602855, 6.301427, 96.000000
5, 0, 3.154697, 1.577348, 106.000000
6, 0, 2.521506, 1.260753, 107.000000
5, 0, 1.964156, 0.982078, 107.000000
4, 0, 3.395604, 1.697802, 106.000000
6, 0, 2.634874, 1.317437, 107.000000
5, 0, 1.984397, 0.992198, 107.000000
5, 0, 1.187719, 0.593859, 108.000000
5, 0, 1.146711, 0.573356, 108.000000
5, 0, 1.186029, 0.593015, 108.000000
6, 0, 1.111305, 0.555653, 108.000000
6, 0, 1.186007, 0.593004, 108.000000
6, 0, 1.102414, 0.551207, 108.000000
7, 0, 1.368054, 0.684027, 108.000000
7, 0, 1.468504, 0.734252, 108.000000
6, 0, 1.156747, 0.578374, 108.000000
6, 0, 1.450778, 0.725389, 108.000000
6, 0, 1.089454, 0.544727, 108.000000
6, 0, 1.388299, 0.694149, 108.000000
5, 0, 1.895836, 0.947918, 107.000000
5, 0, 1.588028, 0.794014, 108.000000
4, 0, 11.852840, 5.926420, 97.000000
4, 0, -16.798708, -8.399354, 92.000000
4, 0, -17.398403, -8.699201, 91.000000
4, 0, -17.694870, -8.847435, 91.000000
5, 0, -18.960233, -9.480117, 89.000000
6, 0, -19.426944, -9.713472, 89.000000
6, 1, -20.344334, -10.172167, 88.000000
5, 1, -20.733179, -10.366589, 87.000000
5, 1, -21.674939, -10.837470, 86.000000
5, 1, -22.124327, -11.062164, 86.000000
5, 1, -21.911648, -10.955824, 86.000000
5, 1, -21.405055, -10.702527, 87.000000
6, 1, -20.373067, -10.186533, 88.000000
6, 1, -20.410922, -10.205461, 88.000000
7, 1, -19.689246, -9.844623, 88.000000
7, 1, -19.259939, -9.629969, 89.000000
7, 1, -16.910225, -8.455113, 91.000000
6, 1, -19.585722, -9.792861, 89.000000
6, 1, -19.222007, -9.611004, 89.000000
6, 1, -18.893558, -9.446779, 89.000000
6, 1, -18.168117, -9.084058, 90.000000
6, 1, -18.181010, -9.090505, 90.000000
6, 1, -28.542797, -14.271399, 79.000000
6, 1, -27.933222, -13.966611, 80.000000
5, 1, -26.952688, -13.476344, 81.000000
5, 1, -26.637878, -13.318939, 81.000000
6, 1, -26.344184, -13.172092, 81.000000
6, 1, -24.364132, -12.182066, 83.000000
6, 1, -24.254417, -12.127208, 84.000000
5, 1, -22.613240, -11.306620, 85.000000
6, 1, -24.244704, -12.122352, 84.000000
6, 1, -23.353219, -11.676610, 84.000000
7, 1, -21.828568, -10.914284, 86.000000
7, 1, -20.447301, -10.223651, 88.000000
7, 1, -19.523633, -9.761817, 89.000000
6, 1, -19.228588, -9.614294, 89.000000
6, 1, -17.402407, -8.701204, 91.000000
7, 1, -16.736664, -8.368332, 92.000000
7, 1, -16.137351, -8.068675, 92.000000
7, 1, -15.110625, -7.555313, 93.000000
7, 1, -12.320498, -6.160249, 96.000000
5, 1, -19.534394, -9.767197, 89.000000
5, 1, -19.471858, -9.735929, 89.000000
5, 1, -19.641570, -9.820785, 88.000000
5, 1, -21.387003, -10.693502, 87.000000
4, 1, -20.961199, -10.480599, 87.000000
4, 1, -20.569119, -10.284560, 87.000000
4, 1, -20.338858, -10.169429, 88.000000
6, 1, -19.826580, -9.913290, 88.000000
6, 1, -19.406003, -9.703002, 89.000000
6, 1, -19.127975, -9.563987, 89.000000
6, 1, -18.591883, -9.295941, 90.000000
6, 1, -17.144066, -8.572033, 91.000000
5, 1, -16.304186, -8.152093, 92.000000
6, 1, -15.638987, -7.819494, 93.000000
6, 1, -14.853215, -7.426607, 94.000000
6, 1, -13.376828, -6.688414, 95.000000
6, 1, -12.850625, -6.425313, 96.000000
7, 1, -12.047855, -6.023927, 97.000000
6, 1, -11.204102, -5.602051, 97.000000
7, 1, -9.722986, -4.861493, 99.000000
7, 1, -8.953862, -4.476931, 100.000000
7, 1, -8.304329, -4.152164, 101.000000
7, 1, -6.958033, -3.479017, 102.000000
7, 1, -7.335745, -3.667872, 102.000000
6, 1, -27.214580, -13.607290, 80.000000
6, 1, -25.059634, -12.529817, 83.000000
7, 1, -25.168561, -12.584280, 83.000000
6, 1, -25.826908, -12.913454, 82.000000
7, 1, -26.153141, -13.076571, 81.000000
6, 1, -26.444787, -13.222393, 81.000000
7, 1, -26.770150, -13.385075, 81.000000
7, 1, -27.800503, -13.900252, 80.000000
8, 1, -27.960265, -13.980133, 80.000000
8, 1, -27.923387, -13.961693, 80.000000
6, 1, -27.306554, -13.653277, 80.000000
6, 1, -26.560458, -13.280229, 81.000000
6, 1, -26.134747, -13.067373, 81.000000
6, 1, -25.244232, -12.622116, 82.000000
6, 1, -25.136742, -12.568371, 83.000000
8, 1, -23.397512, -11.698756, 84.000000
9, 1, -23.089703, -11.544851, 85.000000
8, 1, -24.806442, -12.403221, 83.000000
8, 1, -24.035835, -12.017917, 84.000000
7, 1, -18.829707, -9.414853, 89.000000
7, 1, -17.691078, -8.845539, 91.000000
7, 1, -16.927245, -8.463622, 91.000000
7, 1, -16.326379, -8.163189, 92.000000
7, 1, -14.739876, -7.369938, 94.000000
7, 1, -13.709236, -6.854618, 95.000000
6, 1, -12.778909, -6.389455, 96.000000
7, 1, -11.943203, -5.971602, 97.000000
7, 1, -9.617967, -4.808984, 99.000000
7, 1, -9.564661, -4.782330, 99.000000
8, 1, -8.973457, -4.486728, 100.000000
8, 0, -8.399795, -4.199898, 101.000000
8, 0, -6.401359, -3.200679, 103.000000
6, 0, -6.855199, -3.427600, 102.000000
7, 0, -5.532747, -2.766373, 104.000000
8, 0, -5.567052, -2.783526, 104.000000
7, 0, -4.611556, -2.305778, 105.000000
7, 0, -3.896362, -1.948181, 105.000000
7, 0, -3.593308, -1.796654, 106.000000
7, 0, -2.887682, -1.443841, 106.000000
6, 0, -12.978008, -6.489004, 96.000000
6, 0, -12.959412, -6.479706, 96.000000
4, 0, -11.423686, -5.711843, 97.000000
4, 0, -11.300896, -5.650448, 97.000000
4, 0, -11.526260, -5.763130, 97.000000
6, 0, -13.062779, -6.531390, 96.000000
6, 0, -13.223352, -6.611676, 95.000000
6, 1, -13.120567, -6.560283, 95.000000
6, 1, -12.036964, -6.018482, 97.000000
7, 1, -11.245729, -5.622864, 97.000000
9, 1, -11.972462, -5.986231, 97.000000
8, 1, -11.467512, -5.733756, 97.000000
7, 1, -11.062207, -5.531103, 98.000000
8, 1, -10.783562, -5.391781, 98.000000
9, 1, -10.421198, -5.210599, 98.000000
8, 1, -8.795059, -4.397529, 100.000000
8, 1, -7.510795, -3.755398, 101.000000
7, 1, -31.793804, -15.896902, 75.000000
7, 1, -35.173786, -17.586893, 72.000000
7, 1, -39.331196, -19.665598, 67.000000
7, 1, -28.275256, -14.137628, 79.000000
7, 1, -28.828212, -14.414106, 79.000000
7, 1, -29.486740, -14.743370, 78.000000
7, 1, -30.426456, -15.213228, 77.000000
6, 1, -31.325007, -15.662503, 76.000000
7, 1, -31.109721, -15.554860, 76.000000
6, 1, -30.640421, -15.320210, 77.000000
7, 1, -30.433741, -15.216871, 77.000000
7, 1, -28.982496, -14.491248, 78.000000
6, 1, -45.943844, -22.971922, 60.000000
6, 1, -47.163730, -23.581865, 59.000000
6, 1, -47.705140, -23.852570, 58.000000
7, 1, -49.404818, -24.702409, 57.000000
6, 1, -24.095960, -12.047980, 84.000000
6, 1, -23.080243, -11.540122, 85.000000
6, 1, -21.954972, -10.977486, 86.000000
5, 1, -18.948234, -9.474117, 89.000000
5, 1, -16.885765, -8.442882, 91.000000
5, 1, -14.950624, -7.475312, 93.000000
5, 1, -12.485737, -6.242869, 96.000000
5, 1, -8.391118, -4.195559, 101.000000
6, 1, -7.266987, -3.633494, 102.000000
6, 1, -5.902572, -2.951286, 103.000000
6, 1, -4.580946, -2.290473, 105.000000
7, 1, -2.310257, -1.155128, 107.000000
6, 1, -1.043624, -0.521812, 108.000000
6, 1, 0.590129, 0.295065, 109.000000
7, 1, 1.346899, 0.673450, 108.000000
6, 1, 3.935544, 1.967772, 105.000000
7, 1, 4.335080, 2.167540, 105.000000
6, 1, -32.100008, -16.050004, 75.000000
6, 1, -32.977170, -16.488585, 74.000000
6, 1, -34.183720, -17.091860, 73.000000
6, 1, -35.466132, -17.733066, 72.000000
8, 1, -36.061975, -18.030988, 71.000000
6, 1, -37.720125, -18.860063, 69.000000
7, 1, -40.840394, -20.420197, 66.000000
7, 1, -41.546981, -20.773491, 65.000000
5, 1, -30.307394, -15.153697, 77.000000
5, 1, -30.732862, -15.366431, 77.000000
5, 1, -31.423176, -15.711588, 76.000000
5, 1, -31.582407, -15.791203, 76.000000
6, 1, -31.410058, -15.705029, 76.000000
6, 1, -30.866145, -15.433073, 76.000000
6, 1, -29.503042, -14.751521, 78.000000
6, 1, -28.875805, -14.437903, 79.000000
6, 1, -28.088920, -14.044460, 79.000000
7, 1, -27.630890, -13.815445, 80.000000
6, 0, -26.889487, -13.444744, 81.000000
7, 0, -26.417242, -13.208621, 81.000000
5, 1, -30.937687, -15.468844, 76.000000
5, 1, -30.645908, -15.322954, 77.000000
5, 1, -28.941206, -14.470603, 78.000000
5, 1, -27.752058, -13.876029, 80.000000
5, 1, -27.079148, -13.539574, 80.000000
5, 1, -26.409620, -13.204810, 81.000000
5, 1, -24.868348, -12.434174, 83.000000
4, 1, -22.913317, -11.456659, 85.000000
6, 1, -21.739723, -10.869862, 86.000000
6, 1, -22.627030, -11.313515, 85.000000
5, 0, -20.335086, -10.167543, 88.000000
5, 0, -18.960508, -9.480254, 89.000000
5, 0, -19.194311, -9.597156, 89.000000
6, 0, -18.625434, -9.312717, 90.000000
6, 0, -17.013900, -8.506950, 91.000000
6, 0, -16.345304, -8.172652, 92.000000
6, 0, -15.358926, -7.679463, 93.000000
6, 1, -14.143259, -7.071630, 94.000000
5, 1, 3.268459, 1.634229, 106.000000
5, 1, 4.262465, 2.131233, 105.000000
5, 1, 5.329608, 2.664804, 104.000000
5, 1, 6.662044, 3.331022, 102.000000
5, 1, -16.562504, -8.281252, 92.000000
5, 0, -16.252429, -8.126214, 92.000000
5, 0, -16.207678, -8.103839, 92.000000
5, 0, -16.566178, -8.283089, 92.000000
5, 0, -17.282224, -8.641112, 91.000000
6, 0, -17.729212, -8.864606, 91.000000
6, 0, -18.590555, -9.295278, 90.000000
6, 0, -19.067660, -9.533830, 89.000000
6, 0, -20.607323, -10.303661, 87.000000
6, 0, -19.825704, -9.912852, 88.000000
6, 0, -21.144692, -10.572346, 87.000000
5, 0, -21.339944, -10.669972, 87.000000
5, 0, -20.865557, -10.432779, 87.000000
6, 0, -20.615162, -10.307581, 87.000000
6, 0, -20.280750, -10.140375, 88.000000
5, 0, -19.923796, -9.961898, 88.000000
7, 0, -18.674431, -9.337215, 89.000000
7, 0, -18.204868, -9.102434, 90.000000
6, 0, -17.738616, -8.869308, 90.000000
7, 0, -17.197700, -8.598850, 91.000000
7, 0, -14.686790, -7.343395, 94.000000
6, 0, -14.672906, -7.336453, 94.000000
7, 0, -14.695354, -7.347677, 94.000000
7, 0, -13.838078, -6.919039, 95.000000
5, 0, -13.170250, -6.585125, 95.000000
7, 0, -12.720507, -6.360254, 96.000000
7, 0, -12.208538, -6.104269, 96.000000
6, 0, 21.631084, 10.815542, 86.000000
7, 0, 24.759533, 12.379766, 83.000000
7, 0, 26.185215, 13.092607, 81.000000
8, 0, 27.724153, 13.862076, 80.000000
8, 0, 29.344796, 14.672398, 78.000000
8, 0, 33.014065, 16.507032, 74.000000
8, 0, 34.802645, 17.401322, 72.000000
8, 0, 36.146182, 18.073091, 71.000000
7, 0, 12.234536, 6.117268, 96.000000
7, 0, 12.709678, 6.354839, 96.000000
7, 0, 12.643413, 6.321706, 96.000000
6, 0, 12.380054, 6.190027, 96.000000
7, 0, 12.013904, 6.006952, 97.000000
7, 0, 10.589556, 5.294778, 98.000000
7, 0, 12.255032, 6.127516, 96.000000
7, 0, 12.013468, 6.006734, 97.000000
7, 0, 11.492850, 5.746425, 97.000000
7, 0, 9.029807, 4.514903, 100.000000
7, 0, 8.327717, 4.163859, 101.000000
7, 0, 8.983955, 4.491977, 100.000000
6, 0, 8.451010, 4.225505, 100.000000
7, 0, 7.362932, 3.681466, 102.000000
7, 0, 6.628857, 3.314429, 102.000000
7, 0, 5.963661, 2.981831, 103.000000
7, 0, 5.510184, 2.755092, 104.000000
7, 0, 5.146406, 2.573203, 104.000000
7, 0, 4.910624, 2.455312, 104.000000
7, 0, 4.720144, 2.360072, 104.000000
7, 0, 4.337899, 2.168949, 105.000000
7, 0, 5.147593, 2.573797, 104.000000
6, 0, 25.395017, 12.697508, 82.000000
6, 0, 25.447974, 12.723987, 82.000000
6, 0, 25.580864, 12.790432, 82.000000
6, 0, 25.893452, 12.946726, 82.000000
6, 0, 26.042669, 13.021335, 82.000000
6, 0, 26.490280, 13.245140, 81.000000
6, 0, 27.312732, 13.656366, 80.000000
7, 0, 28.832380, 14.416190, 79.000000
7, 0, 28.903302, 14.451651, 79.000000
5, 0, 18.786543, 9.393272, 89.000000
7, 0, 18.540012, 9.270006, 90.000000
6, 0, 18.446618, 9.223309, 90.000000
6, 0, 17.893597, 8.946798, 90.000000
7, 0, 16.305772, 8.152886, 92.000000
7, 0, 15.141916, 7.570958, 93.000000
7, 0, 15.990590, 7.995295, 92.000000
7, 0, 15.433284, 7.716642, 93.000000
7, 0, 13.257218, 6.628609, 95.000000
7, 0, 12.737581, 6.368791, 96.000000
7, 0, 13.391225, 6.695613, 95.000000
7, 0, 11.968655, 5.984328, 97.000000
6, 0, -6.508708, -3.254354, 103.000000
6, 0, -7.289852, -3.644926, 102.000000
6, 0, -10.577261, -5.288631, 98.000000
6, 0, -11.805617, -5.902809, 97.000000
6, 0, -13.618881, -6.809440, 95.000000
6, 0, -15.189940, -7.594970, 93.000000
6, 0, -17.995139, -8.997569, 90.000000
6, 0, -19.973416, -9.986708, 88.000000
6, 0, -21.177385, -10.588692, 87.000000
6, 0, -22.301694, -11.150847, 86.000000
6, 0, -23.884915, -11.942458, 84.000000
6, 0, -24.839837, -12.419919, 83.000000
7, 0, -25.573792, -12.786896, 82.000000
8, 0, -26.173265, -13.086633, 81.000000
8, 0, -26.301821, -13.150910, 81.000000
7, 0, 10.040576, 5.020288, 99.000000
6, 0, 11.873946, 5.936973, 97.000000
6, 0, 13.552663, 6.776331, 95.000000
6, 0, 17.127948, 8.563974, 91.000000
6, 0, 19.081306, 9.540653, 89.000000
6, 0, 6.954517, 3.477258, 102.000000
4, 0, 7.811502, 3.905751, 101.000000
4, 0, 11.898858, 5.949429, 97.000000
4, 0, 13.839219, 6.919609, 95.000000
4, 0, 17.802499, 8.901249, 90.000000
7, 0, 19.274863, 9.637432, 89.000000
7, 0, 21.495629, 10.747815, 86.000000
7, 0, 21.978156, 10.989078, 86.000000
6, 0, 22.286187, 11.143093, 86.000000
7, 0, 22.873037, 11.436518, 85.000000
7, 0, 25.062621, 12.531311, 83.000000
7, 0, 26.218070, 13.109035, 81.000000
7, 0, 27.433724, 13.716862, 80.000000
7, 0, 28.270707, 14.135354, 79.000000
6, 0, 9.303696, 4.651848, 100.000000
6, 0, 8.613411, 4.306706, 100.000000
6, 0, 7.625610, 3.812805, 101.000000
5, 0, 6.729387, 3.364694, 102.000000
5, 0, 4.695014, 2.347507, 104.000000
6, 0, 3.384761, 1.692381, 106.000000
6, 0, 2.199980, 1.099990, 107.000000
6, 0, 0.965615, 0.482808, 108.000000
6, 0, -0.020831, -0.010416, 109.000000
6, 0, 0.442792, 0.221396, 109.000000
6, 1, -0.865133, -0.432567, 109.000000
6, 1, -1.631091, -0.815545, 108.000000
6, 1, -2.386638, -1.193319, 107.000000
6, 1, -1.587385, -0.793692, 108.000000
5, 0, -67.116698, -33.558349, 50.000000
5, 0, -71.355119, -35.677560, 50.000000
5, 1, -34.435949, -17.217975, 73.000000
5, 1, -35.580316, -17.790158, 71.000000
5, 1, -36.630734, -18.315367, 70.000000
5, 1, -37.805450, -18.902725, 69.000000
5, 1, -40.185186, -20.092593, 66.000000
5, 1, -41.282636, -20.641318, 65.000000
5, 1, -41.881465, -20.940732, 65.000000
5, 1, -42.041409, -21.020704, 64.000000
5, 1, -42.631300, -21.315650, 64.000000
5, 1, -42.653751, -21.326876, 64.000000
5, 1, -42.501833, -21.250917, 64.000000
5, 1, -41.747886, -20.873943, 65.000000
5, 1, -41.193284, -20.596642, 65.000000
6, 1, -41.159137, -20.579568, 65.000000
5, 1, -41.159944, -20.579972, 65.000000
6, 1, -40.977960, -20.488980, 66.000000
7, 1, -41.278753, -20.639376, 65.000000
5, 1, -42.382350, -21.191175, 64.000000
4, 1, -41.183804, -20.591902, 65.000000
4, 1, -40.140047, -20.070024, 66.000000
6, 1, -37.941322, -18.970661, 69.000000
6, 1, -37.006769, -18.503384, 70.000000
6, 1, -35.875119, -17.937559, 71.000000
6, 1, -34.875866, -17.437933, 72.000000
6, 1, -32.680035, -16.340017, 74.000000
7, 1, -29.597600, -14.798800, 78.000000
6, 1, -30.473397, -15.236698, 77.000000
7, 1, -28.994746, -14.497373, 78.000000
7, 1, -27.528996, -13.764498, 80.000000
7, 1, -26.229446, -13.114723, 81.000000
6, 1, -8.547586, -4.273793, 100.000000
6, 1, -6.839026, -3.419513, 102.000000
6, 1, -3.207534, -1.603767, 106.000000
6, 1, -1.513673, -0.756836, 108.000000
6, 1, 0.387556, 0.193778, 109.000000
7, 1, 2.396614, 1.198307, 107.000000
6, 1, -16.086433, -8.043217, 92.000000
5, 1, -14.375472, -7.187736, 94.000000
5, 1, -13.804005, -6.902003, 95.000000
5, 1, -13.427430, -6.713715, 95.000000
4, 1, -13.342598, -6.671299, 95.000000
4, 1, -13.495433, -6.747717, 95.000000
5, 1, -13.735947, -6.867973, 95.000000
6, 1, -15.120582, -7.560291, 93.000000
6, 1, -14.357556, -7.178778, 94.000000
6, 1, -14.395616, -7.197808, 94.000000
6, 1, -14.626454, -7.313227, 94.000000
5, 1, -14.366350, -7.183175, 94.000000
5, 1, -14.008756, -7.004378, 94.000000
6, 1, -13.676718, -6.838359, 95.000000
6, 1, -13.007948, -6.503974, 96.000000
6, 1, -12.416730, -6.208365, 96.000000
7, 1, -10.673309, -5.336654, 98.000000
7, 1, -10.945687, -5.472843, 98.000000
7, 1, -11.045074, -5.522537, 98.000000
7, 1, -10.547922, -5.273961, 98.000000
6, 1, -23.059608, -11.529804, 85.000000
7, 1, -23.288757, -11.644378, 85.000000
6, 1, -24.101602, -12.050801, 84.000000
6, 1, -24.946452, -12.473226, 83.000000
5, 1, -27.656026, -13.828013, 80.000000
4, 1, -27.512162, -13.756081, 80.000000
4, 1, -27.570581, -13.785291, 80.000000
4, 1, -27.355014, -13.677507, 80.000000
5, 1, -25.914939, -12.957470, 82.000000
5, 1, -25.429345, -12.714673, 82.000000
5, 1, -24.765497, -12.382749, 83.000000
5, 1, -24.019669, -12.009834, 84.000000
5, 1, -22.541650, -11.270825, 85.000000
5, 1, -21.576337, -10.788169, 86.000000
5, 1, -23.040412, -11.520206, 85.000000
6, 1, -22.259765, -11.129882, 86.000000
6, 1, -20.948231, -10.474115, 87.000000
7, 1, -20.199351, -10.099676, 88.000000
7, 1, -19.470876, -9.735438, 89.000000
7, 1, -19.097721, -9.548861, 89.000000
7, 1, -17.877398, -8.938699, 90.000000
7, 1, -17.156047, -8.578024, 91.000000
6, 1, -16.899424, -8.449712, 91.000000
7, 1, -16.344999, -8.172500, 92.000000
6, 1, -14.498564, -7.249282, 94.000000
7, 1, -14.464863, -7.232432, 94.000000
7, 1, -13.209852, -6.604926, 95.000000
5, 1, -49.669514, -24.834757, 56.000000
4, 1, -38.329752, -19.164876, 68.000000
5, 1, -38.885137, -19.442569, 68.000000
6, 1, -38.938922, -19.469461, 68.000000
6, 1, -39.285535, -19.642767, 67.000000
6, 1, -40.327795, -20.163897, 66.000000
6, 1, -40.430428, -20.215214, 66.000000
7, 1, -40.923383, -20.461691, 66.000000
7, 1, -40.226460, -20.113230, 66.000000
5, 1, -39.946880, -19.973440, 67.000000
6, 1, -39.421695, -19.710847, 67.000000
7, 1, -38.951500, -19.475750, 68.000000
7, 1, -38.522004, -19.261002, 68.000000
7, 1, -37.673302, -18.836651, 69.000000
7, 1, -37.079419, -18.539709, 70.000000
7, 1, -36.918142, -18.459071, 70.000000
7, 1, -36.520194, -18.260097, 70.000000
7, 1, -35.781969, -17.890984, 71.000000
7, 1, -33.922001, -16.961001, 73.000000
7, 1, -35.830788, -17.915394, 71.000000
7, 1, -35.843757, -17.921878, 71.000000
7, 1, -37.491731, -18.745866, 69.000000
6, 1, -38.847668, -19.423834, 68.000000
5, 1, -48.358421, -24.179210, 58.000000
5, 1, -47.947992, -23.973996, 58.000000
5, 1, -47.070763, -23.535381, 59.000000
5, 1, -46.273839, -23.136920, 60.000000
5, 1, -46.054167, -23.027083, 60.000000
5, 1, -45.530660, -22.765330, 61.000000
5, 1, -29.105570, -14.552785, 78.000000
5, 1, -27.371415, -13.685708, 80.000000
5, 1, -25.268222, -12.634111, 82.000000
5, 1, -24.012376, -12.006188, 84.000000
5, 1, -21.161554, -10.580777, 87.000000
4, 1, -19.365007, -9.682504, 89.000000
6, 1, -17.705300, -8.852650, 91.000000
5, 1, -16.081286, -8.040643, 92.000000
5, 0, -12.526615, -6.263308, 96.000000
5, 0, -11.601528, -5.800764, 97.000000
6, 0, -10.526412, -5.263206, 98.000000
6, 0, -9.831721, -4.915860, 99.000000
6, 0, -7.910297, -3.955148, 101.000000
6, 0, -7.094781, -3.547390, 102.000000
6, 0, -6.724595, -3.362298, 102.000000
5, 0, -21.709356, -10.854678, 86.000000
5, 1, -20.652773, -10.326387, 87.000000
5, 1, -20.252547, -10.126274, 88.000000
5, 0, -19.957548, -9.978774, 88.000000
5, 0, -20.564391, -10.282196, 87.000000
5, 0, -20.529762, -10.264881, 88.000000
5, 0, -20.804735, -10.402368, 87.000000
5, 0, -20.629064, -10.314532, 87.000000
5, 0, -19.681858, -9.840929, 88.000000
5, 0, -18.590863, -9.295432, 90.000000
5, 0, -18.296110, -9.148055, 90.000000
5, 0, -17.673049, -8.836524, 91.000000
6, 0, -17.090281, -8.545141, 91.000000
6, 0, -16.264213, -8.132106, 92.000000
6, 0, -15.648699, -7.824349, 93.000000
7, 0, -14.421454, -7.210727, 94.000000
7, 0, -13.977248, -6.988624, 95.000000
7, 0, -13.270552, -6.635276, 95.000000
7, 0, -12.448365, -6.224182, 96.000000
7, 0, -11.692922, -5.846461, 97.000000
7, 0, -11.338096, -5.669048, 97.000000
7, 0, -10.266947, -5.133473, 98.000000
7, 0, -9.252335, -4.626167, 100.000000
7, 0, -8.010978, -4.005489, 101.000000
6, 0, 6.548738, 3.274369, 102.000000
5, 0, 8.844675, 4.422337, 100.000000
7, 0, 10.284746, 5.142373, 98.000000
6, 0, 14.213463, 7.106732, 94.000000
6, 0, 15.145098, 7.572549, 93.000000
5, 0, 16.788992, 8.394496, 92.000000
4, 0, 17.389908, 8.694954, 91.000000
4, 0, 17.816728, 8.908364, 90.000000
6, 0, 18.172049, 9.086024, 90.000000
6, 0, 18.291439, 9.145720, 90.000000
6, 0, 18.330390, 9.165195, 90.000000
6, 0, 18.227217, 9.113609, 90.000000
6, 0, 18.127863, 9.063932, 90.000000
6, 0, 17.736346, 8.868173, 90.000000
7, 0, 17.494138, 8.747069, 91.000000
7, 0, 17.033923, 8.516961, 91.000000
6, 0, 16.891241, 8.445620, 91.000000
6, 0, 16.126195, 8.063097, 92.000000
6, 0, 15.995519, 7.997759, 92.000000
6, 0, 15.632052, 7.816026, 93.000000
7, 0, 15.344010, 7.672005, 93.000000
7, 0, 15.170751, 7.585375, 93.000000
6, 0, 14.807041, 7.403520, 94.000000
7, 0, 14.155935, 7.077968, 94.000000
7, 0, 14.076249, 7.038124, 94.000000
9, 0, 13.574780, 6.787390, 95.000000
8, 0, 13.174493, 6.587246, 95.000000
8, 0, 13.069132, 6.534566, 95.000000
7, 0, 12.644470, 6.322235, 96.000000
7, 0, 12.556539, 6.278269, 96.000000
7, 0, 11.905796, 5.952898, 97.000000
7, 0, 10.742966, 5.371483, 98.000000
6, 0, -7.661355, -3.830677, 101.000000
4, 0, 2.644344, 1.322172, 107.000000
4, 0, 2.198104, 1.099052, 107.000000
4, 0, 1.417856, 0.708928, 108.000000
4, 0, 0.933293, 0.466647, 109.000000
5, 0, 0.077924, 0.038962, 109.000000
5, 0, -0.634450, -0.317225, 109.000000
5, 0, -1.177716, -0.588858, 108.000000
5, 0, -1.447206, -0.723603, 108.000000
6, 0, -1.443358, -0.721679, 108.000000
6, 0, -1.582498, -0.791249, 108.000000
6, 0, -1.744168, -0.872084, 108.000000
6, 0, -1.711598, -0.855799, 108.000000
6, 0, -2.116907, -1.058453, 107.000000
6, 0, -2.260036, -1.130018, 107.000000
7, 0, -2.054372, -1.027186, 107.000000
6, 0, -1.946710, -0.973355, 107.000000
7, 0, -2.271736, -1.135868, 107.000000
7, 0, -2.738546, -1.369273, 107.000000
6, 0, -20.808988, -10.404494, 87.000000
6, 0, -21.276055, -10.638028, 87.000000
5, 0, -22.017738, -11.008869, 86.000000
6, 0, -23.513584, -11.756792, 84.000000
6, 0, -23.896169, -11.948084, 84.000000
7, 0, -24.771523, -12.385762, 83.000000
6, 0, -18.387226, -9.193613, 90.000000
6, 0, -18.714742, -9.357371, 89.000000
6, 0, -18.540808, -9.270404, 90.000000
6, 0, -18.601911, -9.300956, 90.000000
6, 0, -17.338145, -8.669072, 91.000000
6, 0, -15.398940, -7.699470, 93.000000
6, 0, -16.098418, -8.049209, 92.000000
6, 0, -15.934408, -7.967204, 92.000000
7, 0, -15.001679, -7.500839, 93.000000
6, 0, -0.615337, -0.307668, 109.000000
5, 0, 0.435526, 0.217763, 109.000000
5, 0, 1.587325, 0.793663, 108.000000
5, 0, 3.889239, 1.944619, 105.000000
5, 0, 5.170629, 2.585314, 104.000000
5, 0, 6.702376, 3.351188, 102.000000
6, 0, 7.572844, 3.786422, 101.000000
7, 0, 9.477460, 4.738730, 99.000000
6, 0, 10.244085, 5.122042, 99.000000
5, 0, 10.472082, 5.236041, 98.000000
5, 0, 10.858956, 5.429478, 98.000000
6, 0, 12.252120, 6.126060, 96.000000
7, 0, 12.381670, 6.190835, 96.000000
6, 0, 13.073727, 6.536863, 95.000000
6, 0, 13.370313, 6.685156, 95.000000
6, 0, 13.709670, 6.854835, 95.000000
6, 0, 13.979299, 6.989650, 95.000000
6, 0, 13.494056, 6.747028, 95.000000
5, 0, 4.513986, 2.256993, 105.000000
5, 0, 3.532896, 1.766448, 106.000000
6, 0, 2.978084, 1.489042, 106.000000
6, 0, 2.505619, 1.252809, 107.000000
6, 0, 3.304925, 1.652463, 106.000000
4, 0, 2.616398, 1.308199, 107.000000
4, 0, 1.776339, 0.888170, 108.000000
5, 0, 0.979237, 0.489618, 108.000000
6, 0, 1.073924, 0.536962, 108.000000
6, 0, 1.190210, 0.595105, 108.000000
6, 0, 1.010358, 0.505179, 108.000000
6, 0, 1.134907, 0.567453, 108.000000
6, 0, 1.014349, 0.507174, 108.000000
7, 0, 1.144102, 0.572051, 108.000000
7, 0, 1.671818, 0.835909, 108.000000
6, 0, 1.249629, 0.624814, 108.000000
6, 0, 1.833140, 0.916570, 108.000000
6, 0, 1.518414, 0.759207, 108.000000
6, 0, 1.391382, 0.695691, 108.000000
5, 0, 1.407135, 0.703568, 108.000000
5, 0, 1.264729, 0.632365, 108.000000
4, 0, 12.049265, 6.024632, 97.000000
4, 0, -17.062847, -8.531423, 91.000000
4, 0, -17.429391, -8.714696, 91.000000
4, 0, -17.958176, -8.979088, 90.000000
5, 0, -19.214781, -9.607391, 89.000000
6, 0, -19.935435, -9.967717, 88.000000
6, 0, -20.644102, -10.322051, 87.000000
5, 1, -21.043661, -10.521831, 87.000000
5, 1, -21.400523, -10.700262, 87.000000
5, 1, -21.582996, -10.791498, 86.000000
5, 1, -21.303360, -10.651680, 87.000000
5, 1, -20.602100, -10.301050, 87.000000
6, 1, -19.578143, -9.789072, 89.000000
7, 1, -19.718054, -9.859027, 88.000000
7, 1, -19.253034, -9.626517, 89.000000
7, 1, -18.570822, -9.285411, 90.000000
6, 1, -19.871879, -9.935939, 88.000000
6, 1, -19.253510, -9.626755, 89.000000
6, 1, -18.436404, -9.218202, 90.000000
6, 1, -18.424526, -9.212263, 90.000000
6, 1, -17.827268, -8.913634, 90.000000
7, 1, -17.672810, -8.836405, 91.000000
6, 1, -28.510818, -14.255409, 79.000000
6, 1, -27.734957, -13.867478, 80.000000
5, 1, -26.943200, -13.471600, 81.000000
6, 1, -26.606855, -13.303428, 81.000000
6, 1, -26.151875, -13.075937, 81.000000
6, 1, -24.469015, -12.234507, 83.000000
5, 1, -24.440096, -12.220048, 83.000000
6, 1, -24.362482, -12.181241, 83.000000
6, 1, -24.125448, -12.062724, 84.000000
6, 1, -22.733309, -11.366654, 85.000000
7, 1, -20.833542, -10.416771, 87.000000
6, 1, -20.287388, -10.143694, 88.000000
6, 1, -19.409286, -9.704643, 89.000000
6, 1, -17.928187, -8.964094, 90.000000
6, 1, -16.515340, -8.257670, 92.000000
7, 1, -15.756559, -7.878280, 93.000000
7, 1, -15.039159, -7.519579, 93.000000
7, 1, -13.940937, -6.970469, 95.000000
7, 1, -11.243846, -5.621923, 97.000000
6, 1, -18.324330, -9.162165, 90.000000
5, 1, -18.536000, -9.268000, 90.000000
5, 1, -18.972557, -9.486278, 89.000000
5, 1, -21.347332, -10.673666, 87.000000
4, 1, -20.894006, -10.447003, 87.000000
4, 1, -20.741930, -10.370965, 87.000000
4, 1, -20.626983, -10.313491, 87.000000
6, 1, -20.314438, -10.157219, 88.000000
6, 1, -20.002756, -10.001378, 88.000000
6, 1, -19.659400, -9.829700, 88.000000
6, 1, -19.128983, -9.564492, 89.000000
6, 1, -17.586699, -8.793350, 91.000000
6, 1, -16.744512, -8.372256, 92.000000
6, 1, -16.199273, -8.099637, 92.000000
5, 1, -15.213056, -7.606528, 93.000000
6, 1, -14.005696, -7.002848, 94.000000
6, 1, -12.984034, -6.492017, 96.000000
6, 1, -12.314269, -6.157134, 96.000000
6, 1, -11.567192, -5.783596, 97.000000
7, 1, -9.705773, -4.852887, 99.000000
7, 1, -8.798830, -4.399415, 100.000000
7, 1, -7.719925, -3.859963, 101.000000
7, 1, -7.688350, -3.844175, 101.000000
7, 1, -7.304817, -3.652408, 102.000000
6, 1, -28.075554, -14.037777, 79.000000
5, 1, -25.246383, -12.623192, 82.000000
6, 1, -25.435087, -12.717544, 82.000000
5, 1, -25.996223, -12.998111, 82.000000
5, 1, -26.462656, -13.231328, 81.000000
7, 1, -26.528508, -13.264254, 81.000000
7, 1, -27.145920, -13.572960, 80.000000
8, 1, -28.099276, -14.049638, 79.000000
8, 1, -27.975438, -13.987719, 80.000000
7, 1, -27.941647, -13.970823, 80.000000
6, 1, -27.390435, -13.695218, 80.000000
6, 1, -26.494662, -13.247331, 81.000000
6, 1, -26.111611, -13.055805, 82.000000
6, 1, -25.769149, -12.884575, 82.000000
6, 1, -24.417461, -12.208730, 83.000000
7, 1, -23.563906, -11.781953, 84.000000
8, 1, -22.672820, -11.336410, 85.000000
8, 1, -24.334806, -12.167403, 83.000000
8, 1, -24.256820, -12.128410, 84.000000
7, 1, -18.324370, -9.162185, 90.000000
6, 1, -17.249768, -8.624884, 91.000000
7, 1, -16.565521, -8.282761, 92.000000
7, 1, -15.273356, -7.636678, 93.000000
6, 1, -13.892115, -6.946058, 95.000000
7, 1, -12.758503, -6.379251, 96.000000
7, 1, -12.248096, -6.124048, 96.000000
7, 1, -11.181895, -5.590947, 98.000000
7, 1, -9.815796, -4.907898, 99.000000
7, 1, -9.237808, -4.618904, 100.000000
8, 1, -8.736202, -4.368101, 100.000000
8, 1, -8.133932, -4.066966, 101.000000
6, 0, -7.452103, -3.726051, 102.000000
8, 0, -6.262173, -3.131086, 103.000000
7, 0, -6.351418, -3.175709, 103.000000
7, 0, -5.747611, -2.873805, 103.000000
7, 0, -5.020716, -2.510358, 104.000000
7, 0, -4.809451, -2.404726, 104.000000
7, 0, -4.315696, -2.157848, 105.000000
7, 0, 5.924287, 2.962143, 103.000000
5, 0, -12.186662, -6.093331, 96.000000
5, 0, -12.285491, -6.142745, 96.000000
5, 0, -12.219197, -6.109599, 96.000000
4, 0, -12.432578, -6.216289, 96.000000
6, 0, -13.981665, -6.990832, 95.000000
6, 0, -14.358324, -7.179162, 94.000000
6, 0, -14.702548, -7.351274, 94.000000
6, 1, -15.074957, -7.537478, 93.000000
9, 1, -16.552635, -8.276318, 92.000000
8, 1, -16.329059, -8.164530, 92.000000
8, 1, -15.347207, -7.673603, 93.000000
8, 1, -16.343237, -8.171619, 92.000000
8, 1, -16.838954, -8.419477, 91.000000
8, 1, -16.796314, -8.398157, 92.000000
8, 1, -15.944313, -7.972156, 92.000000
7, 1, -36.655562, -18.327781, 70.000000
7, 1, -42.489108, -21.244554, 64.000000
8, 1, -47.167000, -23.583500, 59.000000
8, 1, -51.917597, -25.958799, 54.000000
7, 1, -31.844406, -15.922203, 75.000000
7, 1, -32.246998, -16.123499, 75.000000
7, 1, -32.416026, -16.208013, 75.000000
6, 1, -32.380704, -16.190352, 75.000000
7, 1, -32.059359, -16.029680, 75.000000
6, 1, -29.901576, -14.950788, 77.000000
6, 1, -29.073604, -14.536802, 78.000000
7, 1, -26.536284, -13.268142, 81.000000
7, 1, -25.454754, -12.727377, 82.000000
7, 1, -22.490305, -11.245153, 85.000000
6, 1, -41.742443, -20.871221, 65.000000
7, 1, -41.968520, -20.984260, 65.000000
7, 1, -42.050703, -21.025351, 64.000000
6, 1, -16.390150, -8.195075, 92.000000
6, 1, -15.654493, -7.827246, 93.000000
6, 1, -14.562046, -7.281023, 94.000000
5, 1, -13.514998, -6.757499, 95.000000
5, 1, -11.746514, -5.873257, 97.000000
5, 1, -10.335414, -5.167707, 98.000000
5, 1, -8.734017, -4.367008, 100.000000
5, 1, -6.905196, -3.452598, 102.000000
6, 1, -4.713906, -2.356953, 104.000000
6, 1, -3.894033, -1.947016, 105.000000
6, 1, -2.930985, -1.465493, 106.000000
7, 1, -2.385069, -1.192534, 107.000000
6, 1, -0.099507, -0.049753, 109.000000
7, 1, 0.352871, 0.176436, 109.000000
8, 1, 0.660918, 0.330459, 109.000000
7, 1, 1.538367, 0.769184, 108.000000
6, 1, -34.422790, -17.211395, 73.000000
6, 1, -35.326763, -17.663382, 72.000000
6, 1, -36.231748, -18.115874, 71.000000
6, 1, -37.204133, -18.602066, 70.000000
7, 1, -39.729161, -19.864581, 67.000000
7, 1, -40.974381, -20.487190, 66.000000
7, 1, -42.463561, -21.231780, 64.000000
8, 1, -43.243166, -21.621583, 63.000000
5, 1, -32.476939, -16.238469, 75.000000
5, 1, -33.236404, -16.618202, 74.000000
5, 1, -33.426464, -16.713232, 74.000000
5, 1, -33.443163, -16.721582, 74.000000
6, 1, -32.740976, -16.370488, 74.000000
7, 1, -32.250483, -16.125241, 75.000000
7, 1, -31.262013, -15.631007, 76.000000
6, 1, -30.440203, -15.220102, 77.000000
6, 1, -29.279156, -14.639578, 78.000000
7, 1, -28.763372, -14.381686, 79.000000
6, 0, -28.621649, -14.310824, 79.000000
7, 0, -28.145099, -14.072550, 79.000000
5, 1, -31.062910, -15.531455, 76.000000
5, 1, -30.121775, -15.060888, 77.000000
5, 1, -28.489601, -14.244800, 79.000000
5, 1, -27.629338, -13.814669, 80.000000
5, 1, -26.372904, -13.186452, 81.000000
5, 1, -25.739281, -12.869640, 82.000000
5, 1, -24.544896, -12.272448, 83.000000
5, 1, -22.406803, -11.203401, 85.000000
6, 1, -22.090793, -11.045396, 86.000000
6, 1, -21.353683, -10.676842, 87.000000
5, 0, -20.201405, -10.100702, 88.000000
5, 0, -18.889285, -9.444642, 89.000000
6, 0, -17.739969, -8.869985, 90.000000
6, 0, -16.333137, -8.166568, 92.000000
6, 0, -15.344300, -7.672150, 93.000000
6, 0, -14.619572, -7.309786, 94.000000
6, 1, -12.560142, -6.280071, 96.000000
6, 1, -10.205610, -5.102805, 99.000000
6, 1, -8.321352, -4.160676, 101.000000
5, 1, 6.657326, 3.328663, 102.000000
5, 1, -16.353511, -8.176756, 92.000000
4, 1, -15.751491, -7.875746, 93.000000
4, 0, -15.577245, -7.788623, 93.000000
3, 0, -9.311692, -4.655846, 100.000000
4, 0, -15.509298, -7.754649, 93.000000
4, 0, -15.405110, -7.702555, 93.000000
4, 0, -15.361611, -7.680805, 93.000000
4, 0, -15.314028, -7.657014, 93.000000
4, 0, -14.481478, -7.240739, 94.000000
5, 0, -13.358555, -6.679278, 95.000000
5, 0, -13.459076, -6.729538, 95.000000
5, 0, -13.146791, -6.573396, 95.000000
6, 0, -12.444313, -6.222156, 96.000000
5, 0, -11.873205, -5.936603, 97.000000
6, 0, -11.133437, -5.566718, 98.000000
7, 0, -10.672009, -5.336004, 98.000000
7, 0, -5.816231, -2.908115, 103.000000
7, 0, -6.286966, -3.143483, 103.000000
7, 0, -5.935208, -2.967604, 103.000000
7, 0, -5.942205, -2.971102, 103.000000
6, 0, -6.863656, -3.431828, 102.000000
6, 0, -5.948336, -2.974168, 103.000000
6, 0, -6.207121, -3.103560, 103.000000
8, 0, -5.791005, -2.895502, 103.000000
8, 0, -5.422596, -2.711298, 104.000000
7, 0, -4.926646, -2.463323, 104.000000
8, 0, -4.644976, -2.322488, 105.000000
7, 0, 25.222721, 12.611360, 82.000000
8, 0, 27.825838, 13.912919, 80.000000
8, 0, 28.711877, 14.355938, 79.000000
8, 0, 29.940882, 14.970441, 77.000000
8, 0, 31.152566, 15.576283, 76.000000
8, 0, 34.284349, 17.142175, 73.000000
8, 0, 35.875045, 17.937523, 71.000000
8, 0, 36.852524, 18.426262, 70.000000
7, 0, 12.808984, 6.404492, 96.000000
8, 0, 12.179382, 6.089691, 96.000000
8, 0, 11.861413, 5.930707, 97.000000
8, 0, 11.210697, 5.605348, 97.000000
8, 0, 10.345779, 5.172890, 98.000000
8, 0, 10.257964, 5.128982, 99.000000
7, 0, 8.558598, 4.279299, 100.000000
7, 0, 6.913841, 3.456920, 102.000000
7, 0, 6.232241, 3.116121, 103.000000
7, 0, 2.395800, 1.197900, 107.000000
7, 0, 1.133549, 0.566775, 108.000000
7, 0, 0.935647, 0.467824, 108.000000
8, 0, 0.297189, 0.148595, 109.000000
8, 0, -1.877390, -0.938695, 107.000000
8, 0, -2.894742, -1.447371, 106.000000
8, 0, -3.442619, -1.721310, 106.000000
8, 0, -2.720978, -1.360489, 107.000000
8, 0, -4.230658, -2.115329, 105.000000
7, 0, -4.536045, -2.268022, 105.000000
7, 0, -5.001432, -2.500716, 104.000000
8, 0, -4.955808, -2.477904, 104.000000
7, 0, 19.258520, 9.629260, 89.000000
7, 0, 19.691573, 9.845786, 88.000000
7, 0, 20.474471, 10.237236, 88.000000
7, 0, 21.109722, 10.554861, 87.000000
7, 0, 22.796967, 11.398484, 85.000000
7, 0, 23.960339, 11.980170, 84.000000
7, 0, 25.221638, 12.610819, 82.000000
7, 0, 26.345632, 13.172816, 81.000000
7, 0, 15.984693, 7.992346, 92.000000
7, 0, 16.370062, 8.185031, 92.000000
7, 0, 16.607943, 8.303972, 92.000000
6, 0, 16.034195, 8.017098, 92.000000
7, 0, 14.732560, 7.366280, 94.000000
6, 0, 14.141411, 7.070706, 94.000000
6, 0, 13.205748, 6.602874, 95.000000
7, 0, 12.490059, 6.245030, 96.000000
7, 0, 12.539745, 6.269872, 96.000000
7, 0, 12.047438, 6.023719, 97.000000
7, 0, 13.677384, 6.838692, 95.000000
7, 0, 12.426943, 6.213472, 96.000000
6, 0, -5.525687, -2.762844, 104.000000
6, 0, -6.788590, -3.394295, 102.000000
6, 0, -7.867651, -3.933825, 101.000000
6, 0, -8.977831, -4.488915, 100.000000
6, 0, -12.328586, -6.164293, 96.000000
6, 0, -14.060192, -7.030096, 94.000000
6, 0, -15.335317, -7.667658, 93.000000
6, 0, -16.089435, -8.044718, 92.000000
6, 0, -18.760804, -9.380402, 89.000000
6, 0, -20.025683, -10.012841, 88.000000
7, 0, -20.651758, -10.325879, 87.000000
6, 0, -21.622141, -10.811070, 86.000000
8, 0, -23.008090, -11.504045, 85.000000
8, 0, -23.603960, -11.801980, 84.000000
8, 0, -23.747680, -11.873840, 84.000000
7, 0, -23.602021, -11.801011, 84.000000
5, 0, 14.538180, 7.269090, 94.000000
6, 0, 16.397303, 8.198652, 92.000000
7, 0, 17.916388, 8.958194, 90.000000
7, 0, 20.185050, 10.092525, 88.000000
5, 0, 9.616504, 4.808252, 99.000000
5, 0, 10.341069, 5.170535, 98.000000
4, 0, 12.249181, 6.124591, 96.000000
4, 0, 14.776751, 7.388376, 94.000000
5, 0, 22.737366, 11.368683, 85.000000
7, 0, 24.972653, 12.486327, 83.000000
7, 0, 24.647046, 12.323523, 83.000000
7, 0, 25.975402, 12.987701, 82.000000
7, 0, 28.547284, 14.273642, 79.000000
7, 0, 30.381457, 15.190729, 77.000000
7, 0, 31.770017, 15.885009, 75.000000
7, 0, 33.092500, 16.546250, 74.000000
7, 0, 35.861182, 17.930591, 71.000000
7, 0, 37.863668, 18.931834, 69.000000
6, 0, 13.679029, 6.839514, 95.000000
6, 0, 13.018937, 6.509468, 96.000000
6, 0, 10.535071, 5.267535, 98.000000
5, 0, 9.343096, 4.671548, 99.000000
5, 0, 7.935431, 3.967715, 101.000000
5, 0, 6.111384, 3.055692, 103.000000
6, 0, 2.895159, 1.447580, 106.000000
6, 0, 1.540627, 0.770313, 108.000000
7, 0, 0.605029, 0.302515, 109.000000
6, 0, 0.115674, 0.057837, 109.000000
6, 0, -1.227788, -0.613894, 108.000000
6, 0, -2.058761, -1.029381, 107.000000
6, 0, -3.044221, -1.522111, 106.000000
6, 0, -2.823411, -1.411706, 106.000000
5, 0, -70.102623, -35.051311, 50.000000
6, 0, -74.202877, -37.101439, 50.000000
5, 1, -35.974708, -17.987354, 71.000000
5, 1, -36.720448, -18.360224, 70.000000
5, 1, -39.324302, -19.662151, 67.000000
5, 1, -40.142751, -20.071376, 66.000000
5, 1, -42.147613, -21.073806, 64.000000
5, 1, -43.594156, -21.797078, 63.000000
5, 1, -46.094558, -23.047279, 60.000000
5, 1, -46.802626, -23.401313, 59.000000
5, 1, -47.782053, -23.891026, 58.000000
5, 1, -48.460585, -24.230293, 58.000000
5, 1, -49.102749, -24.551375, 57.000000
5, 1, -49.258040, -24.629020, 57.000000
5, 1, -48.919193, -24.459596, 57.000000
5, 1, -49.070995, -24.535497, 57.000000
5, 1, -49.209469, -24.604734, 57.000000
6, 1, -49.533746, -24.766873, 56.000000
6, 1, -49.464891, -24.732446, 57.000000
6, 1, -50.373708, -25.186854, 56.000000
5, 1, -45.593937, -22.796968, 61.000000
5, 1, -44.128272, -22.064136, 62.000000
4, 1, -42.895358, -21.447679, 64.000000
5, 1, -41.553852, -20.776926, 65.000000
6, 1, -38.783008, -19.391504, 68.000000
7, 1, -36.525853, -18.262926, 70.000000
7, 1, -35.860851, -17.930425, 71.000000
6, 1, -33.970150, -16.985075, 73.000000
6, 1, -31.700816, -15.850408, 76.000000
6, 1, -30.615023, -15.307511, 77.000000
7, 1, -29.089929, -14.544965, 78.000000
7, 1, -27.374558, -13.687279, 80.000000
7, 1, -25.868232, -12.934116, 82.000000
7, 1, -24.455958, -12.227979, 83.000000
6, 1, -5.647548, -2.823774, 103.000000
6, 1, -3.692596, -1.846298, 106.000000
6, 1, 0.171281, 0.085640, 109.000000
7, 1, 2.229056, 1.114528, 107.000000
7, 1, 3.899579, 1.949789, 105.000000
6, 1, -15.190164, -7.595082, 93.000000
5, 1, -12.579571, -6.289785, 96.000000
5, 1, -11.987568, -5.993784, 97.000000
4, 1, -11.621974, -5.810987, 97.000000
4, 1, -11.425855, -5.712928, 97.000000
5, 1, -11.371556, -5.685778, 97.000000
5, 1, -12.505937, -6.252968, 96.000000
5, 0, -12.273545, -6.136773, 96.000000
6, 0, -11.625556, -5.812778, 97.000000
6, 0, -11.116214, -5.558107, 98.000000
6, 0, -10.822411, -5.411206, 98.000000
6, 1, -10.544267, -5.272133, 98.000000
5, 1, -10.189134, -5.094567, 99.000000
5, 1, -9.510461, -4.755230, 99.000000
6, 1, -8.993309, -4.496654, 100.000000
6, 1, -8.562849, -4.281425, 100.000000
6, 1, -8.052824, -4.026412, 101.000000
7, 1, -7.435631, -3.717815, 102.000000
6, 1, -7.124876, -3.562438, 102.000000
7, 1, -6.899779, -3.449890, 102.000000
7, 1, -4.948175, -2.474087, 104.000000
6, 1, -18.068523, -9.034261, 90.000000
7, 1, -18.763057, -9.381529, 89.000000
5, 1, -19.405217, -9.702609, 89.000000
5, 1, -20.749752, -10.374876, 87.000000
4, 1, -25.830485, -12.915243, 82.000000
4, 1, -25.908897, -12.954449, 82.000000
4, 1, -25.820731, -12.910366, 82.000000
5, 1, -25.655767, -12.827883, 82.000000
5, 1, -24.852660, -12.426330, 83.000000
5, 1, -24.216040, -12.108020, 84.000000
5, 1, -23.912460, -11.956230, 84.000000
6, 1, -23.265011, -11.632506, 85.000000
6, 1, -21.651610, -10.825805, 86.000000
4, 1, -22.869601, -11.434801, 85.000000
6, 1, -22.078723, -11.039361, 86.000000
6, 1, -21.544537, -10.772268, 86.000000
6, 1, -20.363487, -10.181743, 88.000000
7, 1, -19.601240, -9.800620, 88.000000
7, 1, -19.244394, -9.622197, 89.000000
7, 1, -18.448240, -9.224120, 90.000000
7, 1, -17.391300, -8.695650, 91.000000
6, 1, -16.929659, -8.464830, 91.000000
7, 1, -16.494779, -8.247390, 92.000000
7, 1, -15.630219, -7.815109, 93.000000
7, 1, -13.614879, -6.807440, 95.000000
6, 1, -49.160769, -24.580385, 57.000000
5, 1, -50.849785, -25.424892, 55.000000
5, 1, -53.418575, -26.709288, 52.000000
6, 1, -39.369960, -19.684980, 67.000000
5, 1, -39.792055, -19.896027, 67.000000
6, 1, -40.613726, -20.306863, 66.000000
6, 1, -40.585449, -20.292725, 66.000000
7, 1, -41.399912, -20.699956, 65.000000
7, 1, -42.298380, -21.149190, 64.000000
7, 1, -43.035235, -21.517618, 63.000000
7, 1, -42.586815, -21.293407, 64.000000
7, 1, -41.961084, -20.980542, 65.000000
7, 1, -41.500555, -20.750277, 65.000000
7, 1, -41.420840, -20.710420, 65.000000
7, 1, -40.882093, -20.441046, 66.000000
7, 1, -40.206191, -20.103095, 66.000000
7, 0, -40.066343, -20.033172, 67.000000
7, 0, -39.516199, -19.758100, 67.000000
7, 0, -39.237445, -19.618723, 67.000000
7, 0, -39.725055, -19.862528, 67.000000
7, 0, -39.438387, -19.719193, 67.000000
7, 0, -39.445995, -19.722998, 67.000000
7, 1, -41.305187, -20.652593, 65.000000
5, 1, -49.378044, -24.689022, 57.000000
5, 1, -48.998928, -24.499464, 57.000000
5, 1, -48.462732, -24.231366, 58.000000
5, 1, -47.722786, -23.861393, 58.000000
5, 1, -46.336752, -23.168376, 60.000000
5, 1, -45.625348, -22.812674, 61.000000
5, 1, -44.854538, -22.427269, 61.000000
5, 1, -28.989290, -14.494645, 78.000000
5, 1, -25.421690, -12.710845, 82.000000
5, 1, -24.027109, -12.013554, 84.000000
5, 1, -22.434076, -11.217038, 85.000000
5, 1, -20.715797, -10.357899, 87.000000
4, 1, -17.313030, -8.656515, 91.000000
5, 1, -15.717600, -7.858800, 93.000000
5, 1, -14.056878, -7.028439, 94.000000
4, 1, -12.715437, -6.357718, 96.000000
6, 1, -10.945269, -5.472635, 98.000000
6, 1, -10.224632, -5.112316, 99.000000
6, 1, -9.477266, -4.738633, 99.000000
6, 1, -8.859136, -4.429568, 100.000000
6, 1, -7.615738, -3.807869, 101.000000
5, 1, -21.753765, -10.876882, 86.000000
5, 1, -21.466622, -10.733311, 87.000000
5, 0, -20.948999, -10.474500, 87.000000
5, 0, -19.985584, -9.992792, 88.000000
5, 0, -21.036974, -10.518487, 87.000000
5, 0, -21.044901, -10.522451, 87.000000
5, 0, -20.808642, -10.404321, 87.000000
5, 0, -20.482936, -10.241468, 88.000000
5, 0, -19.493880, -9.746940, 89.000000
5, 0, -18.865482, -9.432741, 89.000000
5, 0, -18.406662, -9.203331, 90.000000
5, 0, -17.009427, -8.504714, 91.000000
6, 0, -16.499326, -8.249663, 92.000000
6, 0, -16.265990, -8.132995, 92.000000
6, 0, -15.376189, -7.688095, 93.000000
7, 0, -14.514519, -7.257259, 94.000000
7, 0, -13.524163, -6.762081, 95.000000
7, 0, -13.423387, -6.711693, 95.000000
7, 0, -12.656968, -6.328484, 96.000000
7, 0, -11.455321, -5.727660, 97.000000
7, 0, -10.951941, -5.475971, 98.000000
7, 0, -10.332512, -5.166256, 98.000000
7, 0, -10.035936, -5.017968, 99.000000
7, 0, -8.045976, -4.022988, 101.000000
7, 0, -6.607317, -3.303659, 102.000000
6, 0, 7.783070, 3.891535, 101.000000
6, 0, 9.103211, 4.551606, 100.000000
6, 0, 14.350182, 7.175091, 94.000000
6, 0, 15.222864, 7.611432, 93.000000
5, 0, 16.046880, 8.023440, 92.000000
5, 0, 16.878585, 8.439292, 91.000000
4, 0, 18.424382, 9.212191, 90.000000
7, 0, 19.051931, 9.525965, 89.000000
5, 0, 19.356387, 9.678194, 89.000000
7, 0, 19.541003, 9.770502, 89.000000
7, 0, 19.664443, 9.832222, 88.000000
7, 0, 19.482369, 9.741185, 89.000000
7, 0, 19.362766, 9.681383, 89.000000
6, 0, 19.221604, 9.610802, 89.000000
8, 0, 18.740043, 9.370021, 89.000000
8, 0, 18.528620, 9.264310, 90.000000
7, 0, 18.348856, 9.174428, 90.000000
8, 0, 18.147551, 9.073775, 90.000000
6, 0, 17.472189, 8.736094, 91.000000
8, 0, 17.069665, 8.534833, 91.000000
7, 0, 16.836515, 8.418258, 91.000000
6, 0, 16.445508, 8.222754, 92.000000
8, 0, 15.922483, 7.961241, 92.000000
8, 0, 15.566546, 7.783273, 93.000000
8, 0, 15.425747, 7.712874, 93.000000
9, 0, 15.025789, 7.512894, 93.000000
9, 0, 14.273905, 7.136953, 94.000000
9, 0, 14.013138, 7.006569, 94.000000
9, 0, 13.972821, 6.986410, 95.000000
8, 0, 13.901382, 6.950691, 95.000000
7, 0, 12.275975, 6.137988, 96.000000
6, 0, -6.676935, -3.338468, 102.000000
6, 0, -7.625335, -3.812667, 101.000000
5, 0, 3.086393, 1.543196, 106.000000
5, 0, 1.955551, 0.977776, 107.000000
4, 0, 1.315936, 0.657968, 108.000000
5, 0, 0.788543, 0.394272, 109.000000
5, 0, 0.277361, 0.138680, 109.000000
5, 0, -0.631152, -0.315576, 109.000000
5, 0, -0.544223, -0.272111, 109.000000
5, 0, -0.648805, -0.324403, 109.000000
6, 0, -0.519863, -0.259931, 109.000000
5, 0, -0.658608, -0.329304, 109.000000
6, 0, -0.576320, -0.288160, 109.000000
6, 0, -0.826609, -0.413305, 109.000000
6, 0, -0.785068, -0.392534, 109.000000
7, 0, -0.620414, -0.310207, 109.000000
6, 0, -0.403561, -0.201780, 109.000000
7, 0, 0.195965, 0.097983, 109.000000
7, 0, -0.378317, -0.189159, 109.000000
7, 0, -20.162522, -10.081261, 88.000000
7, 0, -20.701625, -10.350813, 87.000000
6, 0, -21.465695, -10.732848, 87.000000
5, 0, -21.472609, -10.736305, 86.000000
7, 0, -23.405070, -11.702535, 84.000000
7, 0, -24.546492, -12.273246, 83.000000
6, 0, -17.800131, -8.900066, 90.000000
6, 0, -18.121585, -9.060792, 90.000000
6, 0, -19.923693, -9.961847, 88.000000
6, 0, -20.379642, -10.189821, 88.000000
6, 0, -20.438101, -10.219050, 88.000000
6, 0, -20.026690, -10.013345, 88.000000
6, 0, -18.667979, -9.333989, 89.000000
6, 0, -18.822748, -9.411374, 89.000000
6, 0, -18.811119, -9.405559, 89.000000
6, 0, -18.109930, -9.054965, 90.000000
5, 0, -1.346978, -0.673489, 108.000000
5, 0, -0.267171, -0.133585, 109.000000
5, 0, 1.003057, 0.501528, 108.000000
4, 0, 2.420845, 1.210423, 107.000000
5, 0, 5.035144, 2.517572, 104.000000
6, 0, 6.661175, 3.330588, 102.000000
7, 0, 7.929797, 3.964899, 101.000000
7, 0, 9.275060, 4.637530, 100.000000
6, 0, 11.725307, 5.862654, 97.000000
6, 0, 12.203597, 6.101798, 96.000000
5, 0, 13.410338, 6.705169, 95.000000
6, 0, 13.939857, 6.969929, 95.000000
7, 0, 14.919034, 7.459517, 94.000000
7, 0, 15.505569, 7.752784, 93.000000
6, 0, 15.720141, 7.860071, 93.000000
6, 0, 16.059363, 8.029682, 92.000000
6, 0, 15.630265, 7.815133, 93.000000
6, 0, 6.636126, 3.318063, 102.000000
6, 0, 6.332386, 3.166193, 103.000000
5, 0, 5.908146, 2.954073, 103.000000
5, 0, 4.584986, 2.292493, 105.000000
5, 0, 4.577084, 2.288542, 105.000000
6, 0, 3.890186, 1.945093, 105.000000
4, 0, 3.586325, 1.793163, 106.000000
4, 0, 2.422913, 1.211457, 107.000000
6, 0, 2.537749, 1.268875, 107.000000
5, 0, 2.393810, 1.196905, 107.000000
6, 0, 2.581190, 1.290595, 107.000000
6, 0, 2.269043, 1.134521, 107.000000
6, 0, 2.041590, 1.020795, 107.000000
6, 0, 2.158141, 1.079071, 107.000000
7, 0, 2.100539, 1.050270, 107.000000
6, 0, 2.059181, 1.029591, 107.000000
6, 0, 1.905234, 0.952617, 107.000000
6, 0, 1.986446, 0.993223, 107.000000
6, 0, 2.673525, 1.336763, 107.000000
5, 0, 2.166942, 1.083471, 107.000000
5, 0, 1.738645, 0.869323, 108.000000
4, 0, 12.079443, 6.039721, 97.000000
4, 0, -16.992154, -8.496077, 91.000000
4, 0, -18.083045, -9.041522, 90.000000
4, 0, -18.920618, -9.460309, 89.000000
6, 0, -19.343060, -9.671530, 89.000000
6, 0, -20.056861, -10.028431, 88.000000
6, 0, -21.372404, -10.686202, 87.000000
5, 1, -22.129011, -11.064505, 86.000000
5, 1, -23.058997, -11.529499, 85.000000
5, 1, -24.414057, -12.207028, 83.000000
5, 1, -26.093639, -13.046820, 82.000000
5, 1, -26.953043, -13.476522, 81.000000
6, 1, -26.431529, -13.215764, 81.000000
7, 1, -27.438930, -13.719465, 80.000000
7, 1, -26.414984, -13.207492, 81.000000
6, 1, -28.878773, -14.439387, 79.000000
6, 1, -28.820471, -14.410235, 79.000000
6, 1, -28.768781, -14.384391, 79.000000
6, 1, -28.459102, -14.229551, 79.000000
5, 1, -28.158949, -14.079475, 79.000000
5, 1, -28.301384, -14.150692, 79.000000
7, 1, -28.308374, -14.154187, 79.000000
6, 1, -33.147085, -16.573543, 74.000000
6, 1, -32.350912, -16.175456, 75.000000
5, 1, -31.590582, -15.795291, 76.000000
6, 1, -30.835161, -15.417580, 76.000000
6, 1, -29.334324, -14.667162, 78.000000
6, 1, -28.490805, -14.245403, 79.000000
5, 1, -27.551314, -13.775657, 80.000000
7, 1, -26.496285, -13.248142, 81.000000
5, 1, -23.205377, -11.602689, 85.000000
7, 1, -22.744056, -11.372028, 85.000000
7, 1, -22.040866, -11.020433, 86.000000
5, 1, -20.866676, -10.433338, 87.000000
6, 1, -18.509530, -9.254765, 90.000000
6, 1, -17.372668, -8.686334, 91.000000
7, 1, -15.823965, -7.911983, 93.000000
7, 1, -15.102977, -7.551489, 93.000000
7, 1, -13.856416, -6.928208, 95.000000
7, 1, -12.865515, -6.432757, 96.000000
7, 1, -11.879742, -5.939871, 97.000000
7, 1, -11.094007, -5.547004, 98.000000
5, 1, -16.682574, -8.341287, 92.000000
5, 1, -16.623093, -8.311546, 92.000000
4, 1, -19.683549, -9.841774, 88.000000
4, 1, -19.335823, -9.667912, 89.000000
4, 1, -18.772228, -9.386114, 89.000000
4, 1, -18.683113, -9.341557, 89.000000
4, 1, -18.650315, -9.325157, 90.000000
4, 1, -18.400531, -9.200265, 90.000000
6, 1, -17.392193, -8.696096, 91.000000
6, 1, -16.853462, -8.426731, 91.000000
6, 1, -16.365919, -8.182960, 92.000000
6, 1, -15.634923, -7.817461, 93.000000
6, 1, -14.265026, -7.132513, 94.000000
6, 1, -13.606423, -6.803211, 95.000000
6, 1, -12.900018, -6.450009, 96.000000
6, 1, -12.425492, -6.212746, 96.000000
7, 1, -10.848829, -5.424414, 98.000000
6, 1, -10.185253, -5.092627, 99.000000
7, 1, -9.489480, -4.744740, 99.000000
7, 1, -8.604510, -4.302255, 100.000000
7, 1, -6.955946, -3.477973, 102.000000
7, 1, -6.444931, -3.222466, 103.000000
7, 1, -5.467597, -2.733799, 104.000000
7, 1, -4.970503, -2.485252, 104.000000
7, 1, -4.754562, -2.377281, 104.000000
6, 1, -23.782521, -11.891261, 84.000000
7, 1, -24.030020, -12.015010, 84.000000
7, 1, -24.141051, -12.070525, 84.000000
6, 1, -24.735415, -12.367707, 83.000000
8, 1, -25.270740, -12.635370, 82.000000
6, 1, -25.271076, -12.635538, 82.000000
8, 1, -26.033510, -13.016755, 82.000000
7, 1, -26.416020, -13.208010, 81.000000
8, 1, -26.484322, -13.242161, 81.000000
7, 1, -26.187973, -13.093986, 81.000000
6, 1, -25.626262, -12.813131, 82.000000
6, 1, -24.050007, -12.025004, 84.000000
6, 1, -23.824036, -11.912018, 84.000000
7, 1, -23.607092, -11.803546, 84.000000
6, 1, -22.346377, -11.173189, 86.000000
7, 1, -21.550894, -10.775447, 86.000000
9, 1, -20.555319, -10.277659, 87.000000
6, 1, -22.788064, -11.394032, 85.000000
7, 1, -22.245000, -11.122500, 86.000000
7, 1, -17.257102, -8.628551, 91.000000
6, 1, -16.953809, -8.476905, 91.000000
7, 1, -16.716193, -8.358096, 92.000000
7, 1, -16.726788, -8.363394, 92.000000
7, 1, -16.976717, -8.488358, 91.000000
7, 1, -17.357871, -8.678935, 91.000000
7, 1, -17.429071, -8.714536, 91.000000
7, 1, -17.503805, -8.751902, 91.000000
7, 1, -17.814260, -8.907130, 90.000000
7, 1, -17.802121, -8.901060, 90.000000
7, 1, -17.681146, -8.840573, 91.000000
7, 1, -17.530954, -8.765477, 91.000000
7, 1, -17.447571, -8.723786, 91.000000
7, 1, -17.396120, -8.698060, 91.000000
7, 1, -17.326278, -8.663139, 91.000000
6, 1, -17.440914, -8.720457, 91.000000
6, 1, -17.471907, -8.735954, 91.000000
6, 1, -17.401922, -8.700961, 91.000000
6, 1, -17.399187, -8.699594, 91.000000
6, 1, -17.409615, -8.704808, 91.000000
6, 1, -17.455664, -8.727832, 91.000000
6, 1, -17.407580, -8.703790, 91.000000
6, 1, -17.406486, -8.703243, 91.000000
6, 1, -17.403886, -8.701943, 91.000000
6, 1, -17.405114, -8.702557, 91.000000
6, 1, -17.407162, -8.703581, 91.000000
6, 1, -17.406602, -8.703301, 91.000000
6, 1, -17.402000, -8.701000, 91.000000
6, 1, -17.406073, -8.703036, 91.000000
6, 1, -17.408339, -8.704169, 91.000000
6, 1, -17.404182, -8.702091, 91.000000
6, 1, -17.409150, -8.704575, 91.000000
6, 1, -17.404090, -8.702045, 91.000000
6, 1, -17.403462, -8.701731, 91.000000
6, 1, -17.411240, -8.705620, 91.000000
6, 1, -17.410959, -8.705480, 91.000000
6, 1, -17.405210, -8.702605, 91.000000
6, 1, -17.409210, -8.704605, 91.000000
6, 1, -17.405739, -8.702869, 91.000000
6, 1, -17.405029, -8.702515, 91.000000
6, 1, -17.404488, -8.702244, 91.000000
6, 1, -17.407143, -8.703571, 91.000000
6, 1, -17.404145, -8.702073, 91.000000
6, 1, -17.410899, -8.705450, 91.000000
6, 1, -17.403788, -8.701894, 91.000000
6, 1, -17.408126, -8.704063, 91.000000
6, 1, -17.406569, -8.703285, 91.000000
6, 1, -17.402587, -8.701294, 91.000000
6, 1, -17.408118, -8.704059, 91.000000
6, 1, -17.406280, -8.703140, 91.000000
6, 1, -17.407087, -8.703543, 91.000000
6, 1, -17.404613, -8.702306, 91.000000
6, 1, -17.408414, -8.704207, 91.000000
6, 1, -17.403159, -8.701580, 91.000000
6, 1, -17.404648, -8.702324, 91.000000
6, 1, -17.406850, -8.703425, 91.000000
6, 1, -17.403559, -8.701779, 91.000000
6, 1, -17.399905, -8.699953, 91.000000
6, 1, -17.625286, -8.812643, 91.000000
6, 1, -17.403242, -8.701621, 91.000000
6, 1, -17.404995, -8.702497, 91.000000
6, 1, -17.404038, -8.702019, 91.000000
6, 1, -17.408754, -8.704377, 91.000000
6, 1, -17.407040, -8.703520, 91.000000
6, 1, -17.409462, -8.704731, 91.000000
6, 1, -17.399135, -8.699568, 91.000000
6, 1, -17.412969, -8.706484, 91.000000
6, 1, -17.400251, -8.700125, 91.000000
6, 1, -17.409617, -8.704808, 91.000000
6, 1, -17.407421, -8.703710, 91.000000
6, 1, -17.404002, -8.702001, 91.000000
6, 1, -17.399267, -8.699633, 91.000000
6, 1, -17.403211, -8.701606, 91.000000
6, 1, -17.400570, -8.700285, 91.000000
6, 1, -17.402752, -8.701376, 91.000000
6, 1, -17.403531, -8.701766, 91.000000
6, 1, -17.397142, -8.698571, 91.000000
6, 1, -17.412230, -8.706115, 91.000000
6, 1, -17.401509, -8.700755, 91.000000
6, 1, -17.406103, -8.703052, 91.000000
6, 1, -17.406035, -8.703018, 91.000000
6, 1, -17.397948, -8.698974, 91.000000
6, 1, -17.406186, -8.703093, 91.000000
6, 1, -17.405334, -8.702667, 91.000000
6, 1, -17.405667, -8.702834, 91.000000
6, 1, -17.406661, -8.703330, 91.000000
6, 1, -17.619764, -8.809882, 91.000000
6, 1, -17.396327, -8.698163, 91.000000
6, 1, -17.408568, -8.704284, 91.000000
6, 1, -17.404043, -8.702022, 91.000000
6, 1, -17.402901, -8.701450, 91.000000
6, 1, -17.394965, -8.697482, 91.000000
6, 1, -17.397882, -8.698941, 91.000000
6, 1, -17.462836, -8.731418, 91.000000
6, 1, -17.403993, -8.701997, 91.000000
6, 1, -17.409462, -8.704731, 91.000000
6, 1, -17.393964, -8.696982, 91.000000
6, 1, -17.402997, -8.701498, 91.000000
6, 1, -17.403480, -8.701740, 91.000000
6, 1, -17.403650, -8.701825, 91.000000
6, 1, -17.409600, -8.704800, 91.000000
6, 1, -17.405832, -8.702916, 91.000000
6, 1, -17.407144, -8.703572, 91.000000
6, 1, -17.403356, -8.701678, 91.000000
6, 1, -17.410161, -8.705081, 91.000000
6, 1, -17.406391, -8.703195, 91.000000
6, 1, -17.403842, -8.701921, 91.000000
6, 1, -17.403190, -8.701595, 91.000000
6, 1, -17.406650, -8.703325, 91.000000
6, 1, -17.407181, -8.703591, 91.000000
6, 1, -17.402738, -8.701369, 91.000000
6, 1, -17.399558, -8.699779, 91.000000
6, 1, -17.403946, -8.701973, 91.000000
6, 1, -17.404080, -8.702040, 91.000000
6, 1, -17.401089, -8.700544, 91.000000
6, 1, -17.403588, -8.701794, 91.000000
6, 1, -17.407357, -8.703678, 91.000000
6, 1, -17.402854, -8.701427, 91.000000
6, 1, -17.408175, -8.704088, 91.000000
6, 1, -17.403700, -8.701850, 91.000000
6, 1, -17.411085, -8.705543, 91.000000
6, 1, -17.400680, -8.700340, 91.000000
6, 1, -17.407138, -8.703569, 91.000000
6, 1, -17.402114, -8.701057, 91.000000
6, 1, -17.549660, -8.774830, 91.000000
6, 1, -17.406665, -8.703332, 91.000000
6, 1, -17.403148, -8.701574, 91.000000
6, 1, -17.402827, -8.701413, 91.000000
6, 1, -17.398232, -8.699116, 91.000000
6, 1, -17.406656, -8.703328, 91.000000
6, 1, -17.401374, -8.700687, 91.000000
6, 1, -17.402651, -8.701326, 91.000000
6, 1, -17.410919, -8.705459, 91.000000
6, 1, -17.615908, -8.807954, 91.000000
6, 1, -17.404156, -8.702078, 91.000000
6, 1, -17.406278, -8.703139, 91.000000
6, 1, -17.617528, -8.808764, 91.000000
6, 1, -17.401010, -8.700505, 91.000000
6, 1, -17.406553, -8.703277, 91.000000
6, 1, -17.409767, -8.704883, 91.000000
6, 1, -17.400925, -8.700462, 91.000000
6, 1, -17.396564, -8.698282, 91.000000
6, 1, -17.407284, -8.703642, 91.000000
6, 1, -17.401111, -8.700555, 91.000000
6, 1, -17.401365, -8.700683, 91.000000
6, 1, -17.400686, -8.700343, 91.000000
6, 1, -17.401808, -8.700904, 91.000000
6, 1, -17.402000, -8.701000, 91.000000
6, 1, -17.414353, -8.707177, 91.000000
6, 1, -17.408161, -8.704081, 91.000000
6, 1, -17.405077, -8.702538, 91.000000
6, 1, -17.400564, -8.700282, 91.000000
6, 1, -17.408813, -8.704406, 91.000000
6, 1, -17.406454, -8.703227, 91.000000
6, 1, -17.404349, -8.702175, 91.000000
6, 1, -17.406653, -8.703326, 91.000000
6, 1, -17.400807, -8.700403, 91.000000
6, 1, -17.412788, -8.706394, 91.000000
6, 1, -17.405881, -8.702941, 91.000000
6, 1, -17.402802, -8.701401, 91.000000
6, 1, -17.404774, -8.702387, 91.000000
6, 1, -17.395599, -8.697800, 91.000000
6, 1, -17.398429, -8.699214, 91.000000
6, 1, -17.404434, -8.702217, 91.000000
6, 1, -17.614376, -8.807188, 91.000000
6, 1, -17.408238, -8.704119, 91.000000
6, 1, -17.395914, -8.697957, 91.000000
6, 1, -17.400755, -8.700378, 91.000000
6, 1, -17.404730, -8.702365, 91.000000
6, 1, -17.413989, -8.706995, 91.000000
6, 1, -17.406477, -8.703238, 91.000000
6, 1, -17.394615, -8.697307, 91.000000
6, 1, -17.396501, -8.698251, 91.000000
6, 1, -17.407515, -8.703758, 91.000000
6, 1, -17.395958, -8.697979, 91.000000
6, 1, -17.397370, -8.698685, 91.000000
6, 1, -17.409573, -8.704787, 91.000000
6, 1, -17.405337, -8.702669, 91.000000
6, 1, -17.398490, -8.699245, 91.000000
6, 1, -17.410016, -8.705008, 91.000000
6, 1, -17.462890, -8.731445, 91.000000
6, 1, -17.406556, -8.703278, 91.000000
6, 1, -17.406606, -8.703303, 91.000000
6, 1, -17.405537, -8.702769, 91.000000
6, 1, -17.403777, -8.701889, 91.000000
6, 1, -17.405044, -8.702522, 91.000000
6, 1, -17.393983, -8.696991, 91.000000
6, 1, -17.407933, -8.703967, 91.000000
6, 1, -17.403229, -8.701615, 91.000000
6, 1, -17.409941, -8.704971, 91.000000
6, 1, -17.393413, -8.696707, 91.000000
6, 1, -17.404622, -8.702311, 91.000000
6, 1, -17.408138, -8.704069, 91.000000
6, 1, -17.404793, -8.702396, 91.000000
6, 1, -17.403320, -8.701660, 91.000000
6, 1, -17.402468, -8.701234, 91.000000
6, 1, -17.617951, -8.808975, 91.000000
6, 1, -17.396116, -8.698058, 91.000000
6, 1, -17.408717, -8.704359, 91.000000
6, 1, -17.407121, -8.703561, 91.000000
6, 1, -17.403881, -8.701940, 91.000000
6, 1, -17.405735, -8.702868, 91.000000
6, 1, -17.406790, -8.703395, 91.000000
6, 1, -17.408904, -8.704452, 91.000000
6, 1, -17.405522, -8.702761, 91.000000
6, 1, -17.409944, -8.704972, 91.000000
6, 1, -17.403229, -8.701615, 91.000000
6, 1, -17.406763, -8.703382, 91.000000
6, 1, -17.409223, -8.704612, 91.000000
6, 1, -17.407114, -8.703557, 91.000000
6, 1, -17.403427, -8.701714, 91.000000
6, 1, -17.402714, -8.701357, 91.000000
6, 1, -17.393876, -8.696938, 91.000000
6, 1, -17.407322, -8.703661, 91.000000
6, 1, -17.404561, -8.702280, 91.000000
6, 1, -17.402709, -8.701354, 91.000000
6, 1, -17.403504, -8.701752, 91.000000
6, 1, -17.408626, -8.704313, 91.000000
6, 1, -17.404564, -8.702282, 91.000000
6, 1, -17.406552, -8.703276, 91.000000
6, 1, -17.409393, -8.704696, 91.000000
6, 1, -17.399031, -8.699516, 91.000000
6, 1, -17.400989, -8.700494, 91.000000
6, 1, -17.402008, -8.701004, 91.000000
6, 1, -17.402532, -8.701266, 91.000000
6, 1, -17.406019, -8.703010, 91.000000
6, 1, -17.398107, -8.699054, 91.000000
6, 1, -17.407363, -8.703681, 91.000000
6, 1, -17.405119, -8.702559, 91.000000
6, 1, -17.392377, -8.696189, 91.000000
6, 1, -17.405589, -8.702794, 91.000000
6, 1, -17.405817, -8.702909, 91.000000
6, 1, -17.413356, -8.706678, 91.000000
6, 1, -17.403011, -8.701505, 91.000000
6, 1, -17.405902, -8.702951, 91.000000
6, 1, -17.408517, -8.704259, 91.000000
6, 1, -17.402536, -8.701268, 91.000000
6, 1, -17.408752, -8.704376, 91.000000
6, 1, -17.619939, -8.809969, 91.000000
6, 1, -17.406979, -8.703490, 91.000000
6, 1, -17.403592, -8.701796, 91.000000
6, 1, -17.405226, -8.702613, 91.000000
7, 1, -17.616811, -8.808405, 91.000000
7, 1, -17.405009, -8.702505, 91.000000
7, 1, -17.624255, -8.812127, 91.000000
7, 1, -17.398936, -8.699468, 91.000000
7, 1, -17.402589, -8.701294, 91.000000
7, 1, -17.399389, -8.699694, 91.000000
7, 1, -17.401448, -8.700724, 91.000000
7, 1, -17.400142, -8.700071, 91.000000
7, 1, -17.402887, -8.701444, 91.000000
7, 1, -17.459116, -8.729558, 91.000000
7, 1, -17.402183, -8.701091, 91.000000
7, 1, -17.475818, -8.737909, 91.000000
7, 1, -17.404758, -8.702379, 91.000000
7, 1, -17.407216, -8.703608, 91.000000
7, 1, -17.398561, -8.699280, 91.000000
7, 1, -17.412196, -8.706098, 91.000000
7, 1, -17.543773, -8.771886, 91.000000
7, 1, -17.403841, -8.701920, 91.000000
7, 1, -17.402611, -8.701305, 91.000000
7, 1, -17.392913, -8.696456, 91.000000
6, 1, -17.405678, -8.702839, 91.000000
6, 1, -17.410861, -8.705430, 91.000000
6, 1, -17.405316, -8.702658, 91.000000
6, 1, -17.406047, -8.703024, 91.000000
6, 1, -17.402714, -8.701357, 91.000000
6, 1, -17.400149, -8.700075, 91.000000
6, 1, -17.401998, -8.700999, 91.000000
6, 1, -17.408155, -8.704078, 91.000000
6, 1, -17.400257, -8.700128, 91.000000
6, 1, -17.545590, -8.772795, 91.000000
6, 1, -17.401843, -8.700921, 91.000000
6, 1, -17.402402, -8.701201, 91.000000
6, 1, -17.396284, -8.698142, 91.000000
6, 1, -17.407022, -8.703511, 91.000000
6, 1, -17.404451, -8.702226, 91.000000
6, 1, -17.406463, -8.703231, 91.000000
6, 1, -17.404078, -8.702039, 91.000000
6, 1, -17.401465, -8.700732, 91.000000
6, 1, -17.393913, -8.696957, 91.000000
6, 1, -17.403296, -8.701648, 91.000000
6, 1, -17.407149, -8.703575, 91.000000
6, 1, -17.405992, -8.702996, 91.000000
6, 1, -17.392543, -8.696272, 91.000000
6, 1, -17.396433, -8.698216, 91.000000
6, 1, -17.401162, -8.700581, 91.000000
6, 1, -17.406832, -8.703416, 91.000000
6, 1, -17.401933, -8.700966, 91.000000
6, 1, -17.405562, -8.702781, 91.000000
6, 1, -17.410433, -8.705217, 91.000000
6, 1, -17.406417, -8.703209, 91.000000
6, 1, -17.402645, -8.701322, 91.000000
6, 1, -17.397165, -8.698583, 91.000000
6, 1, -17.402301, -8.701150, 91.000000
6, 1, -17.405422, -8.702711, 91.000000
6, 1, -17.456137, -8.728069, 91.000000
6, 1, -17.399470, -8.699735, 91.000000
6, 1, -17.402413, -8.701207, 91.000000
6, 1, -17.408018, -8.704009, 91.000000
6, 1, -17.408062, -8.704031, 91.000000
6, 1, -17.401108, -8.700554, 91.000000
6, 1, -17.402847, -8.701424, 91.000000
6, 1, -17.405826, -8.702913, 91.000000
6, 1, -17.403646, -8.701823, 91.000000
6, 1, -17.408535, -8.704267, 91.000000
6, 1, -17.408883, -8.704442, 91.000000
6, 1, -17.404877, -8.702439, 91.000000
6, 1, -17.400792, -8.700396, 91.000000
6, 1, -17.405625, -8.702813, 91.000000
6, 1, -17.401612, -8.700806, 91.000000
6, 1, -17.400748, -8.700374, 91.000000
6, 1, -17.399020, -8.699510, 91.000000
6, 1, -17.405407, -8.702704, 91.000000
6, 1, -17.401226, -8.700613, 91.000000
6, 1, -17.399283, -8.699642, 91.000000
6, 1, -17.405811, -8.702906, 91.000000
6, 1, -17.393970, -8.696985, 91.000000
6, 1, -17.405746, -8.702873, 91.000000
6, 1, -17.403692, -8.701846, 91.000000
6, 1, -17.407602, -8.703801, 91.000000
6, 1, -17.408350, -8.704175, 91.000000
6, 1, -17.404845, -8.702422, 91.000000
6, 1, -17.400951, -8.700476, 91.000000
6, 1, -17.397086, -8.698543, 91.000000
6, 1, -17.408095, -8.704047, 91.000000
6, 1, -17.401217, -8.700608, 91.000000
6, 1, -17.407618, -8.703809, 91.000000
6, 1, -17.403864, -8.701932, 91.000000
6, 1, -17.398808, -8.699404, 91.000000
6, 1, -17.408949, -8.704474, 91.000000
6, 1, -17.407889, -8.703945, 91.000000
6, 1, -17.403271, -8.701635, 91.000000
6, 1, -17.456067, -8.728034, 91.000000
6, 1, -17.401637, -8.700819, 91.000000
6, 1, -17.413683, -8.706841, 91.000000
6, 1, -17.411297, -8.705648, 91.000000
6, 1, -17.403931, -8.701966, 91.000000
6, 1, -17.397242, -8.698621, 91.000000
6, 1, -17.394446, -8.697223, 91.000000
6, 1, -17.396632, -8.698316, 91.000000
6, 1, -17.404200, -8.702100, 91.000000
6, 1, -17.406626, -8.703313, 91.000000
6, 1, -17.408546, -8.704273, 91.000000
6, 1, -17.409991, -8.704995, 91.000000
6, 1, -17.405152, -8.702576, 91.000000
6, 1, -17.404702, -8.702351, 91.000000
6, 1, -17.397320, -8.698660, 91.000000
6, 1, -17.396813, -8.698406, 91.000000
6, 1, -17.458252, -8.729126, 91.000000
6, 1, -17.403435, -8.701717, 91.000000
6, 1, -17.410691, -8.705345, 91.000000
6, 1, -17.395783, -8.697891, 91.000000
6, 1, -17.403344, -8.701672, 91.000000
6, 1, -17.395852, -8.697926, 91.000000
6, 1, -17.404892, -8.702446, 91.000000
6, 1, -17.405250, -8.702625, 91.000000
6, 1, -17.397079, -8.698539, 91.000000
6, 1, -17.402391, -8.701195, 91.000000
6, 1, -17.408586, -8.704293, 91.000000
6, 1, -17.402819, -8.701410, 91.000000
6, 1, -17.399035, -8.699518, 91.000000
6, 1, -17.404642, -8.702321, 91.000000
6, 1, -17.403048, -8.701524, 91.000000
6, 1, -17.402812, -8.701406, 91.000000
6, 1, -17.406199, -8.703100, 91.000000
6, 1, -17.400608, -8.700304, 91.000000
6, 1, -17.407916, -8.703958, 91.000000
6, 1, -17.402514, -8.701257, 91.000000
7, 1, -17.829673, -8.914836, 90.000000
7, 1, -17.635041, -8.817521, 91.000000
6, 1, -17.119912, -8.559956, 91.000000
7, 1, -17.125535, -8.562768, 91.000000
9, 1, -17.560955, -8.780477, 91.000000
9, 1, 61.363927, 30.681963, 50.000000
8, 1, 99.692210, 49.846105, 50.000000
7, 1, 37.364662, 18.682331, 69.000000
7, 1, 37.336082, 18.668041, 69.000000
7, 1, 37.194264, 18.597132, 70.000000
7, 1, 37.314122, 18.657061, 70.000000
7, 1, 37.244615, 18.622307, 70.000000
7, 1, 37.328587, 18.664294, 70.000000
8, 1, 37.203009, 18.601505, 70.000000
7, 1, 37.263702, 18.631851, 70.000000
7, 1, 37.321111, 18.660555, 70.000000
9, 1, 37.287337, 18.643669, 70.000000
8, 1, 37.282666, 18.641333, 70.000000
