7, 0, -9.657180, -4.828590, 116.000000
7, 0, -9.659520, -4.829760, 116.000000
7, 0, -9.658575, -4.829288, 116.000000
7, 0, -9.658714, -4.829357, 116.000000
7, 0, -9.659360, -4.829680, 116.000000
7, 0, -9.660099, -4.830049, 116.000000
7, 0, -9.660099, -4.830049, 116.000000
7, 0, -9.660853, -4.830427, 116.000000
7, 0, -9.659458, -4.829729, 116.000000
7, 0, -9.659458, -4.829729, 116.000000
7, 0, -9.661103, -4.830552, 116.000000
7, 0, -9.522084, -4.761042, 116.000000
7, 0, -9.522084, -4.761042, 116.000000
7, 0, -9.592056, -4.796028, 116.000000
7, 0, -9.592389, -4.796194, 116.000000
7, 0, -9.592389, -4.796194, 116.000000
7, 0, -9.661075, -4.830538, 116.000000
7, 0, -9.661075, -4.830538, 116.000000
7, 0, -9.591523, -4.795761, 116.000000
7, 0, -9.591551, -4.795775, 116.000000
7, 0, -9.525164, -4.762582, 116.000000
7, 0, -9.591812, -4.795906, 116.000000
7, 0, -9.593734, -4.796867, 116.000000
7, 0, -9.663624, -4.831812, 116.000000
7, 0, -9.659111, -4.829555, 116.000000
7, 0, -9.658527, -4.829263, 116.000000
8, 0, 173.340156, 86.670078, 50.000000
8, 0, 173.257748, 86.628874, 50.000000
8, 0, 173.129273, 86.564636, 50.000000
8, 0, 172.922103, 86.461052, 50.000000
8, 0, 172.887239, 86.443619, 50.000000
8, 0, 172.917842, 86.458921, 50.000000
8, 0, 172.677267, 86.338633, 50.000000
8, 0, 172.614212, 86.307106, 50.000000
8, 0, 172.509255, 86.254628, 50.000000
8, 0, 172.464873, 86.232437, 50.000000
8, 0, 172.429437, 86.214718, 50.000000
8, 0, 172.261908, 86.130954, 50.000000
8, 0, 172.196511, 86.098256, 50.000000
9, 0, 172.156665, 86.078333, 50.000000
8, 0, 172.099172, 86.049586, 50.000000
9, 0, 171.981675, 85.990838, 50.000000
8, 0, 171.986554, 85.993277, 50.000000
8, 0, 171.941215, 85.970608, 50.000000
8, 0, -8.159317, -4.079658, 118.000000
8, 0, -8.180750, -4.090375, 118.000000
8, 0, -8.180750, -4.090375, 118.000000
8, 0, -8.231633, -4.115817, 118.000000
8, 0, -8.262462, -4.131231, 118.000000
8, 0, -8.262716, -4.131358, 118.000000
8, 0, -8.276235, -4.138118, 118.000000
8, 0, -8.311063, -4.155531, 118.000000
8, 0, -8.307949, -4.153975, 118.000000
8, 0, -8.336864, -4.168432, 118.000000
8, 0, -8.350995, -4.175498, 118.000000
8, 0, -8.337843, -4.168922, 118.000000
8, 0, -8.345675, -4.172838, 118.000000
8, 0, -8.345675, -4.172838, 118.000000
8, 0, -8.336682, -4.168341, 118.000000
8, 0, -8.325826, -4.162913, 118.000000
8, 0, -8.338670, -4.169335, 118.000000
8, 0, -8.346784, -4.173392, 118.000000
8, 0, -8.319895, -4.159947, 118.000000
8, 0, -8.285873, -4.142936, 118.000000
8, 0, -8.303787, -4.151893, 118.000000
8, 0, -8.314272, -4.157136, 118.000000
8, 0, -8.278538, -4.139269, 118.000000
8, 0, -8.279191, -4.139595, 118.000000
9, 0, -8.283959, -4.141979, 118.000000
8, 0, -8.228511, -4.114256, 118.000000
8, 0, -8.160329, -4.080164, 118.000000
8, 0, -8.180485, -4.090242, 118.000000
8, 0, -8.190745, -4.095373, 118.000000
9, 0, -8.107963, -4.053982, 118.000000
9, 0, -8.107963, -4.053982, 118.000000
8, 0, -7.983540, -3.991770, 118.000000
9, 0, -8.297069, -4.148534, 118.000000
9, 0, -8.297069, -4.148534, 118.000000
9, 0, -8.079002, -4.039501, 118.000000
9, 0, -8.009631, -4.004816, 118.000000
9, 0, -8.242514, -4.121257, 118.000000
9, 0, -8.054367, -4.027184, 118.000000
9, 0, -7.975473, -3.987737, 118.000000
9, 0, -7.957883, -3.978942, 118.000000
8, 0, -7.806484, -3.903242, 118.000000
9, 0, -7.931160, -3.965580, 118.000000
8, 0, -7.666920, -3.833460, 119.000000
8, 0, -7.538846, -3.769423, 119.000000
9, 0, -7.501755, -3.750877, 119.000000
8, 0, -7.470826, -3.735413, 119.000000
8, 0, -7.387896, -3.693948, 119.000000
8, 0, -7.432606, -3.716303, 119.000000
8, 0, -7.274836, -3.637418, 119.000000
8, 0, -6.864478, -3.432239, 120.000000
8, 0, -6.523770, -3.261885, 120.000000
8, 0, -6.087452, -3.043726, 121.000000
8, 0, -5.692583, -2.846291, 121.000000
7, 0, -7.631039, -3.815519, 119.000000
7, 0, -7.576137, -3.788069, 119.000000
6, 0, 2.812212, 1.406106, 125.000000
6, 0, 3.076746, 1.538373, 125.000000
6, 0, 3.372729, 1.686364, 125.000000
6, 0, 3.706474, 1.853237, 124.000000
7, 0, 57.483471, 28.741735, 50.000000
7, 0, 58.215490, 29.107745, 50.000000
8, 0, 58.591857, 29.295929, 50.000000
6, 0, -132.077587, -66.038794, 50.000000
6, 0, -138.840171, -69.420085, 50.000000
6, 0, -143.023542, -71.511771, 50.000000
6, 0, -147.083234, -73.541617, 50.000000
6, 0, -149.921017, -74.960508, 50.000000
6, 0, -150.727638, -75.363819, 50.000000
6, 0, -152.095371, -76.047685, 50.000000
7, 0, -153.335702, -76.667851, 50.000000
6, 0, 8.116028, 4.058014, 118.000000
6, 0, 8.109169, 4.054585, 118.000000
6, 0, 8.210346, 4.105173, 118.000000
5, 0, 8.571015, 4.285508, 117.000000
5, 0, 8.862465, 4.431233, 117.000000
5, 0, 9.254460, 4.627230, 116.000000
7, 0, 9.679092, 4.839546, 116.000000
6, 0, 10.086673, 5.043337, 115.000000
6, 0, 10.443031, 5.221516, 115.000000
6, 0, 10.545849, 5.272924, 114.000000
6, 0, 10.596437, 5.298219, 114.000000
7, 0, 10.840268, 5.420134, 114.000000
6, 0, 10.833054, 5.416527, 114.000000
6, 0, 10.825635, 5.412818, 114.000000
6, 0, 10.889395, 5.444698, 114.000000
6, 0, 11.007734, 5.503867, 114.000000
5, 0, 10.737832, 5.368916, 114.000000
6, 0, 10.785825, 5.392912, 114.000000
6, 0, 10.718706, 5.359353, 114.000000
7, 0, 10.585561, 5.292781, 114.000000
5, 0, 10.438396, 5.219198, 115.000000
6, 0, 10.429145, 5.214572, 115.000000
6, 0, 10.362553, 5.181276, 115.000000
7, 0, 10.279832, 5.139916, 115.000000
7, 0, 10.214144, 5.107072, 115.000000
6, 0, 10.151822, 5.075911, 115.000000
7, 0, 10.143561, 5.071781, 115.000000
6, 0, 10.068239, 5.034119, 115.000000
6, 0, 10.004911, 5.002455, 115.000000
6, 0, 9.939249, 4.969625, 115.000000
6, 0, 9.999775, 4.999887, 115.000000
7, 0, 10.126773, 5.063386, 115.000000
7, 0, 10.253897, 5.126949, 115.000000
7, 0, 10.406661, 5.203330, 115.000000
7, 0, 9.639241, 4.819621, 116.000000
7, 0, 9.964242, 4.982121, 115.000000
7, 0, 9.920305, 4.960153, 115.000000
7, 0, 10.258599, 5.129300, 115.000000
6, 0, 9.792025, 4.896013, 116.000000
6, 0, 9.322209, 4.661104, 116.000000
7, 0, 9.254644, 4.627322, 116.000000
8, 0, 9.373255, 4.686628, 116.000000
8, 0, 9.322921, 4.661461, 116.000000
8, 0, 9.098848, 4.549424, 117.000000
8, 0, 9.230135, 4.615068, 116.000000
8, 0, 8.966502, 4.483251, 117.000000
8, 0, 8.775449, 4.387725, 117.000000
9, 0, 8.924455, 4.462227, 117.000000
9, 0, 8.600220, 4.300110, 117.000000
9, 0, 8.367466, 4.183733, 118.000000
9, 0, 8.191858, 4.095929, 118.000000
9, 0, 8.395454, 4.197727, 118.000000
9, 0, 7.734875, 3.867437, 118.000000
9, 0, 7.178066, 3.589033, 119.000000
8, 0, -22.492333, -11.246167, 97.000000
8, 0, -23.327083, -11.663542, 96.000000
8, 0, -25.032931, -12.516466, 94.000000
7, 0, -3.776759, -1.888380, 124.000000
7, 0, -4.078499, -2.039249, 124.000000
7, 0, -4.312412, -2.156206, 123.000000
7, 0, -5.142138, -2.571069, 122.000000
7, 0, -5.595089, -2.797545, 122.000000
7, 0, -5.959565, -2.979783, 121.000000
6, 0, -5.602973, -2.801486, 121.000000
6, 0, -5.470789, -2.735395, 122.000000
6, 0, -5.118543, -2.559272, 122.000000
6, 0, -4.736108, -2.368054, 123.000000
6, 0, -4.569554, -2.284777, 123.000000
6, 0, -4.567693, -2.283847, 123.000000
6, 0, -4.547604, -2.273802, 123.000000
6, 0, -4.724686, -2.362343, 123.000000
6, 0, -4.486132, -2.243066, 123.000000
7, 0, -4.419209, -2.209605, 123.000000
7, 0, -4.179241, -2.089621, 124.000000
7, 0, -4.480915, -2.240458, 123.000000
8, 0, -4.071167, -2.035583, 124.000000
8, 0, -4.296933, -2.148466, 123.000000
8, 0, -3.961734, -1.980867, 124.000000
8, 0, -4.073644, -2.036822, 124.000000
7, 0, -17.834269, -8.917135, 104.000000
7, 0, -18.360263, -9.180132, 103.000000
7, 0, -18.253891, -9.126946, 103.000000
7, 0, -18.433532, -9.216766, 103.000000
6, 0, -19.303329, -9.651665, 102.000000
7, 0, -19.445504, -9.722752, 102.000000
7, 0, -20.001430, -10.000715, 101.000000
7, 0, -20.110465, -10.055233, 101.000000
7, 0, -21.118309, -10.559155, 99.000000
7, 0, -21.004243, -10.502121, 99.000000
6, 0, -7.998156, -3.999078, 118.000000
6, 0, -7.608966, -3.804483, 119.000000
6, 0, -5.970762, -2.985381, 121.000000
6, 0, -4.073819, -2.036910, 124.000000
6, 0, -2.259836, -1.129918, 126.000000
7, 0, -2.618756, -1.309378, 126.000000
7, 0, -1.398856, -0.699428, 128.000000
6, 0, 8.253202, 4.126601, 118.000000
6, 0, 8.695551, 4.347775, 117.000000
5, 0, 10.001983, 5.000991, 115.000000
5, 0, 10.651361, 5.325681, 114.000000
6, 0, 11.162566, 5.581283, 114.000000
6, 0, 11.448742, 5.724371, 113.000000
7, 0, 11.917553, 5.958776, 112.000000
7, 0, 12.677616, 6.338808, 111.000000
7, 0, 12.786313, 6.393157, 111.000000
7, 0, 12.695607, 6.347803, 111.000000
7, 0, 12.985884, 6.492942, 111.000000
7, 0, 12.714114, 6.357057, 111.000000
7, 0, 12.714114, 6.357057, 111.000000
7, 0, 12.729482, 6.364741, 111.000000
7, 0, 12.670284, 6.335142, 111.000000
7, 0, 12.629690, 6.314845, 111.000000
7, 0, 12.251014, 6.125507, 112.000000
6, 0, 11.867615, 5.933807, 113.000000
7, 0, 11.888195, 5.944098, 113.000000
8, 0, 11.661735, 5.830868, 113.000000
7, 0, 11.733036, 5.866518, 113.000000
7, 0, 11.460067, 5.730034, 113.000000
7, 0, 10.714189, 5.357095, 114.000000
7, 0, -2.575842, -1.287921, 126.000000
6, 0, -3.593989, -1.796994, 124.000000
5, 0, -1.209574, -0.604787, 128.000000
6, 0, -1.869739, -0.934869, 127.000000
6, 0, -2.468749, -1.234374, 126.000000
6, 0, -3.671173, -1.835587, 124.000000
6, 0, -4.005497, -2.002749, 124.000000
6, 0, -4.374947, -2.187474, 123.000000
7, 0, -5.263623, -2.631812, 122.000000
7, 0, -5.495461, -2.747731, 122.000000
7, 0, -5.127198, -2.563599, 122.000000
7, 0, -5.038564, -2.519282, 122.000000
7, 0, -5.561760, -2.780880, 122.000000
7, 0, -5.352887, -2.676444, 122.000000
7, 0, -5.183792, -2.591896, 122.000000
7, 0, -5.153894, -2.576947, 122.000000
7, 0, -5.214812, -2.607406, 122.000000
7, 0, -4.723796, -2.361898, 123.000000
7, 0, -5.368025, -2.684013, 122.000000
7, 0, -4.912261, -2.456130, 122.000000
6, 0, -4.939259, -2.469629, 122.000000
5, 0, -5.494507, -2.747254, 122.000000
4, 0, -18.066379, -9.033189, 104.000000
6, 0, -18.550587, -9.275294, 103.000000
6, 1, -18.602272, -9.301136, 103.000000
5, 1, -19.194599, -9.597299, 102.000000
7, 1, -19.288112, -9.644056, 102.000000
7, 1, -19.668193, -9.834096, 101.000000
7, 1, -19.881307, -9.940654, 101.000000
7, 1, -19.788329, -9.894165, 101.000000
7, 1, -20.162702, -10.081351, 101.000000
7, 1, -19.998012, -9.999006, 101.000000
7, 1, -19.151242, -9.575621, 102.000000
7, 1, -17.842803, -8.921402, 104.000000
8, 1, -17.996378, -8.998189, 104.000000
8, 1, -17.425966, -8.712983, 105.000000
8, 1, -16.687815, -8.343907, 106.000000
8, 1, -15.936534, -7.968267, 107.000000
7, 1, -22.336151, -11.168075, 98.000000
7, 1, -22.419621, -11.209810, 97.000000
7, 1, -22.417123, -11.208561, 97.000000
6, 1, -23.241964, -11.620982, 96.000000
6, 1, -22.991953, -11.495976, 97.000000
6, 1, -22.338697, -11.169349, 98.000000
6, 1, -21.593942, -10.796971, 99.000000
7, 1, -21.404908, -10.702454, 99.000000
7, 1, -21.429326, -10.714663, 99.000000
8, 1, -21.022304, -10.511152, 99.000000
8, 1, -20.483361, -10.241680, 100.000000
8, 1, -19.471121, -9.735560, 102.000000
7, 1, -19.207767, -9.603884, 102.000000
7, 1, -18.410279, -9.205140, 103.000000
7, 1, -17.575321, -8.787660, 104.000000
7, 1, -16.957417, -8.478708, 105.000000
7, 1, -16.316853, -8.158426, 106.000000
7, 1, -15.819025, -7.909512, 107.000000
7, 1, -14.565271, -7.282636, 109.000000
7, 1, -14.283441, -7.141721, 109.000000
8, 1, -14.029817, -7.014909, 109.000000
10, 1, -13.910398, -6.955199, 110.000000
10, 1, -13.379120, -6.689560, 110.000000
8, 1, -6.993292, -3.496646, 120.000000
8, 1, -6.338758, -3.169379, 120.000000
8, 1, -5.042102, -2.521051, 122.000000
8, 1, -4.650203, -2.325101, 123.000000
7, 1, -3.136616, -1.568308, 125.000000
7, 1, -2.247690, -1.123845, 126.000000
7, 1, -1.472203, -0.736102, 127.000000
7, 1, -0.883406, -0.441703, 128.000000
8, 1, 0.195736, 0.097868, 129.000000
8, 1, 0.969377, 0.484688, 128.000000
8, 1, 1.668857, 0.834429, 127.000000
8, 1, -16.808550, -8.404275, 105.000000
8, 0, -17.137612, -8.568806, 105.000000
8, 0, -17.489588, -8.744794, 105.000000
8, 1, -18.084921, -9.042460, 104.000000
8, 1, -19.479401, -9.739700, 102.000000
8, 1, -20.193959, -10.096980, 101.000000
9, 1, -21.224104, -10.612052, 99.000000
8, 1, -22.711146, -11.355573, 97.000000
8, 1, -22.711146, -11.355573, 97.000000
8, 1, -21.653665, -10.826833, 99.000000
9, 1, -31.986910, -15.993455, 84.000000
9, 1, -33.196039, -16.598019, 82.000000
9, 1, -34.814433, -17.407217, 80.000000
8, 1, -39.069497, -19.534748, 74.000000
9, 1, -42.158023, -21.079011, 69.000000
8, 1, -45.749383, -22.874691, 64.000000
8, 1, -11.350341, -5.675171, 113.000000
8, 1, -9.622124, -4.811062, 116.000000
8, 1, -7.739026, -3.869513, 118.000000
8, 1, -5.354975, -2.677488, 122.000000
10, 1, -2.931642, -1.465821, 125.000000
10, 1, 3.631712, 1.815856, 124.000000
9, 1, 8.327886, 4.163943, 118.000000
10, 1, 14.186001, 7.093000, 109.000000
9, 1, -10.637023, -5.318512, 114.000000
10, 1, -8.997345, -4.498672, 117.000000
10, 1, -7.414682, -3.707341, 119.000000
10, 1, -5.746666, -2.873333, 121.000000
8, 1, -4.543598, -2.271799, 123.000000
8, 1, -2.212056, -1.106028, 126.000000
8, 1, -1.862098, -0.931049, 127.000000
10, 0, -1.304685, -0.652342, 128.000000
10, 0, 3.698649, 1.849325, 124.000000
10, 0, 4.492463, 2.246231, 123.000000
9, 0, 5.114930, 2.557465, 122.000000
9, 0, 6.473891, 3.236945, 120.000000
10, 0, 7.400199, 3.700100, 119.000000
9, 1, 8.693244, 4.346622, 117.000000
8, 1, 11.839746, 5.919873, 113.000000
8, 1, 15.216369, 7.608184, 108.000000
8, 1, 15.216369, 7.608184, 108.000000
8, 1, -24.696364, -12.348182, 94.000000
8, 1, -25.674640, -12.837320, 93.000000
9, 1, -27.458885, -13.729442, 90.000000
8, 1, -31.337599, -15.668799, 85.000000
9, 1, -33.175558, -16.587779, 82.000000
8, 1, -29.645237, -14.822618, 87.000000
8, 1, -32.059157, -16.029579, 84.000000
7, 1, -36.966128, -18.483064, 77.000000
7, 1, -39.155521, -19.577760, 74.000000
8, 1, -41.016449, -20.508224, 71.000000
8, 1, -43.406130, -21.703065, 67.000000
8, 1, -47.249575, -23.624787, 62.000000
8, 1, -49.398129, -24.699065, 59.000000
8, 1, -51.669914, -25.834957, 56.000000
8, 1, -53.737654, -26.868827, 53.000000
7, 1, -55.977924, -27.988962, 50.000000
7, 1, -62.451006, -31.225503, 50.000000
7, 1, -66.799677, -33.399838, 50.000000
6, 1, -34.447053, -17.223527, 80.000000
5, 1, -32.341040, -16.170520, 83.000000
7, 1, -31.040017, -15.520009, 85.000000
7, 1, -29.099643, -14.549821, 88.000000
8, 1, -26.689984, -13.344992, 91.000000
8, 1, -21.360469, -10.680234, 99.000000
8, 1, -18.672242, -9.336121, 103.000000
8, 1, -15.711132, -7.855566, 107.000000
9, 1, -13.579843, -6.789922, 110.000000
9, 1, -11.751727, -5.875863, 113.000000
9, 1, -8.050221, -4.025110, 118.000000
9, 1, -5.764464, -2.882232, 121.000000
8, 1, -4.372485, -2.186242, 123.000000
7, 1, -26.201595, -13.100798, 92.000000
7, 1, -26.308030, -13.154015, 92.000000
7, 1, -28.171323, -14.085662, 89.000000
7, 1, -28.952650, -14.476325, 88.000000
7, 1, -29.567293, -14.783647, 87.000000
7, 1, -31.987170, -15.993585, 84.000000
6, 1, -33.217356, -16.608678, 82.000000
6, 1, -35.260941, -17.630470, 79.000000
7, 1, -37.956098, -18.978049, 75.000000
7, 1, -43.021321, -21.510661, 68.000000
6, 1, -46.052376, -23.026188, 64.000000
7, 1, -49.688119, -24.844060, 59.000000
8, 1, -53.720021, -26.860011, 53.000000
6, 1, -67.722863, -33.861432, 50.000000
6, 1, -76.925292, -38.462646, 50.000000
4, 1, -51.794610, -25.897305, 56.000000
4, 1, -159.099551, -79.549776, 50.000000
6, 1, -72.512657, -36.256328, 50.000000
6, 1, -72.631221, -36.315611, 50.000000
6, 1, -73.014855, -36.507428, 50.000000
6, 1, -73.181003, -36.590501, 50.000000
6, 1, -72.591760, -36.295880, 50.000000
7, 1, -72.792226, -36.396113, 50.000000
7, 1, -72.766270, -36.383135, 50.000000
7, 0, -72.541304, -36.270652, 50.000000
8, 0, -73.157769, -36.578885, 50.000000
8, 0, -73.788525, -36.894263, 50.000000
8, 0, -74.424883, -37.212442, 50.000000
8, 0, -74.988605, -37.494302, 50.000000
7, 0, -77.872714, -38.936357, 50.000000
6, 0, -47.318047, -23.659023, 62.000000
6, 0, -45.139856, -22.569928, 65.000000
6, 0, -44.352481, -22.176241, 66.000000
7, 0, -42.693407, -21.346703, 69.000000
7, 1, -39.550895, -19.775447, 73.000000
8, 1, -38.038292, -19.019146, 75.000000
8, 1, -36.053193, -18.026596, 78.000000
7, 1, -31.703550, -15.851775, 84.000000
7, 1, -31.218011, -15.609005, 85.000000
7, 1, -29.407358, -14.703679, 87.000000
8, 0, -28.114693, -14.057346, 89.000000
8, 0, -26.883458, -13.441729, 91.000000
8, 0, -25.028945, -12.514472, 94.000000
8, 0, -24.712874, -12.356437, 94.000000
9, 0, -23.736231, -11.868116, 96.000000
9, 0, -22.274757, -11.137378, 98.000000
10, 2, -20.345727, -10.172863, 100.000000
10, 2, -20.469673, -10.234836, 100.000000
11, 0, -18.838462, -9.419231, 103.000000
11, 0, -18.122850, -9.061425, 104.000000
11, 0, -17.651936, -8.825968, 104.000000
11, 0, -17.272285, -8.636142, 105.000000
11, 0, -16.916136, -8.458068, 105.000000
10, 0, -11.237268, -5.618634, 113.000000
10, 0, -10.573289, -5.286644, 114.000000
10, 0, -10.387043, -5.193521, 115.000000
8, 0, -14.236946, -7.118473, 109.000000
8, 0, -14.193272, -7.096636, 109.000000
8, 0, -13.831217, -6.915609, 110.000000
8, 0, -13.703097, -6.851548, 110.000000
9, 0, -12.824438, -6.412219, 111.000000
9, 0, -12.824438, -6.412219, 111.000000
9, 0, -12.528870, -6.264435, 112.000000
9, 0, -12.337981, -6.168991, 112.000000
9, 0, -12.266052, -6.133026, 112.000000
9, 0, -12.049372, -6.024686, 112.000000
9, 0, -11.581707, -5.790853, 113.000000
9, 0, -11.177081, -5.588541, 114.000000
9, 0, -10.967672, -5.483836, 114.000000
10, 0, -10.558136, -5.279068, 114.000000
10, 0, -10.386787, -5.193394, 115.000000
10, 0, -8.783502, -4.391751, 117.000000
10, 0, -9.709442, -4.854721, 116.000000
10, 2, -9.709442, -4.854721, 116.000000
9, 2, -9.006342, -4.503171, 117.000000
9, 2, -8.813326, -4.406663, 117.000000
8, 2, 20.159430, 10.079715, 101.000000
9, 2, 21.973866, 10.986933, 98.000000
9, 2, 23.647068, 11.823534, 96.000000
9, 2, 24.805812, 12.402906, 94.000000
7, 2, 70.890948, 35.445474, 50.000000
7, 2, 99.765950, 49.882975, 50.000000
8, 2, 102.480706, 51.240353, 50.000000
8, 2, 104.541256, 52.270628, 50.000000
8, 2, 107.683168, 53.841584, 50.000000
9, 2, 111.167932, 55.583966, 50.000000
9, 2, 112.641274, 56.320637, 50.000000
9, 2, 114.301858, 57.150929, 50.000000
9, 2, 115.569832, 57.784916, 50.000000
9, 2, 117.535455, 58.767727, 50.000000
9, 2, 119.862242, 59.931121, 50.000000
9, 2, 119.869243, 59.934622, 50.000000
9, 2, 120.429005, 60.214502, 50.000000
8, 2, 142.830971, 71.415485, 50.000000
8, 2, 141.763349, 70.881675, 50.000000
8, 2, 140.880776, 70.440388, 50.000000
8, 2, 138.422206, 69.211103, 50.000000
8, 2, 138.422206, 69.211103, 50.000000
9, 2, 99.042256, 49.521128, 50.000000
9, 2, 100.164178, 50.082089, 50.000000
8, 2, 105.231205, 52.615603, 50.000000
8, 2, 107.292951, 53.646475, 50.000000
10, 2, 109.879080, 54.939540, 50.000000
9, 2, 112.611639, 56.305819, 50.000000
10, 2, 127.937984, 63.968992, 50.000000
10, 2, 128.143087, 64.071544, 50.000000
9, 2, 59.582814, 29.791407, 50.000000
9, 2, 59.493006, 29.746503, 50.000000
9, 2, 58.778887, 29.389443, 50.000000
8, 2, 59.349181, 29.674590, 50.000000
8, 2, 59.166492, 29.583246, 50.000000
8, 2, 58.876068, 29.438034, 50.000000
7, 2, 59.132083, 29.566042, 50.000000
7, 2, 59.785534, 29.892767, 50.000000
7, 2, 60.509276, 30.254638, 50.000000
7, 2, 61.652050, 30.826025, 50.000000
8, 2, 63.047304, 31.523652, 50.000000
9, 2, 66.163078, 33.081539, 50.000000
9, 2, 68.644577, 34.322288, 50.000000
9, 2, 37.034475, 18.517237, 77.000000
8, 2, 34.841680, 17.420840, 80.000000
8, 2, 33.554266, 16.777133, 82.000000
8, 2, 31.490315, 15.745157, 85.000000
9, 0, 29.570833, 14.785417, 87.000000
9, 0, 28.137116, 14.068558, 89.000000
9, 0, 25.375602, 12.687801, 93.000000
9, 0, 23.402537, 11.701268, 96.000000
8, 0, 19.130586, 9.565293, 102.000000
9, 0, 17.071363, 8.535681, 105.000000
9, 0, 15.611817, 7.805909, 107.000000
8, 0, 7.345150, 3.672575, 119.000000
8, 0, 5.837902, 2.918951, 121.000000
7, 0, -2.935169, -1.467585, 125.000000
6, 0, -4.097750, -2.048875, 124.000000
6, 0, -5.369142, -2.684571, 122.000000
5, 0, -6.944019, -3.472009, 120.000000
6, 0, -8.648051, -4.324025, 117.000000
6, 0, -9.768683, -4.884342, 116.000000
7, 0, -11.066047, -5.533024, 114.000000
7, 0, -12.062872, -6.031436, 112.000000
7, 1, -12.828111, -6.414055, 111.000000
7, 1, -13.738096, -6.869048, 110.000000
7, 1, -14.171537, -7.085769, 109.000000
7, 1, -14.421232, -7.210616, 109.000000
8, 1, -14.954503, -7.477251, 108.000000
8, 1, -15.126335, -7.563168, 108.000000
8, 1, -14.908078, -7.454039, 108.000000
8, 1, -15.654796, -7.827398, 107.000000
8, 1, -15.654796, -7.827398, 107.000000
8, 1, -16.173284, -8.086642, 106.000000
8, 1, -15.420994, -7.710497, 107.000000
7, 1, -74.375382, -37.187691, 50.000000
6, 1, -81.432350, -40.716175, 50.000000
6, 1, -43.070582, -21.535291, 68.000000
6, 1, -43.446205, -21.723102, 67.000000
6, 1, -42.671865, -21.335933, 69.000000
6, 1, -42.938511, -21.469255, 68.000000
6, 1, -46.405017, -23.202509, 63.000000
5, 1, -48.440083, -24.220042, 60.000000
5, 1, -49.088722, -24.544361, 59.000000
6, 1, -50.289930, -25.144965, 58.000000
6, 1, -50.404437, -25.202219, 57.000000
7, 1, -50.833869, -25.416934, 57.000000
7, 1, -50.464330, -25.232165, 57.000000
7, 1, -50.954253, -25.477126, 57.000000
7, 1, -51.197749, -25.598875, 56.000000
7, 1, -51.525228, -25.762614, 56.000000
7, 1, -51.896591, -25.948295, 55.000000
7, 0, -52.073519, -26.036760, 55.000000
7, 0, -52.733353, -26.366676, 54.000000
7, 1, -54.846527, -27.423264, 51.000000
8, 1, -56.777396, -28.388698, 50.000000
8, 1, -31.196342, -15.598171, 85.000000
8, 1, -29.204247, -14.602124, 88.000000
8, 1, -27.467287, -13.733644, 90.000000
8, 1, -25.297415, -12.648707, 93.000000
8, 1, -23.690271, -11.845136, 96.000000
8, 1, -21.784118, -10.892059, 98.000000
8, 1, -17.296966, -8.648483, 105.000000
8, 1, -14.752208, -7.376104, 108.000000
8, 1, -9.126846, -4.563423, 116.000000
8, 1, -6.730968, -3.365484, 120.000000
8, 0, -4.898604, -2.449302, 123.000000
8, 0, -1.380091, -0.690046, 128.000000
8, 0, 0.389927, 0.194963, 129.000000
8, 0, 1.895074, 0.947537, 127.000000
8, 0, 3.199005, 1.599502, 125.000000
8, 0, 3.169061, 1.584531, 125.000000
7, 0, -4.321755, -2.160877, 123.000000
6, 0, -5.394910, -2.697455, 122.000000
6, 0, -5.189416, -2.594708, 122.000000
6, 0, -4.987610, -2.493805, 122.000000
6, 0, -4.213415, -2.106708, 123.000000
6, 0, -5.899142, -2.949571, 121.000000
6, 0, -4.914817, -2.457408, 122.000000
6, 0, -5.832880, -2.916440, 121.000000
7, 0, -6.124928, -3.062464, 121.000000
7, 0, -6.284771, -3.142386, 121.000000
7, 0, -6.546238, -3.273119, 120.000000
7, 0, -6.170057, -3.085029, 121.000000
8, 0, -6.050187, -3.025094, 121.000000
8, 0, -5.829023, -2.914511, 121.000000
8, 0, -5.647986, -2.823993, 121.000000
8, 0, -5.251017, -2.625508, 122.000000
8, 0, -5.218010, -2.609005, 122.000000
8, 0, -5.048072, -2.524036, 122.000000
8, 0, -4.597472, -2.298736, 123.000000
7, 0, -3.688506, -1.844253, 124.000000
6, 0, 18.382870, 9.191435, 103.000000
6, 0, 19.419371, 9.709686, 102.000000
6, 0, 19.389755, 9.694877, 102.000000
5, 0, 20.652734, 10.326367, 100.000000
5, 0, 22.181280, 11.090640, 98.000000
6, 0, 25.938349, 12.969174, 92.000000
7, 0, 27.450882, 13.725441, 90.000000
7, 0, 28.669849, 14.334925, 89.000000
8, 0, 32.274264, 16.137132, 83.000000
7, 0, 33.697234, 16.848617, 81.000000
7, 0, 34.332061, 17.166030, 80.000000
7, 0, 35.758331, 17.879165, 78.000000
7, 0, 38.145761, 19.072881, 75.000000
7, 0, 39.791911, 19.895956, 73.000000
7, 0, 41.926228, 20.963114, 70.000000
7, 0, 44.564039, 22.282020, 66.000000
7, 0, 49.679884, 24.839942, 59.000000
7, 0, 53.993192, 26.996596, 52.000000
7, 0, 59.270831, 29.635415, 50.000000
7, 0, 66.020839, 33.010419, 50.000000
6, 0, 9.186849, 4.593424, 116.000000
6, 0, 5.209781, 2.604891, 122.000000
6, 0, 2.865414, 1.432707, 125.000000
7, 0, 0.344901, 0.172451, 129.000000
6, 0, -5.142579, -2.571289, 122.000000
6, 0, -9.778159, -4.889080, 116.000000
6, 0, -13.915292, -6.957646, 110.000000
6, 0, -18.285752, -9.142876, 103.000000
5, 0, -61.562061, -30.781031, 50.000000
5, 0, -71.446343, -35.723171, 50.000000
6, 0, -75.825917, -37.912958, 50.000000
6, 1, -80.372005, -40.186003, 50.000000
6, 1, -88.933926, -44.466963, 50.000000
7, 1, -92.780624, -46.390312, 50.000000
6, 1, -96.740227, -48.370114, 50.000000
5, 1, -65.600683, -32.800341, 50.000000
4, 1, -99.845421, -49.922711, 50.000000
5, 1, -105.292872, -52.646436, 50.000000
4, 1, -105.100859, -52.550430, 50.000000
4, 1, -107.241730, -53.620865, 50.000000
4, 1, -105.628795, -52.814398, 50.000000
4, 1, -107.050171, -53.525085, 50.000000
4, 1, -107.604349, -53.802174, 50.000000
4, 1, -110.517285, -55.258643, 50.000000
4, 1, -111.566641, -55.783320, 50.000000
4, 1, -111.369709, -55.684854, 50.000000
4, 1, -109.451965, -54.725982, 50.000000
4, 1, -108.809043, -54.404521, 50.000000
5, 1, -107.780237, -53.890119, 50.000000
5, 1, -107.559080, -53.779540, 50.000000
5, 1, -106.314405, -53.157202, 50.000000
5, 1, -105.975382, -52.987691, 50.000000
4, 1, -105.016453, -52.508226, 50.000000
5, 1, -104.722421, -52.361210, 50.000000
5, 1, -104.032589, -52.016295, 50.000000
6, 1, -77.225704, -38.612852, 50.000000
6, 1, -76.905171, -38.452585, 50.000000
6, 1, -76.730308, -38.365154, 50.000000
6, 1, -76.706377, -38.353189, 50.000000
7, 1, -76.523214, -38.261607, 50.000000
7, 1, -76.293604, -38.146802, 50.000000
7, 1, -76.564642, -38.282321, 50.000000
7, 1, -76.811127, -38.405564, 50.000000
7, 1, -77.057471, -38.528736, 50.000000
7, 1, -78.056043, -39.028021, 50.000000
7, 1, -78.920131, -39.460065, 50.000000
7, 1, -79.470953, -39.735477, 50.000000
8, 1, -80.250065, -40.125032, 50.000000
7, 1, -82.889367, -41.444683, 50.000000
8, 1, -84.393647, -42.196824, 50.000000
8, 1, -86.360083, -43.180042, 50.000000
8, 1, -88.500196, -44.250098, 50.000000
8, 1, -91.085774, -45.542887, 50.000000
8, 1, -93.731083, -46.865542, 50.000000
6, 1, -35.667959, -17.833980, 79.000000
6, 1, -34.314628, -17.157314, 80.000000
6, 1, -30.966090, -15.483045, 85.000000
6, 1, -29.927156, -14.963578, 87.000000
7, 1, -28.136838, -14.068419, 89.000000
7, 1, -27.217701, -13.608851, 91.000000
6, 1, -25.264096, -12.632048, 93.000000
7, 1, -22.701335, -11.350668, 97.000000
7, 1, -22.423815, -11.211908, 97.000000
7, 1, -21.737050, -10.868525, 98.000000
6, 1, 23.345887, 11.672943, 96.000000
6, 1, 29.373887, 14.686943, 88.000000
6, 1, 34.017607, 17.008803, 81.000000
6, 1, 38.637130, 19.318565, 74.000000
6, 1, 44.083590, 22.041795, 67.000000
5, 0, 2.813295, 1.406648, 125.000000
5, 0, 3.845926, 1.922963, 124.000000
5, 0, 4.837028, 2.418514, 123.000000
5, 0, 5.705158, 2.852579, 121.000000
5, 0, 7.009907, 3.504953, 119.000000
5, 0, 7.399806, 3.699903, 119.000000
5, 0, 7.624761, 3.812380, 119.000000
6, 0, 6.650400, 3.325200, 120.000000
6, 0, 6.935235, 3.467618, 120.000000
6, 0, 7.011838, 3.505919, 119.000000
6, 0, 7.066416, 3.533208, 119.000000
7, 0, 7.197892, 3.598946, 119.000000
6, 0, 7.267173, 3.633586, 119.000000
6, 0, 7.115540, 3.557770, 119.000000
5, 0, 7.051217, 3.525608, 119.000000
6, 0, 6.868824, 3.434412, 120.000000
7, 0, 6.643478, 3.321739, 120.000000
8, 0, 7.258973, 3.629487, 119.000000
8, 0, 6.986187, 3.493093, 120.000000
8, 0, 7.072026, 3.536013, 119.000000
8, 0, 6.492091, 3.246045, 120.000000
7, 0, 6.298135, 3.149067, 121.000000
7, 0, 6.339533, 3.169767, 120.000000
8, 0, 6.856786, 3.428393, 120.000000
6, 0, 7.339617, 3.669809, 119.000000
6, 0, -5.812338, -2.906169, 121.000000
6, 0, -7.178795, -3.589397, 119.000000
6, 0, -18.986326, -9.493163, 102.000000
5, 0, -19.987596, -9.993798, 101.000000
6, 0, -20.367336, -10.183668, 100.000000
5, 0, -20.894036, -10.447018, 100.000000
5, 0, -21.873124, -10.936562, 98.000000
6, 0, -22.366008, -11.183004, 98.000000
5, 1, -22.687871, -11.343936, 97.000000
6, 1, -22.651345, -11.325672, 97.000000
7, 1, -22.568807, -11.284404, 97.000000
7, 1, -22.239397, -11.119699, 98.000000
6, 1, -21.215716, -10.607858, 99.000000
6, 1, -22.192836, -11.096418, 98.000000
6, 1, -21.044085, -10.522043, 99.000000
5, 1, -20.381897, -10.190949, 100.000000
8, 1, -19.975499, -9.987750, 101.000000
7, 1, -19.391630, -9.695815, 102.000000
7, 1, -19.021259, -9.510629, 102.000000
8, 1, -17.950680, -8.975340, 104.000000
7, 1, -17.779040, -8.889520, 104.000000
7, 1, -17.376196, -8.688098, 105.000000
8, 1, -16.780876, -8.390438, 106.000000
8, 1, -14.518737, -7.259369, 109.000000
6, 1, -50.447242, -25.223621, 57.000000
7, 1, -52.632105, -26.316052, 54.000000
6, 1, -54.397438, -27.198719, 52.000000
6, 1, -41.130387, -20.565193, 71.000000
7, 1, -41.629764, -20.814882, 70.000000
7, 1, -42.451245, -21.225622, 69.000000
6, 1, -42.655257, -21.327629, 69.000000
7, 1, -44.011592, -22.005796, 67.000000
7, 1, -43.884507, -21.942253, 67.000000
6, 1, -44.086394, -22.043197, 67.000000
7, 1, -43.961675, -21.980838, 67.000000
7, 1, -43.355916, -21.677958, 68.000000
7, 1, -43.125985, -21.562992, 68.000000
7, 1, -42.806238, -21.403119, 68.000000
7, 1, -42.149925, -21.074963, 69.000000
8, 1, -41.801274, -20.900637, 70.000000
8, 1, -41.699142, -20.849571, 70.000000
7, 1, -41.811494, -20.905747, 70.000000
8, 1, -41.521864, -20.760932, 70.000000
8, 1, -42.090998, -21.045499, 69.000000
8, 1, -42.653013, -21.326507, 69.000000
7, 1, -43.963669, -21.981834, 67.000000
7, 1, -45.544910, -22.772455, 64.000000
6, 1, -49.713983, -24.856992, 58.000000
6, 1, -48.035379, -24.017689, 61.000000
6, 1, -47.042530, -23.521265, 62.000000
6, 1, -45.980886, -22.990443, 64.000000
7, 1, -43.838967, -21.919484, 67.000000
6, 1, -31.800077, -15.900038, 84.000000
6, 1, -30.585831, -15.292915, 86.000000
6, 1, -27.518955, -13.759477, 90.000000
6, 1, -25.871134, -12.935567, 93.000000
5, 1, -24.088837, -12.044419, 95.000000
7, 1, -22.247972, -11.123986, 98.000000
7, 1, -20.022230, -10.011115, 101.000000
6, 1, -16.245484, -8.122742, 106.000000
6, 1, -14.387490, -7.193745, 109.000000
6, 1, -12.659762, -6.329881, 111.000000
6, 1, -11.142082, -5.571041, 114.000000
6, 1, -9.307346, -4.653673, 116.000000
5, 1, -15.386685, -7.693343, 108.000000
5, 1, -14.216986, -7.108493, 109.000000
6, 1, -13.071328, -6.535664, 111.000000
6, 1, -12.935112, -6.467556, 111.000000
5, 1, -12.202024, -6.101012, 112.000000
6, 1, -12.019581, -6.009790, 112.000000
5, 1, -11.201660, -5.600830, 113.000000
5, 0, -10.831700, -5.415850, 114.000000
5, 0, -9.997420, -4.998710, 115.000000
5, 0, -9.675761, -4.837880, 116.000000
6, 0, -9.083601, -4.541800, 117.000000
5, 0, -7.984237, -3.992118, 118.000000
7, 0, -7.751986, -3.875993, 118.000000
6, 0, -6.516139, -3.258069, 120.000000
6, 0, -6.072475, -3.036237, 121.000000
6, 0, -4.923959, -2.461980, 122.000000
7, 0, -5.324348, -2.662174, 122.000000
7, 0, -4.020319, -2.010159, 124.000000
7, 0, -3.880334, -1.940167, 124.000000
7, 0, -3.018690, -1.509345, 125.000000
7, 0, -2.029968, -1.014984, 127.000000
7, 0, -2.465851, -1.232926, 126.000000
7, 0, -0.940932, -0.470466, 128.000000
7, 0, 0.400966, 0.200483, 129.000000
6, 0, 11.173804, 5.586902, 114.000000
5, 0, 13.732327, 6.866163, 110.000000
5, 0, 14.334398, 7.167199, 109.000000
5, 0, 15.646532, 7.823266, 107.000000
5, 0, 16.335105, 8.167552, 106.000000
6, 0, 17.437937, 8.718969, 105.000000
6, 0, 17.437937, 8.718969, 105.000000
5, 0, 18.773590, 9.386795, 103.000000
5, 0, 19.114960, 9.557480, 102.000000
6, 0, 19.108193, 9.554096, 102.000000
6, 0, 19.137642, 9.568821, 102.000000
6, 0, 18.913313, 9.456656, 102.000000
6, 0, 19.083658, 9.541829, 102.000000
6, 0, 18.963545, 9.481773, 102.000000
6, 0, 18.799194, 9.399597, 103.000000
6, 0, 18.319090, 9.159545, 103.000000
6, 0, 18.022214, 9.011107, 104.000000
8, 0, 17.930082, 8.965041, 104.000000
8, 0, 17.834188, 8.917094, 104.000000
8, 0, 17.834188, 8.917094, 104.000000
8, 0, 17.240498, 8.620249, 105.000000
8, 0, 17.182385, 8.591192, 105.000000
9, 0, 17.010086, 8.505043, 105.000000
8, 0, 17.065761, 8.532881, 105.000000
9, 0, 16.243388, 8.121694, 106.000000
8, 0, -19.804302, -9.902151, 101.000000
8, 0, -21.522556, -10.761278, 99.000000
6, 0, -4.914072, -2.457036, 122.000000
7, 0, -6.225556, -3.112778, 121.000000
7, 0, -7.420485, -3.710243, 119.000000
7, 0, -8.901976, -4.450988, 117.000000
7, 0, -11.447010, -5.723505, 113.000000
7, 0, -12.194681, -6.097340, 112.000000
7, 0, -12.892480, -6.446240, 111.000000
7, 0, -14.487041, -7.243520, 109.000000
7, 0, -14.656031, -7.328016, 109.000000
7, 0, -14.969996, -7.484998, 108.000000
7, 0, -15.807989, -7.903995, 107.000000
7, 0, -16.549502, -8.274751, 106.000000
8, 0, -16.565636, -8.282818, 106.000000
8, 0, -17.928519, -8.964259, 104.000000
8, 0, -19.268674, -9.634337, 102.000000
7, 0, -26.068531, -13.034266, 92.000000
7, 0, -26.068531, -13.034266, 92.000000
7, 0, -25.434792, -12.717396, 93.000000
7, 0, -24.964769, -12.482384, 94.000000
8, 0, -25.129691, -12.564845, 94.000000
7, 0, -24.616200, -12.308100, 94.000000
7, 0, -23.736736, -11.868368, 96.000000
6, 0, -11.685477, -5.842739, 113.000000
6, 0, -10.655259, -5.327630, 114.000000
7, 0, -7.607518, -3.803759, 119.000000
8, 0, -5.050982, -2.525491, 122.000000
8, 0, -3.681478, -1.840739, 124.000000
7, 0, 9.451065, 4.725532, 116.000000
7, 0, 11.463146, 5.731573, 113.000000
7, 0, 13.442456, 6.721228, 110.000000
6, 0, 15.135981, 7.567991, 108.000000
8, 0, 16.508919, 8.254460, 106.000000
7, 0, 19.005164, 9.502582, 102.000000
7, 0, 20.281380, 10.140690, 101.000000
9, 0, 21.191663, 10.595832, 99.000000
10, 0, 21.707216, 10.853608, 98.000000
9, 0, 22.642489, 11.321244, 97.000000
9, 0, 22.781886, 11.390943, 97.000000
9, 0, 22.885030, 11.442515, 97.000000
8, 0, 23.001648, 11.500824, 97.000000
8, 0, 22.741551, 11.370775, 97.000000
9, 0, 22.663214, 11.331607, 97.000000
9, 0, 22.227773, 11.113887, 98.000000
8, 0, 22.398294, 11.199147, 98.000000
7, 0, 11.291415, 5.645708, 113.000000
7, 0, 10.312485, 5.156242, 115.000000
7, 0, 9.498092, 4.749046, 116.000000
5, 0, 5.260941, 2.630471, 122.000000
5, 0, 4.302252, 2.151126, 123.000000
5, 0, 3.227550, 1.613775, 125.000000
5, 0, 1.960684, 0.980342, 127.000000
7, 0, -0.332636, -0.166318, 129.000000
7, 0, -1.009125, -0.504563, 128.000000
7, 0, -1.121556, -0.560778, 128.000000
7, 0, -1.678213, -0.839106, 127.000000
7, 0, -1.568731, -0.784366, 127.000000
7, 0, -2.815082, -1.407541, 125.000000
7, 0, -2.789606, -1.394803, 126.000000
7, 0, -2.838552, -1.419276, 125.000000
7, 0, -3.155385, -1.577693, 125.000000
7, 0, -3.247411, -1.623705, 125.000000
7, 0, -2.677395, -1.338697, 126.000000
8, 0, -3.014402, -1.507201, 125.000000
8, 0, -3.322944, -1.661472, 125.000000
6, 0, -3.591888, -1.795944, 124.000000
4, 0, -20.187334, -10.093667, 101.000000
6, 0, -20.645927, -10.322964, 100.000000
6, 1, -20.922894, -10.461447, 100.000000
7, 1, -22.211459, -11.105729, 98.000000
7, 1, -22.633137, -11.316569, 97.000000
7, 1, -23.122572, -11.561286, 96.000000
7, 1, -23.741610, -11.870805, 96.000000
7, 1, -24.920298, -12.460149, 94.000000
7, 1, -25.331500, -12.665750, 93.000000
7, 1, -25.792624, -12.896312, 93.000000
7, 1, -25.463838, -12.731919, 93.000000
8, 1, -25.466449, -12.733225, 93.000000
8, 1, -23.920335, -11.960167, 95.000000
7, 1, -31.585740, -15.792870, 84.000000
7, 1, -31.482824, -15.741412, 85.000000
7, 1, -32.308201, -16.154101, 83.000000
7, 1, -32.351074, -16.175537, 83.000000
6, 1, -29.661782, -14.830891, 87.000000
6, 1, -28.853662, -14.426831, 88.000000
6, 1, -27.843832, -13.921916, 90.000000
6, 1, -27.163594, -13.581797, 91.000000
7, 1, -26.887207, -13.443604, 91.000000
8, 1, -24.530908, -12.265454, 94.000000
7, 1, -23.355062, -11.677531, 96.000000
7, 1, -21.936392, -10.968196, 98.000000
7, 1, -20.877059, -10.438530, 100.000000
7, 1, -20.476162, -10.238081, 100.000000
7, 1, -19.247798, -9.623899, 102.000000
7, 1, -17.251402, -8.625701, 105.000000
7, 1, -14.744235, -7.372117, 108.000000
7, 1, -13.678409, -6.839205, 110.000000
7, 1, -12.779032, -6.389516, 111.000000
7, 1, -11.832784, -5.916392, 113.000000
9, 1, -10.926035, -5.463018, 114.000000
10, 1, -9.864718, -4.932359, 115.000000
9, 1, -21.939252, -10.969626, 98.000000
8, 1, -2.287445, -1.143723, 126.000000
8, 1, -0.839665, -0.419832, 128.000000
8, 0, 0.160555, 0.080278, 129.000000
7, 0, 1.832258, 0.916129, 127.000000
7, 0, 2.990344, 1.495172, 125.000000
7, 0, 4.112196, 2.056098, 124.000000
8, 0, 7.683124, 3.841562, 119.000000
8, 0, 10.096153, 5.048076, 115.000000
9, 0, 12.288969, 6.144485, 112.000000
8, 0, -8.886825, -4.443413, 117.000000
8, 0, -9.014392, -4.507196, 117.000000
8, 0, -9.762177, -4.881089, 116.000000
8, 0, -10.234928, -5.117464, 115.000000
8, 0, -11.035200, -5.517600, 114.000000
9, 0, -13.298977, -6.649488, 111.000000
9, 0, -14.496659, -7.248330, 109.000000
9, 0, -15.661562, -7.830781, 107.000000
9, 0, -15.598277, -7.799139, 107.000000
10, 0, -25.387128, -12.693564, 93.000000
10, 0, -27.386998, -13.693499, 90.000000
10, 0, -28.502385, -14.251192, 89.000000
8, 0, -30.969635, -15.484817, 85.000000
8, 1, -37.393141, -18.696570, 76.000000
8, 1, -41.764568, -20.882284, 70.000000
7, 1, -13.023466, -6.511733, 111.000000
8, 1, -11.545216, -5.772608, 113.000000
8, 1, -10.382482, -5.191241, 115.000000
9, 1, -8.548449, -4.274225, 117.000000
9, 1, -6.747366, -3.373683, 120.000000
10, 1, -4.719884, -2.359942, 123.000000
10, 1, 1.974102, 0.987051, 127.000000
10, 1, 5.925679, 2.962840, 121.000000
11, 1, 9.420834, 4.710417, 116.000000
10, 1, 12.149304, 6.074652, 112.000000
8, 1, -21.191950, -10.595975, 99.000000
8, 1, -21.567730, -10.783865, 99.000000
9, 1, -22.283414, -11.141707, 98.000000
9, 1, -23.124986, -11.562493, 96.000000
8, 1, -12.785506, -6.392753, 111.000000
8, 1, -13.896797, -6.948399, 110.000000
8, 1, -15.459932, -7.729966, 107.000000
9, 1, -16.656889, -8.328445, 106.000000
8, 1, -18.482113, -9.241056, 103.000000
8, 1, -18.482113, -9.241056, 103.000000
9, 1, -19.237097, -9.618548, 102.000000
9, 1, -19.648891, -9.824445, 101.000000
9, 1, -19.786455, -9.893227, 101.000000
9, 1, -21.943381, -10.971691, 98.000000
9, 1, -43.590327, -21.795163, 67.000000
8, 1, -43.214793, -21.607396, 68.000000
7, 1, -43.628576, -21.814288, 67.000000
8, 1, -40.828339, -20.414170, 71.000000
8, 1, -41.070833, -20.535416, 71.000000
8, 1, -41.662599, -20.831299, 70.000000
8, 1, -42.777045, -21.388523, 68.000000
8, 1, -42.766724, -21.383362, 68.000000
8, 1, -42.744334, -21.372167, 68.000000
8, 1, -42.468369, -21.234185, 69.000000
8, 1, -40.799951, -20.399975, 71.000000
8, 1, -40.130596, -20.065298, 72.000000
9, 1, -39.918355, -19.959177, 72.000000
9, 1, -39.427222, -19.713611, 73.000000
9, 1, -38.305511, -19.152756, 75.000000
9, 1, -38.152907, -19.076454, 75.000000
9, 1, -38.016970, -19.008485, 75.000000
9, 1, -38.091557, -19.045779, 75.000000
8, 1, -13.652875, -6.826437, 110.000000
7, 1, -11.079043, -5.539521, 114.000000
7, 1, -7.890799, -3.945400, 118.000000
8, 1, -8.704786, -4.352393, 117.000000
7, 1, -6.378480, -3.189240, 120.000000
9, 1, -1.209999, -0.604999, 128.000000
9, 1, 1.383361, 0.691680, 128.000000
9, 1, 3.838370, 1.919185, 124.000000
9, 1, 6.177888, 3.088944, 121.000000
9, 1, 10.496010, 5.248005, 115.000000
9, 1, 12.674935, 6.337468, 111.000000
9, 1, 14.515163, 7.257582, 109.000000
7, 1, -14.962223, -7.481111, 108.000000
6, 1, -15.077559, -7.538779, 108.000000
8, 1, -16.340874, -8.170437, 106.000000
7, 1, -18.737404, -9.368702, 103.000000
7, 1, -22.467242, -11.233621, 97.000000
8, 1, -24.965923, -12.482962, 94.000000
7, 1, -27.410772, -13.705386, 90.000000
7, 1, -32.146233, -16.073117, 84.000000
6, 1, -36.233303, -18.116651, 78.000000
6, 1, -46.669736, -23.334868, 63.000000
6, 1, -52.591901, -26.295951, 54.000000
5, 1, -138.924103, -69.462052, 50.000000
5, 1, -139.769480, -69.884740, 50.000000
4, 1, -140.069340, -70.034670, 50.000000
5, 1, -139.993876, -69.996938, 50.000000
4, 1, -170.825644, -85.412822, 50.000000
4, 1, -165.758571, -82.879286, 50.000000
4, 1, -166.347258, -83.173629, 50.000000
4, 1, -162.900334, -81.450167, 50.000000
4, 1, -161.526806, -80.763403, 50.000000
4, 1, -159.596610, -79.798305, 50.000000
5, 1, -155.392317, -77.696159, 50.000000
5, 1, -152.411640, -76.205820, 50.000000
5, 1, -148.407540, -74.203770, 50.000000
6, 1, -111.737527, -55.868763, 50.000000
6, 1, -112.838530, -56.419265, 50.000000
8, 1, -111.957432, -55.978716, 50.000000
9, 1, -112.584333, -56.292167, 50.000000
8, 1, -91.764783, -45.882391, 50.000000
9, 1, -94.046272, -47.023136, 50.000000
8, 1, -96.688390, -48.344195, 50.000000
8, 1, -99.317118, -49.658559, 50.000000
8, 1, -101.691984, -50.845992, 50.000000
8, 1, -107.982461, -53.991230, 50.000000
9, 1, -110.171018, -55.085509, 50.000000
9, 1, -112.932338, -56.466169, 50.000000
9, 1, -114.714230, -57.357115, 50.000000
8, 1, -119.031335, -59.515668, 50.000000
8, 1, -44.925154, -22.462577, 65.000000
8, 1, -43.687573, -21.843786, 67.000000
9, 1, -42.276779, -21.138389, 69.000000
9, 1, -38.261893, -19.130947, 75.000000
8, 1, -36.256927, -18.128464, 78.000000
10, 1, -34.690697, -17.345348, 80.000000
9, 0, -30.927614, -15.463807, 85.000000
9, 0, -29.175608, -14.587804, 88.000000
9, 0, -27.820705, -13.910352, 90.000000
10, 0, -25.963635, -12.981817, 92.000000
11, 0, -24.455332, -12.227666, 95.000000
10, 0, -23.015716, -11.507858, 97.000000
11, 0, -22.436841, -11.218420, 97.000000
11, 0, -21.875510, -10.937755, 98.000000
12, 0, -21.649207, -10.824604, 99.000000
12, 0, -21.407105, -10.703553, 99.000000
12, 2, -21.392793, -10.696397, 99.000000
12, 2, -21.048553, -10.524276, 99.000000
12, 0, -20.778541, -10.389271, 100.000000
11, 0, -14.189428, -7.094714, 109.000000
11, 0, -13.559862, -6.779931, 110.000000
10, 0, -12.922871, -6.461435, 111.000000
9, 0, -8.599307, -4.299653, 117.000000
9, 0, -7.820883, -3.910442, 118.000000
9, 0, -7.065593, -3.532797, 119.000000
10, 0, -6.186611, -3.093306, 121.000000
10, 0, -4.823801, -2.411901, 123.000000
10, 0, -3.484653, -1.742327, 125.000000
10, 0, -2.930716, -1.465358, 125.000000
10, 0, -2.027419, -1.013709, 127.000000
10, 2, -1.154923, -0.577462, 128.000000
10, 2, -0.451080, -0.225540, 129.000000
11, 2, 0.406934, 0.203467, 129.000000
11, 2, 1.970958, 0.985479, 127.000000
10, 2, 2.227303, 1.113651, 126.000000
10, 2, 1.901134, 0.950567, 127.000000
11, 2, 2.240674, 1.120337, 126.000000
9, 2, 4.027176, 2.013588, 124.000000
9, 2, 3.447196, 1.723598, 125.000000
10, 2, 4.597384, 2.298692, 123.000000
11, 2, 6.182111, 3.091056, 121.000000
9, 2, 72.517004, 36.258502, 50.000000
8, 2, 101.985622, 50.992811, 50.000000
7, 2, 103.935064, 51.967532, 50.000000
8, 2, 106.993130, 53.496565, 50.000000
8, 2, 110.225633, 55.112817, 50.000000
9, 2, 113.366722, 56.683361, 50.000000
10, 2, 114.937685, 57.468843, 50.000000
9, 2, 117.018216, 58.509108, 50.000000
8, 2, 118.731988, 59.365994, 50.000000
9, 2, 121.642669, 60.821335, 50.000000
9, 2, 123.222341, 61.611170, 50.000000
9, 2, 125.061304, 62.530652, 50.000000
8, 2, 126.011140, 63.005570, 50.000000
8, 2, 127.094869, 63.547435, 50.000000
10, 2, 147.408311, 73.704156, 50.000000
10, 2, 148.546472, 74.273236, 50.000000
7, 2, 147.840275, 73.920138, 50.000000
9, 2, 142.990515, 71.495258, 50.000000
9, 2, 141.284527, 70.642263, 50.000000
9, 2, 140.362043, 70.181021, 50.000000
10, 2, 137.346733, 68.673367, 50.000000
9, 2, 137.184792, 68.592396, 50.000000
10, 2, 135.960347, 67.980173, 50.000000
10, 2, 135.361785, 67.680892, 50.000000
8, 2, 134.488082, 67.244041, 50.000000
8, 2, 132.678962, 66.339481, 50.000000
9, 2, 133.300724, 66.650362, 50.000000
8, 2, -29.283998, -14.641999, 88.000000
7, 2, -30.423873, -15.211936, 86.000000
7, 2, -35.697268, -17.848634, 79.000000
7, 2, -37.823484, -18.911742, 75.000000
7, 2, -40.238907, -20.119453, 72.000000
8, 2, 71.945709, 35.972855, 50.000000
8, 2, 72.305957, 36.152979, 50.000000
8, 2, 73.499675, 36.749837, 50.000000
8, 2, 73.979407, 36.989703, 50.000000
8, 2, 74.880947, 37.440473, 50.000000
8, 2, 76.373278, 38.186639, 50.000000
8, 2, -53.742187, -26.871094, 53.000000
8, 2, -52.218549, -26.109275, 55.000000
8, 2, -50.744554, -25.372277, 57.000000
8, 2, -49.310731, -24.655365, 59.000000
8, 2, -47.138662, -23.569331, 62.000000
9, 2, 96.558134, 48.279067, 50.000000
9, 2, 101.203522, 50.601761, 50.000000
9, 2, 106.419495, 53.209748, 50.000000
8, 2, -46.698748, -23.349374, 63.000000
7, 2, -48.175815, -24.087908, 61.000000
7, 2, -49.304533, -24.652267, 59.000000
7, 2, -48.848643, -24.424321, 60.000000
7, 0, 41.859839, 20.929920, 70.000000
7, 0, 40.873131, 20.436565, 71.000000
8, 0, 39.047211, 19.523605, 74.000000
8, 0, 39.047211, 19.523605, 74.000000
8, 0, 38.521945, 19.260973, 74.000000
8, 0, 37.138595, 18.569297, 76.000000
8, 0, 36.774734, 18.387367, 77.000000
8, 0, 37.121400, 18.560700, 76.000000
9, 0, 36.386182, 18.193091, 78.000000
8, 0, 35.325404, 17.662702, 79.000000
8, 0, 34.893028, 17.446514, 80.000000
9, 0, 28.601104, 14.300552, 89.000000
9, 0, 28.601104, 14.300552, 89.000000
9, 0, 24.991471, 12.495736, 94.000000
8, 0, 24.158954, 12.079477, 95.000000
7, 0, -1.475218, -0.737609, 127.000000
6, 0, -5.516598, -2.758299, 122.000000
7, 0, -7.678852, -3.839426, 119.000000
7, 0, -10.142749, -5.071374, 115.000000
7, 0, -11.996033, -5.998017, 112.000000
7, 1, -16.176440, -8.088220, 106.000000
8, 1, -18.666151, -9.333075, 103.000000
8, 1, -20.407471, -10.203735, 100.000000
7, 1, -73.924262, -36.962131, 50.000000
7, 1, -81.365478, -40.682739, 50.000000
7, 1, -84.421645, -42.210822, 50.000000
7, 1, -87.625462, -43.812731, 50.000000
7, 1, -96.633056, -48.316528, 50.000000
6, 1, -99.369728, -49.684864, 50.000000
7, 1, -102.844407, -51.422203, 50.000000
7, 1, -106.425981, -53.212991, 50.000000
7, 1, -110.118816, -55.059408, 50.000000
5, 1, -130.852600, -65.426300, 50.000000
4, 1, 10.739158, 5.369579, 114.000000
4, 1, 9.907531, 4.953765, 115.000000
4, 1, 9.311340, 4.655670, 116.000000
4, 1, 10.755143, 5.377571, 114.000000
4, 1, -166.896805, -83.448402, 50.000000
4, 1, -164.535304, -82.267652, 50.000000
4, 1, 10.957131, 5.478566, 114.000000
4, 1, 9.557062, 4.778531, 116.000000
4, 1, 8.461038, 4.230519, 117.000000
4, 1, 7.518304, 3.759152, 119.000000
4, 1, 10.419978, 5.209989, 115.000000
4, 1, 10.923787, 5.461894, 114.000000
4, 1, 10.380724, 5.190362, 115.000000
3, 1, -73.020214, -36.510107, 50.000000
3, 1, -74.926352, -37.463176, 50.000000
2, 1, -74.926352, -37.463176, 50.000000
2, 1, -74.926352, -37.463176, 50.000000
3, 1, -82.036531, -41.018265, 50.000000
4, 1, 6.228670, 3.114335, 121.000000
3, 1, -83.085146, -41.542573, 50.000000
3, 1, -83.813733, -41.906866, 50.000000
3, 1, -84.437094, -42.218547, 50.000000
3, 1, -85.530921, -42.765461, 50.000000
3, 1, -85.953638, -42.976819, 50.000000
2, 1, -85.953638, -42.976819, 50.000000
2, 1, -85.953638, -42.976819, 50.000000
2, 1, -85.953638, -42.976819, 50.000000
2, 1, -85.953638, -42.976819, 50.000000
2, 1, -85.953638, -42.976819, 50.000000
2, 1, -85.953638, -42.976819, 50.000000
1, 1, -85.953638, -42.976819, 50.000000
1, 1, -85.953638, -42.976819, 50.000000
1, 1, -85.953638, -42.976819, 50.000000
1, 1, -85.953638, -42.976819, 50.000000
1, 1, -85.953638, -42.976819, 50.000000
1, 1, -85.953638, -42.976819, 50.000000
1, 1, -85.953638, -42.976819, 50.000000
1, 1, -85.953638, -42.976819, 50.000000
1, 1, -85.953638, -42.976819, 50.000000
1, 1, -85.953638, -42.976819, 50.000000
1, 1, -85.953638, -42.976819, 50.000000
1, 1, -85.953638, -42.976819, 50.000000
1, 1, -85.953638, -42.976819, 50.000000
1, 1, -85.953638, -42.976819, 50.000000
1, 1, -85.953638, -42.976819, 50.000000
1, 1, -85.953638, -42.976819, 50.000000
1, 1, -85.953638, -42.976819, 50.000000
1, 1, -85.953638, -42.976819, 50.000000
1, 1, -85.953638, -42.976819, 50.000000
1, 1, -85.953638, -42.976819, 50.000000
1, 1, -85.953638, -42.976819, 50.000000
1, 1, -85.953638, -42.976819, 50.000000
1, 1, -85.953638, -42.976819, 50.000000
1, 1, -85.953638, -42.976819, 50.000000
1, 1, -85.953638, -42.976819, 50.000000
1, 1, -85.953638, -42.976819, 50.000000
1, 1, -85.953638, -42.976819, 50.000000
1, 1, -85.953638, -42.976819, 50.000000
1, 1, -85.953638, -42.976819, 50.000000
1, 1, -85.953638, -42.976819, 50.000000
1, 1, -85.953638, -42.976819, 50.000000
1, 1, -85.953638, -42.976819, 50.000000
1, 1, -85.953638, -42.976819, 50.000000
1, 1, -85.953638, -42.976819, 50.000000
1, 1, -85.953638, -42.976819, 50.000000
1, 1, -85.953638, -42.976819, 50.000000
1, 1, -85.953638, -42.976819, 50.000000
1, 1, -85.953638, -42.976819, 50.000000
1, 1, -85.953638, -42.976819, 50.000000
1, 1, -85.953638, -42.976819, 50.000000
1, 1, -85.953638, -42.976819, 50.000000
1, 1, -85.953638, -42.976819, 50.000000
1, 1, -85.953638, -42.976819, 50.000000
1, 1, -85.953638, -42.976819, 50.000000
1, 1, -85.953638, -42.976819, 50.000000
1, 1, -85.953638, -42.976819, 50.000000
1, 1, -85.953638, -42.976819, 50.000000
1, 1, -85.953638, -42.976819, 50.000000
1, 1, -85.953638, -42.976819, 50.000000
1, 1, -85.953638, -42.976819, 50.000000
1, 1, -85.953638, -42.976819, 50.000000
1, 1, -85.953638, -42.976819, 50.000000
1, 1, -85.953638, -42.976819, 50.000000
1, 1, -85.953638, -42.976819, 50.000000
1, 1, -85.953638, -42.976819, 50.000000
1, 1, -85.953638, -42.976819, 50.000000
1, 1, -85.953638, -42.976819, 50.000000
1, 1, -85.953638, -42.976819, 50.000000
1, 1, -85.953638, -42.976819, 50.000000
1, 1, -85.953638, -42.976819, 50.000000
1, 1, -85.953638, -42.976819, 50.000000
1, 1, -85.953638, -42.976819, 50.000000
1, 1, -85.953638, -42.976819, 50.000000
1, 1, -85.953638, -42.976819, 50.000000
2, 1, -85.953638, -42.976819, 50.000000
2, 1, -85.953638, -42.976819, 50.000000
2, 1, -85.953638, -42.976819, 50.000000
2, 1, -85.953638, -42.976819, 50.000000
2, 1, -85.953638, -42.976819, 50.000000
1, 1, -85.953638, -42.976819, 50.000000
1, 1, -85.953638, -42.976819, 50.000000
1, 1, -85.953638, -42.976819, 50.000000
1, 1, -85.953638, -42.976819, 50.000000
2, 1, -85.953638, -42.976819, 50.000000
2, 1, -85.953638, -42.976819, 50.000000
2, 1, -85.953638, -42.976819, 50.000000
2, 1, -85.953638, -42.976819, 50.000000
2, 1, -85.953638, -42.976819, 50.000000
2, 1, -85.953638, -42.976819, 50.000000
2, 1, -85.953638, -42.976819, 50.000000
2, 1, -85.953638, -42.976819, 50.000000
2, 1, -85.953638, -42.976819, 50.000000
2, 1, -85.953638, -42.976819, 50.000000
2, 1, -85.953638, -42.976819, 50.000000
2, 1, -85.953638, -42.976819, 50.000000
2, 1, -85.953638, -42.976819, 50.000000
2, 1, -85.953638, -42.976819, 50.000000
2, 1, -85.953638, -42.976819, 50.000000
2, 1, -85.953638, -42.976819, 50.000000
2, 1, -85.953638, -42.976819, 50.000000
2, 1, -85.953638, -42.976819, 50.000000
2, 1, -85.953638, -42.976819, 50.000000
2, 1, -85.953638, -42.976819, 50.000000
2, 1, -85.953638, -42.976819, 50.000000
2, 1, -85.953638, -42.976819, 50.000000
2, 1, -85.953638, -42.976819, 50.000000
2, 1, -85.953638, -42.976819, 50.000000
2, 1, -85.953638, -42.976819, 50.000000
2, 1, -85.953638, -42.976819, 50.000000
2, 1, -85.953638, -42.976819, 50.000000
2, 1, -85.953638, -42.976819, 50.000000
2, 1, -85.953638, -42.976819, 50.000000
2, 1, -85.953638, -42.976819, 50.000000
2, 1, -85.953638, -42.976819, 50.000000
2, 1, -85.953638, -42.976819, 50.000000
2, 1, -85.953638, -42.976819, 50.000000
2, 1, -85.953638, -42.976819, 50.000000
2, 1, -85.953638, -42.976819, 50.000000
2, 1, -85.953638, -42.976819, 50.000000
2, 1, -85.953638, -42.976819, 50.000000
2, 1, -85.953638, -42.976819, 50.000000
2, 1, -85.953638, -42.976819, 50.000000
2, 1, -85.953638, -42.976819, 50.000000
2, 1, -85.953638, -42.976819, 50.000000
2, 1, -85.953638, -42.976819, 50.000000
2, 1, -85.953638, -42.976819, 50.000000
2, 1, -85.953638, -42.976819, 50.000000
2, 1, -85.953638, -42.976819, 50.000000
2, 1, -85.953638, -42.976819, 50.000000
2, 1, -85.953638, -42.976819, 50.000000
2, 1, -85.953638, -42.976819, 50.000000
3, 1, 53.797936, 26.898968, 50.000000
2, 1, 53.797936, 26.898968, 50.000000
3, 1, 51.113907, 25.556954, 50.000000
2, 1, 51.113907, 25.556954, 50.000000
2, 1, 51.113907, 25.556954, 50.000000
2, 1, 51.113907, 25.556954, 50.000000
1, 1, 51.113907, 25.556954, 50.000000
1, 1, 51.113907, 25.556954, 50.000000
1, 1, 51.113907, 25.556954, 50.000000
1, 1, 51.113907, 25.556954, 50.000000
1, 1, 51.113907, 25.556954, 50.000000
1, 1, 51.113907, 25.556954, 50.000000
1, 1, 51.113907, 25.556954, 50.000000
1, 1, 51.113907, 25.556954, 50.000000
1, 1, 51.113907, 25.556954, 50.000000
1, 1, 51.113907, 25.556954, 50.000000
1, 1, 51.113907, 25.556954, 50.000000
1, 1, 51.113907, 25.556954, 50.000000
2, 1, 51.113907, 25.556954, 50.000000
2, 1, 51.113907, 25.556954, 50.000000
1, 1, 51.113907, 25.556954, 50.000000
1, 1, 51.113907, 25.556954, 50.000000
1, 1, 51.113907, 25.556954, 50.000000
1, 1, 51.113907, 25.556954, 50.000000
1, 1, 51.113907, 25.556954, 50.000000
1, 1, 51.113907, 25.556954, 50.000000
1, 1, 51.113907, 25.556954, 50.000000
1, 1, 51.113907, 25.556954, 50.000000
1, 1, 51.113907, 25.556954, 50.000000
1, 1, 51.113907, 25.556954, 50.000000
1, 1, 51.113907, 25.556954, 50.000000
1, 1, 51.113907, 25.556954, 50.000000
1, 1, 51.113907, 25.556954, 50.000000
2, 1, 51.113907, 25.556954, 50.000000
2, 1, 51.113907, 25.556954, 50.000000
2, 1, 51.113907, 25.556954, 50.000000
2, 1, 51.113907, 25.556954, 50.000000
1, 1, 51.113907, 25.556954, 50.000000
1, 1, 51.113907, 25.556954, 50.000000
1, 1, 51.113907, 25.556954, 50.000000
1, 1, 51.113907, 25.556954, 50.000000
1, 1, 51.113907, 25.556954, 50.000000
1, 1, 51.113907, 25.556954, 50.000000
1, 1, 51.113907, 25.556954, 50.000000
1, 1, 51.113907, 25.556954, 50.000000
1, 1, 51.113907, 25.556954, 50.000000
1, 1, 51.113907, 25.556954, 50.000000
1, 1, 51.113907, 25.556954, 50.000000
2, 1, 51.113907, 25.556954, 50.000000
1, 1, 51.113907, 25.556954, 50.000000
1, 1, 51.113907, 25.556954, 50.000000
1, 1, 51.113907, 25.556954, 50.000000
1, 1, 51.113907, 25.556954, 50.000000
2, 1, 51.113907, 25.556954, 50.000000
1, 1, 51.113907, 25.556954, 50.000000
2, 1, 51.113907, 25.556954, 50.000000
1, 1, 51.113907, 25.556954, 50.000000
3, 1, 39.362337, 19.681169, 50.000000
2, 1, 39.362337, 19.681169, 50.000000
2, 1, 39.362337, 19.681169, 50.000000
2, 1, 39.362337, 19.681169, 50.000000
2, 1, 39.362337, 19.681169, 50.000000
2, 1, 39.362337, 19.681169, 50.000000
2, 1, 39.362337, 19.681169, 50.000000
1, 1, 39.362337, 19.681169, 50.000000
1, 1, 39.362337, 19.681169, 50.000000
2, 1, 39.362337, 19.681169, 50.000000
2, 1, 39.362337, 19.681169, 50.000000
1, 1, 39.362337, 19.681169, 50.000000
1, 1, 39.362337, 19.681169, 50.000000
1, 1, 39.362337, 19.681169, 50.000000
1, 1, 39.362337, 19.681169, 50.000000
1, 1, 39.362337, 19.681169, 50.000000
1, 1, 39.362337, 19.681169, 50.000000
1, 1, 39.362337, 19.681169, 50.000000
2, 1, 39.362337, 19.681169, 50.000000
1, 1, 39.362337, 19.681169, 50.000000
1, 1, 39.362337, 19.681169, 50.000000
1, 1, 39.362337, 19.681169, 50.000000
1, 1, 39.362337, 19.681169, 50.000000
1, 1, 39.362337, 19.681169, 50.000000
1, 1, 39.362337, 19.681169, 50.000000
1, 1, 39.362337, 19.681169, 50.000000
1, 1, 39.362337, 19.681169, 50.000000
1, 1, 39.362337, 19.681169, 50.000000
1, 1, 39.362337, 19.681169, 50.000000
1, 1, 39.362337, 19.681169, 50.000000
2, 1, 39.362337, 19.681169, 50.000000
1, 1, 39.362337, 19.681169, 50.000000
1, 1, 39.362337, 19.681169, 50.000000
1, 1, 39.362337, 19.681169, 50.000000
1, 1, 39.362337, 19.681169, 50.000000
1, 1, 39.362337, 19.681169, 50.000000
1, 1, 39.362337, 19.681169, 50.000000
1, 1, 39.362337, 19.681169, 50.000000
1, 1, 39.362337, 19.681169, 50.000000
1, 1, 39.362337, 19.681169, 50.000000
1, 1, 39.362337, 19.681169, 50.000000
1, 1, 39.362337, 19.681169, 50.000000
1, 1, 39.362337, 19.681169, 50.000000
1, 1, 39.362337, 19.681169, 50.000000
1, 1, 39.362337, 19.681169, 50.000000
1, 1, 39.362337, 19.681169, 50.000000
1, 1, 39.362337, 19.681169, 50.000000
1, 1, 39.362337, 19.681169, 50.000000
1, 1, 39.362337, 19.681169, 50.000000
1, 1, 39.362337, 19.681169, 50.000000
1, 1, 39.362337, 19.681169, 50.000000
1, 1, 39.362337, 19.681169, 50.000000
1, 1, 39.362337, 19.681169, 50.000000
1, 1, 39.362337, 19.681169, 50.000000
1, 1, 39.362337, 19.681169, 50.000000
1, 1, 39.362337, 19.681169, 50.000000
1, 1, 39.362337, 19.681169, 50.000000
1, 1, 39.362337, 19.681169, 50.000000
1, 1, 39.362337, 19.681169, 50.000000
1, 1, 39.362337, 19.681169, 50.000000
1, 1, 39.362337, 19.681169, 50.000000
1, 1, 39.362337, 19.681169, 50.000000
1, 1, 39.362337, 19.681169, 50.000000
1, 1, 39.362337, 19.681169, 50.000000
1, 1, 39.362337, 19.681169, 50.000000
1, 1, 39.362337, 19.681169, 50.000000
1, 1, 39.362337, 19.681169, 50.000000
1, 1, 39.362337, 19.681169, 50.000000
1, 1, 39.362337, 19.681169, 50.000000
1, 1, 39.362337, 19.681169, 50.000000
1, 1, 39.362337, 19.681169, 50.000000
1, 1, 39.362337, 19.681169, 50.000000
1, 1, 39.362337, 19.681169, 50.000000
1, 1, 39.362337, 19.681169, 50.000000
1, 1, 39.362337, 19.681169, 50.000000
1, 1, 39.362337, 19.681169, 50.000000
1, 1, 39.362337, 19.681169, 50.000000
2, 1, 39.362337, 19.681169, 50.000000
2, 1, 39.362337, 19.681169, 50.000000
2, 1, 39.362337, 19.681169, 50.000000
2, 1, 39.362337, 19.681169, 50.000000
2, 1, 39.362337, 19.681169, 50.000000
2, 1, 39.362337, 19.681169, 50.000000
2, 1, 39.362337, 19.681169, 50.000000
2, 1, 39.362337, 19.681169, 50.000000
2, 1, 39.362337, 19.681169, 50.000000
2, 1, 39.362337, 19.681169, 50.000000
2, 1, 39.362337, 19.681169, 50.000000
2, 1, 39.362337, 19.681169, 50.000000
2, 1, 39.362337, 19.681169, 50.000000
2, 1, 39.362337, 19.681169, 50.000000
3, 1, -88.320350, -44.160175, 50.000000
3, 1, -87.989270, -43.994635, 50.000000
3, 1, -87.783404, -43.891702, 50.000000
3, 1, -87.206018, -43.603009, 50.000000
3, 1, -86.659173, -43.329586, 50.000000
4, 1, 0.283407, 0.141704, 129.000000
3, 1, -87.214594, -43.607297, 50.000000
3, 1, -85.701416, -42.850708, 50.000000
2, 1, -85.701416, -42.850708, 50.000000
2, 1, -85.701416, -42.850708, 50.000000
2, 1, -85.701416, -42.850708, 50.000000
3, 1, -79.338108, -39.669054, 50.000000
3, 1, -78.230034, -39.115017, 50.000000
3, 1, -76.874579, -38.437290, 50.000000
4, 1, 5.956406, 2.978203, 121.000000
4, 1, 5.828386, 2.914193, 121.000000
4, 1, 5.757485, 2.878743, 121.000000
4, 1, -1.070102, -0.535051, 128.000000
4, 1, 5.359267, 2.679633, 122.000000
4, 1, 5.140956, 2.570478, 122.000000
4, 1, 1.187903, 0.593952, 128.000000
4, 1, 1.028129, 0.514065, 128.000000
4, 1, 1.629980, 0.814990, 127.000000
4, 1, 2.206453, 1.103226, 126.000000
4, 1, 1.685409, 0.842704, 127.000000
4, 1, 0.412639, 0.206320, 129.000000
4, 1, 0.038964, 0.019482, 129.000000
4, 1, 0.199254, 0.099627, 129.000000
4, 1, 3.979200, 1.989600, 124.000000
4, 1, 1.256639, 0.628320, 128.000000
4, 1, -0.503441, -0.251721, 129.000000
4, 1, 1.307181, 0.653591, 128.000000
4, 1, -0.645600, -0.322800, 129.000000
4, 1, -1.079147, -0.539573, 128.000000
4, 1, -0.277485, -0.138743, 129.000000
4, 1, -0.914177, -0.457089, 128.000000
4, 1, -0.337770, -0.168885, 129.000000
4, 1, -1.160563, -0.580282, 128.000000
4, 1, -1.031351, -0.515676, 128.000000
4, 1, -0.970520, -0.485260, 128.000000
4, 1, -0.967002, -0.483501, 128.000000
4, 1, -1.308226, -0.654113, 128.000000
4, 1, 0.630416, 0.315208, 129.000000
4, 1, -0.376701, -0.188350, 129.000000
4, 1, -0.697150, -0.348575, 129.000000
4, 1, -0.857032, -0.428516, 128.000000
4, 1, -1.105725, -0.552863, 128.000000
4, 1, -1.032935, -0.516467, 128.000000
4, 1, 0.968256, 0.484128, 128.000000
4, 1, 0.811361, 0.405681, 128.000000
4, 1, -1.130364, -0.565182, 128.000000
4, 1, 0.675402, 0.337701, 129.000000
4, 1, -1.120048, -0.560024, 128.000000
4, 1, -1.326818, -0.663409, 128.000000
4, 1, 0.655079, 0.327539, 129.000000
4, 1, -1.191822, -0.595911, 128.000000
4, 1, 0.661371, 0.330685, 129.000000
4, 1, -0.690927, -0.345463, 129.000000
4, 1, 1.272870, 0.636435, 128.000000
4, 1, -0.880237, -0.440118, 128.000000
4, 1, 0.854076, 0.427038, 128.000000
4, 1, -0.674581, -0.337291, 129.000000
4, 1, 1.070958, 0.535479, 128.000000
4, 1, 1.318401, 0.659201, 128.000000
4, 1, -0.771747, -0.385873, 128.000000
4, 1, -0.134654, -0.067327, 129.000000
4, 1, 1.984119, 0.992059, 127.000000
4, 1, 1.524453, 0.762226, 127.000000
4, 1, 1.939136, 0.969568, 127.000000
4, 1, 2.060883, 1.030441, 127.000000
4, 1, 3.185844, 1.592922, 125.000000
4, 1, 2.688609, 1.344304, 126.000000
4, 1, 2.693685, 1.346843, 126.000000
4, 1, 2.618222, 1.309111, 126.000000
4, 1, 3.443803, 1.721901, 125.000000
4, 1, 2.828060, 1.414030, 125.000000
4, 1, 4.845731, 2.422866, 123.000000
4, 1, -169.201420, -84.600710, 50.000000
4, 1, -169.892714, -84.946357, 50.000000
4, 1, -170.898218, -85.449109, 50.000000
4, 1, -170.655363, -85.327682, 50.000000
4, 1, 4.944840, 2.472420, 122.000000
4, 1, 5.330723, 2.665361, 122.000000
4, 1, 5.918580, 2.959290, 121.000000
4, 1, 5.916083, 2.958041, 121.000000
4, 1, 5.387395, 2.693697, 122.000000
4, 1, 4.391648, 2.195824, 123.000000
4, 1, 5.029516, 2.514758, 122.000000
4, 1, 5.956248, 2.978124, 121.000000
4, 1, 3.397289, 1.698645, 125.000000
4, 1, 5.092589, 2.546294, 122.000000
4, 1, 5.398037, 2.699019, 122.000000
4, 1, 4.111862, 2.055931, 124.000000
4, 1, 4.572945, 2.286472, 123.000000
4, 1, 3.917848, 1.958924, 124.000000
4, 1, 3.880423, 1.940212, 124.000000
4, 1, 2.907239, 1.453619, 125.000000
4, 1, 2.925455, 1.462727, 125.000000
4, 1, 4.432372, 2.216186, 123.000000
4, 1, 4.329483, 2.164742, 123.000000
4, 1, 3.979938, 1.989969, 124.000000
4, 1, 3.669968, 1.834984, 124.000000
4, 1, 4.111301, 2.055650, 124.000000
4, 1, 5.207301, 2.603650, 122.000000
4, 1, 4.648237, 2.324119, 123.000000
4, 1, 4.783008, 2.391504, 123.000000
4, 1, 3.821656, 1.910828, 124.000000
4, 1, 5.031502, 2.515751, 122.000000
4, 1, 4.191153, 2.095576, 124.000000
4, 1, 4.243278, 2.121639, 123.000000
4, 1, 4.493491, 2.246745, 123.000000
4, 1, 5.150259, 2.575130, 122.000000
4, 1, 4.979271, 2.489635, 122.000000
4, 1, 4.851484, 2.425742, 123.000000
4, 1, 3.984948, 1.992474, 124.000000
4, 1, 4.533069, 2.266535, 123.000000
4, 1, 4.210965, 2.105483, 123.000000
4, 1, 5.421698, 2.710849, 122.000000
4, 1, 4.593284, 2.296642, 123.000000
4, 1, 4.603138, 2.301569, 123.000000
4, 1, 4.535827, 2.267913, 123.000000
4, 1, 5.218923, 2.609461, 122.000000
4, 1, 4.547154, 2.273577, 123.000000
4, 1, 4.728754, 2.364377, 123.000000
4, 1, 4.490482, 2.245241, 123.000000
4, 1, 4.584764, 2.292382, 123.000000
4, 1, 4.663062, 2.331531, 123.000000
4, 1, 4.460459, 2.230230, 123.000000
4, 1, 4.883042, 2.441521, 123.000000
4, 1, 5.064965, 2.532482, 122.000000
4, 1, 4.611438, 2.305719, 123.000000
4, 1, 4.659691, 2.329846, 123.000000
4, 1, 5.502347, 2.751173, 122.000000
4, 1, 4.753047, 2.376523, 123.000000
4, 1, 5.576365, 2.788182, 122.000000
4, 1, 4.569184, 2.284592, 123.000000
4, 1, 3.815397, 1.907699, 124.000000
4, 1, 4.775814, 2.387907, 123.000000
4, 1, 4.882859, 2.441429, 123.000000
4, 1, 4.243626, 2.121813, 123.000000
4, 1, 3.894579, 1.947289, 124.000000
4, 1, 4.066831, 2.033416, 124.000000
4, 1, 4.355993, 2.177997, 123.000000
4, 1, 4.341558, 2.170779, 123.000000
4, 1, 4.438282, 2.219141, 123.000000
4, 1, 4.504182, 2.252091, 123.000000
4, 1, 4.830479, 2.415239, 123.000000
4, 1, 4.600135, 2.300068, 123.000000
4, 1, 4.827181, 2.413591, 123.000000
4, 1, 4.928993, 2.464496, 122.000000
4, 1, 4.826506, 2.413253, 123.000000
4, 1, 5.389557, 2.694778, 122.000000
4, 1, -173.918101, -86.959050, 50.000000
4, 1, 5.084958, 2.542479, 122.000000
4, 1, 4.877223, 2.438611, 123.000000
4, 1, 4.769243, 2.384622, 123.000000
4, 1, 5.226378, 2.613189, 122.000000
4, 1, 5.501453, 2.750727, 122.000000
4, 1, 5.317241, 2.658620, 122.000000
4, 1, 5.496506, 2.748253, 122.000000
4, 1, 4.509923, 2.254961, 123.000000
4, 1, 5.402881, 2.701440, 122.000000
4, 1, 4.899098, 2.449549, 123.000000
4, 1, 5.452044, 2.726022, 122.000000
4, 1, 4.786017, 2.393008, 123.000000
4, 1, 4.825178, 2.412589, 123.000000
4, 1, 4.863083, 2.431541, 123.000000
4, 1, 4.800216, 2.400108, 123.000000
4, 1, 5.110420, 2.555210, 122.000000
4, 1, 4.958015, 2.479007, 122.000000
4, 1, 4.927706, 2.463853, 122.000000
4, 1, 4.692035, 2.346017, 123.000000
4, 1, 4.860522, 2.430261, 123.000000
4, 1, 4.955783, 2.477892, 122.000000
4, 1, 4.856448, 2.428224, 123.000000
4, 1, 4.957938, 2.478969, 122.000000
4, 1, 5.488440, 2.744220, 122.000000
4, 1, 4.927195, 2.463598, 122.000000
4, 1, 4.910270, 2.455135, 122.000000
4, 1, 4.977592, 2.488796, 122.000000
4, 1, 4.927350, 2.463675, 122.000000
4, 1, 4.948197, 2.474098, 122.000000
4, 1, 5.028390, 2.514195, 122.000000
4, 1, 4.888511, 2.444255, 123.000000
4, 1, 4.901269, 2.450634, 122.000000
4, 1, 4.771397, 2.385699, 123.000000
4, 1, 4.889113, 2.444556, 123.000000
4, 1, 4.736370, 2.368185, 123.000000
4, 1, 4.977813, 2.488906, 122.000000
4, 1, 4.737734, 2.368867, 123.000000
4, 1, 4.905362, 2.452681, 122.000000
4, 1, 4.817126, 2.408563, 123.000000
4, 1, 4.926548, 2.463274, 122.000000
4, 1, 4.894280, 2.447140, 123.000000
4, 1, 4.978843, 2.489422, 122.000000
4, 1, 4.914598, 2.457299, 122.000000
4, 1, 4.786626, 2.393313, 123.000000
4, 1, 4.936533, 2.468267, 122.000000
4, 1, 4.925482, 2.462741, 122.000000
4, 1, 4.887794, 2.443897, 123.000000
4, 1, 4.905314, 2.452657, 122.000000
4, 1, 4.913734, 2.456867, 122.000000
4, 1, 4.930651, 2.465326, 122.000000
4, 1, 4.878318, 2.439159, 123.000000
4, 1, 4.934700, 2.467350, 122.000000
4, 1, 4.837175, 2.418588, 123.000000
4, 1, 4.814131, 2.407065, 123.000000
4, 1, 4.871709, 2.435855, 123.000000
4, 1, 4.987905, 2.493952, 122.000000
4, 1, 5.069850, 2.534925, 122.000000
4, 1, 4.940819, 2.470409, 122.000000
4, 1, 5.042062, 2.521031, 122.000000
4, 1, 4.529835, 2.264917, 123.000000
4, 1, 4.921615, 2.460807, 122.000000
4, 1, 4.618174, 2.309087, 123.000000
4, 1, 4.713446, 2.356723, 123.000000
4, 1, 5.415658, 2.707829, 122.000000
4, 1, 5.505247, 2.752624, 122.000000
4, 1, -173.721092, -86.860546, 50.000000
4, 1, 5.525511, 2.762755, 122.000000
4, 1, -174.336792, -87.168396, 50.000000
4, 1, -174.239502, -87.119751, 50.000000
4, 1, 5.469881, 2.734940, 122.000000
4, 1, -174.193990, -87.096995, 50.000000
4, 1, -174.013028, -87.006514, 50.000000
4, 1, -174.197369, -87.098684, 50.000000
4, 1, -174.160163, -87.080082, 50.000000
4, 1, -174.245846, -87.122923, 50.000000
4, 1, -174.091797, -87.045899, 50.000000
4, 1, -174.360883, -87.180442, 50.000000
4, 1, -174.052773, -87.026386, 50.000000
4, 1, 5.291903, 2.645951, 122.000000
4, 1, 5.376912, 2.688456, 122.000000
4, 1, 5.257636, 2.628818, 122.000000
4, 1, 5.475220, 2.737610, 122.000000
4, 1, 5.519016, 2.759508, 122.000000
4, 1, -171.543044, -85.771522, 50.000000
4, 1, -174.299758, -87.149879, 50.000000
4, 1, 5.609043, 2.804521, 121.000000
4, 1, -171.498514, -85.749257, 50.000000
4, 1, -171.492958, -85.746479, 50.000000
4, 1, -171.522549, -85.761275, 50.000000
4, 1, -171.227120, -85.613560, 50.000000
4, 1, -171.260571, -85.630286, 50.000000
4, 1, -171.143656, -85.571828, 50.000000
4, 1, -171.526505, -85.763252, 50.000000
4, 1, -171.360277, -85.680138, 50.000000
4, 1, -171.416258, -85.708129, 50.000000
4, 1, -171.363283, -85.681641, 50.000000
4, 1, -171.223772, -85.611886, 50.000000
4, 1, -171.407517, -85.703759, 50.000000
4, 1, -171.404439, -85.702220, 50.000000
4, 1, -171.273493, -85.636747, 50.000000
4, 1, -171.339549, -85.669775, 50.000000
4, 1, -171.261981, -85.630990, 50.000000
