7, 0, 7.164533, 3.582266, 111.000000
7, 0, 7.285697, 3.642849, 110.000000
7, 0, 7.284722, 3.642361, 110.000000
7, 0, 7.291298, 3.645649, 110.000000
7, 0, 7.218437, 3.609218, 110.000000
7, 0, 7.343367, 3.671684, 110.000000
7, 0, 7.343367, 3.671684, 110.000000
7, 0, 7.345368, 3.672684, 110.000000
7, 0, 7.215557, 3.607779, 110.000000
7, 0, 7.215557, 3.607779, 110.000000
7, 0, 7.343923, 3.671962, 110.000000
7, 0, 7.286127, 3.643064, 110.000000
7, 0, 7.286127, 3.643064, 110.000000
7, 0, 7.214760, 3.607380, 110.000000
7, 0, 7.348656, 3.674328, 110.000000
7, 0, 7.273096, 3.636548, 110.000000
7, 0, 7.273096, 3.636548, 110.000000
7, 0, 7.332324, 3.666162, 110.000000
7, 0, 7.283031, 3.641516, 110.000000
7, 0, 7.415850, 3.707925, 110.000000
7, 0, 7.349623, 3.674812, 110.000000
7, 0, 7.462730, 3.731365, 110.000000
7, 0, 7.468805, 3.734402, 110.000000
7, 0, 7.592993, 3.796497, 110.000000
7, 0, 7.533641, 3.766820, 110.000000
7, 0, 7.533938, 3.766969, 110.000000
7, 0, 7.534865, 3.767432, 110.000000
7, 0, 7.670330, 3.835165, 110.000000
7, 0, 7.601992, 3.800996, 110.000000
7, 0, 7.799738, 3.899869, 110.000000
7, 0, 7.737410, 3.868705, 110.000000
7, 0, 7.857702, 3.928851, 110.000000
7, 0, 7.800594, 3.900297, 110.000000
7, 0, 7.723781, 3.861890, 110.000000
7, 0, 7.853375, 3.926687, 110.000000
7, 0, 7.735831, 3.867916, 110.000000
7, 0, 7.862635, 3.931318, 110.000000
7, 0, 7.858690, 3.929345, 110.000000
7, 0, 7.861299, 3.930650, 110.000000
7, 0, 7.861092, 3.930546, 110.000000
7, 0, 7.920632, 3.960316, 110.000000
7, 0, 7.868221, 3.934110, 110.000000
7, 0, 7.931669, 3.965834, 110.000000
7, 0, 7.921905, 3.960952, 110.000000
7, 0, 7.867339, 3.933670, 110.000000
7, 0, 7.989412, 3.994706, 110.000000
7, 0, 7.984895, 3.992447, 110.000000
7, 0, 7.796328, 3.898164, 110.000000
7, 0, 7.733105, 3.866553, 110.000000
7, 0, 7.737166, 3.868583, 110.000000
7, 0, 7.928080, 3.964040, 110.000000
7, 0, 7.728504, 3.864252, 110.000000
7, 0, 7.789106, 3.894553, 110.000000
7, 0, 7.863705, 3.931853, 110.000000
7, 0, 7.738231, 3.869116, 110.000000
7, 0, 7.790193, 3.895096, 110.000000
7, 0, 7.790858, 3.895429, 110.000000
7, 0, 7.846057, 3.923028, 110.000000
7, 0, 7.858489, 3.929244, 110.000000
7, 0, 7.914748, 3.957374, 110.000000
7, 0, 7.841418, 3.920709, 110.000000
7, 0, 7.904639, 3.952319, 110.000000
7, 0, 7.958344, 3.979172, 110.000000
7, 0, 8.013980, 4.006990, 109.000000
7, 0, 7.044297, 3.522149, 111.000000
7, 0, 7.102456, 3.551228, 111.000000
7, 0, 7.160246, 3.580123, 111.000000
7, 0, 7.272320, 3.636160, 110.000000
7, 0, 7.384064, 3.692032, 110.000000
7, 0, 7.312274, 3.656137, 110.000000
7, 0, 7.218947, 3.609473, 110.000000
7, 0, 7.448285, 3.724143, 110.000000
7, 0, 7.562793, 3.781397, 110.000000
7, 0, 7.617001, 3.808500, 110.000000
7, 0, 7.716311, 3.858156, 110.000000
7, 0, 7.580547, 3.790273, 110.000000
7, 0, 6.989892, 3.494946, 111.000000
7, 0, 6.965369, 3.482685, 111.000000
7, 0, 7.139987, 3.569994, 111.000000
7, 0, 6.989853, 3.494926, 111.000000
7, 0, 7.002639, 3.501320, 111.000000
7, 0, 7.000554, 3.500277, 111.000000
7, 0, 7.027372, 3.513686, 111.000000
7, 0, 7.234654, 3.617327, 110.000000
7, 0, 7.323248, 3.661624, 110.000000
7, 0, 6.876136, 3.438068, 111.000000
7, 0, 6.923385, 3.461693, 111.000000
7, 0, 6.921773, 3.460886, 111.000000
7, 0, 7.012394, 3.506197, 111.000000
7, 0, 7.165824, 3.582912, 111.000000
7, 0, 6.987401, 3.493701, 111.000000
7, 0, 7.213159, 3.606579, 110.000000
7, 0, 7.431108, 3.715554, 110.000000
7, 0, 7.573440, 3.786720, 110.000000
7, 0, 7.940730, 3.970365, 110.000000
7, 0, 7.387832, 3.693916, 110.000000
8, 0, 6.774454, 3.387227, 111.000000
7, 0, 6.690714, 3.345357, 111.000000
7, 0, 6.589971, 3.294986, 111.000000
7, 0, 5.555796, 2.777898, 113.000000
7, 0, 5.478327, 2.739164, 113.000000
6, 0, -11.100723, -5.550362, 106.000000
6, 0, -11.412407, -5.706204, 105.000000
6, 0, -12.087827, -6.043913, 104.000000
6, 0, -12.700458, -6.350229, 104.000000
7, 0, -12.900808, -6.450404, 103.000000
6, 0, -13.376522, -6.688261, 103.000000
6, 0, -14.009851, -7.004925, 102.000000
6, 0, -14.139529, -7.069764, 102.000000
5, 0, -0.515481, -0.257740, 119.000000
5, 0, -0.371648, -0.185824, 119.000000
5, 0, 0.150177, 0.075089, 119.000000
5, 0, 0.262251, 0.131125, 119.000000
5, 0, 0.500707, 0.250354, 119.000000
5, 0, 0.665523, 0.332761, 119.000000
5, 0, 1.298342, 0.649171, 118.000000
5, 0, 1.507768, 0.753884, 118.000000
4, 0, 1.431035, 0.715517, 118.000000
5, 0, 1.557316, 0.778658, 118.000000
5, 0, 1.663214, 0.831607, 117.000000
5, 0, 1.634466, 0.817233, 117.000000
5, 0, 1.763273, 0.881637, 117.000000
5, 0, 1.916389, 0.958194, 117.000000
5, 0, 2.087146, 1.043573, 117.000000
5, 0, 2.442616, 1.221308, 116.000000
5, 0, 2.635992, 1.317996, 116.000000
5, 0, 2.767425, 1.383712, 116.000000
5, 0, 3.394880, 1.697440, 115.000000
5, 0, 3.446921, 1.723460, 115.000000
5, 0, 3.085734, 1.542867, 116.000000
5, 0, 2.773101, 1.386550, 116.000000
5, 0, 2.590265, 1.295132, 116.000000
6, 0, 2.472668, 1.236334, 116.000000
6, 0, 2.836008, 1.418004, 116.000000
6, 0, 2.820965, 1.410482, 116.000000
6, 0, 2.605781, 1.302890, 116.000000
7, 0, 2.578399, 1.289199, 116.000000
7, 0, 2.571459, 1.285730, 116.000000
7, 0, 2.714040, 1.357020, 116.000000
7, 0, 2.430532, 1.215266, 116.000000
7, 0, 2.975443, 1.487722, 116.000000
7, 0, 2.549634, 1.274817, 116.000000
7, 0, 2.305305, 1.152652, 117.000000
7, 0, 2.430902, 1.215451, 116.000000
7, 0, 2.553526, 1.276763, 116.000000
7, 0, 2.442107, 1.221054, 116.000000
7, 0, 2.836023, 1.418011, 116.000000
7, 0, 2.988298, 1.494149, 116.000000
7, 0, 2.962636, 1.481318, 116.000000
8, 0, 2.355490, 1.177745, 117.000000
7, 0, 1.862343, 0.931171, 117.000000
6, 0, -9.049198, -4.524599, 108.000000
6, 0, -9.355064, -4.677532, 108.000000
6, 0, -9.507181, -4.753590, 108.000000
6, 0, -8.968716, -4.484358, 108.000000
5, 0, -0.224581, -0.112290, 119.000000
5, 0, -0.055094, -0.027547, 119.000000
5, 0, 0.248539, 0.124270, 119.000000
5, 0, 0.561006, 0.280503, 119.000000
5, 0, 1.062785, 0.531392, 118.000000
5, 0, 1.479757, 0.739879, 118.000000
6, 0, 1.526780, 0.763390, 118.000000
6, 0, 1.537010, 0.768505, 118.000000
6, 0, 1.709407, 0.854703, 117.000000
6, 0, 1.874211, 0.937106, 117.000000
6, 0, 1.937876, 0.968938, 117.000000
6, 0, 2.056019, 1.028009, 117.000000
6, 0, 2.086591, 1.043296, 117.000000
7, 0, 2.467512, 1.233756, 116.000000
7, 0, 2.165057, 1.082528, 117.000000
7, 0, 2.277477, 1.138739, 117.000000
7, 0, 2.476858, 1.238429, 116.000000
7, 0, 2.600801, 1.300401, 116.000000
7, 0, 2.804741, 1.402371, 116.000000
7, 0, 3.164886, 1.582443, 116.000000
7, 0, 2.522899, 1.261450, 116.000000
7, 0, 2.965970, 1.482985, 116.000000
7, 0, 3.007566, 1.503783, 116.000000
7, 0, 3.281712, 1.640856, 115.000000
7, 0, 3.201296, 1.600648, 115.000000
7, 0, 3.273117, 1.636558, 115.000000
7, 0, 3.379290, 1.689645, 115.000000
7, 0, 3.100922, 1.550461, 116.000000
7, 0, 3.399489, 1.699744, 115.000000
7, 0, 2.930270, 1.465135, 116.000000
7, 0, 3.334495, 1.667248, 115.000000
7, 0, 3.202461, 1.601230, 115.000000
9, 0, 3.180377, 1.590189, 116.000000
8, 0, 2.843902, 1.421951, 116.000000
7, 0, -7.923090, -3.961545, 110.000000
7, 0, -8.463060, -4.231530, 109.000000
7, 0, -9.448769, -4.724385, 108.000000
6, 0, -1.882503, -0.941251, 117.000000
6, 0, -1.971009, -0.985505, 117.000000
5, 0, -2.180668, -1.090334, 117.000000
5, 0, -2.310909, -1.155454, 117.000000
6, 0, -1.764578, -0.882289, 117.000000
6, 0, -1.232560, -0.616280, 118.000000
6, 0, -1.353849, -0.676925, 118.000000
6, 0, -0.652519, -0.326259, 119.000000
6, 0, -0.304693, -0.152346, 119.000000
7, 0, 0.141513, 0.070757, 119.000000
6, 0, -0.010526, -0.005263, 119.000000
7, 0, 0.200716, 0.100358, 119.000000
7, 0, 0.609542, 0.304771, 119.000000
7, 0, 0.869496, 0.434748, 118.000000
7, 0, 0.995242, 0.497621, 118.000000
7, 0, 1.484784, 0.742392, 118.000000
7, 0, 1.440131, 0.720065, 118.000000
7, 0, 1.428464, 0.714232, 118.000000
7, 0, 1.810330, 0.905165, 117.000000
7, 0, 0.729241, 0.364620, 119.000000
6, 0, 2.304426, 1.152213, 117.000000
6, 0, 2.872699, 1.436350, 116.000000
6, 0, 1.955807, 0.977903, 117.000000
6, 0, -14.193649, -7.096825, 102.000000
6, 0, -14.265104, -7.132552, 102.000000
6, 0, -14.805518, -7.402759, 101.000000
7, 0, -15.356605, -7.678303, 100.000000
7, 0, -16.111870, -8.055935, 99.000000
7, 0, -17.064673, -8.532336, 98.000000
7, 0, -17.551935, -8.775967, 98.000000
7, 0, -18.116727, -9.058363, 97.000000
7, 1, -18.118368, -9.059184, 70.000000
7, 1, -18.260461, -9.130230, 70.000000
7, 1, -17.811372, -8.905686, 70.000000
7, 1, -17.559864, -8.779932, 70.000000
7, 1, -17.271818, -8.635909, 70.000000
7, 1, -16.531140, -8.265570, 71.000000
7, 1, -16.605464, -8.302732, 71.000000
7, 1, -15.834240, -7.917120, 71.000000
6, 1, -11.729058, -5.864529, 73.000000
6, 1, -11.069787, -5.534894, 74.000000
6, 1, -10.393851, -5.196925, 74.000000
5, 1, -9.913221, -4.956610, 74.000000
4, 1, -15.030846, -7.515423, 71.000000
4, 1, -14.259883, -7.129941, 72.000000
5, 1, -13.595554, -6.797777, 72.000000
5, 1, -13.571971, -6.785985, 72.000000
5, 1, -13.090342, -6.545171, 72.000000
6, 1, -12.996089, -6.498045, 73.000000
6, 1, -11.034603, -5.517301, 74.000000
7, 1, -10.954057, -5.477029, 74.000000
6, 1, -10.628737, -5.314369, 74.000000
6, 1, -10.906289, -5.453145, 74.000000
6, 1, -10.680316, -5.340158, 74.000000
6, 1, -9.963856, -4.981928, 74.000000
5, 1, -9.036304, -4.518152, 75.000000
5, 1, -8.634618, -4.317309, 75.000000
5, 1, -8.254244, -4.127122, 75.000000
5, 1, -7.707100, -3.853550, 75.000000
6, 1, -6.713368, -3.356684, 76.000000
6, 1, -6.143119, -3.071559, 76.000000
6, 1, -5.657576, -2.828788, 76.000000
7, 1, -5.212029, -2.606014, 77.000000
7, 1, -4.494819, -2.247409, 77.000000
8, 1, -3.222417, -1.611208, 78.000000
8, 1, -2.740795, -1.370397, 78.000000
7, 1, -45.703994, -22.851997, 55.000000
5, 1, -23.876511, -11.938255, 67.000000
5, 1, -24.097120, -12.048560, 67.000000
5, 1, -24.094966, -12.047483, 67.000000
5, 1, -24.269920, -12.134960, 66.000000
6, 1, -24.763499, -12.381750, 66.000000
6, 1, -25.022702, -12.511351, 66.000000
6, 1, -25.069127, -12.534564, 66.000000
6, 1, -25.195884, -12.597942, 66.000000
6, 1, -24.450007, -12.225004, 66.000000
6, 1, -24.139003, -12.069502, 67.000000
6, 1, -23.338153, -11.669077, 67.000000
6, 1, -22.828754, -11.414377, 67.000000
6, 1, -21.834925, -10.917463, 68.000000
6, 1, -21.257994, -10.628997, 68.000000
6, 1, -20.443237, -10.221619, 69.000000
6, 1, -19.671855, -9.835928, 69.000000
6, 1, -18.513991, -9.256996, 70.000000
6, 1, -17.427467, -8.713734, 70.000000
6, 1, -17.168658, -8.584329, 70.000000
6, 1, -16.006782, -8.003391, 71.000000
6, 1, -14.840511, -7.420256, 72.000000
6, 1, -14.480990, -7.240495, 72.000000
6, 1, -13.506652, -6.753326, 72.000000
6, 1, -13.850188, -6.925094, 72.000000
7, 1, -12.888334, -6.444167, 73.000000
7, 1, -12.489838, -6.244919, 73.000000
7, 1, -12.193590, -6.096795, 73.000000
7, 1, -12.313791, -6.156896, 73.000000
7, 1, -1.753902, -0.876951, 79.000000
6, 1, -1.127226, -0.563613, 79.000000
6, 1, -0.837576, -0.418788, 79.000000
5, 1, -34.772442, -17.386221, 61.000000
5, 1, -34.505610, -17.252805, 61.000000
5, 1, -34.585757, -17.292878, 61.000000
5, 1, -34.917956, -17.458978, 61.000000
6, 1, -31.847370, -15.923685, 62.000000
5, 1, -32.911916, -16.455958, 62.000000
5, 1, -33.197447, -16.598723, 62.000000
5, 1, -33.484860, -16.742430, 62.000000
6, 1, -33.532813, -16.766406, 62.000000
6, 1, -33.082063, -16.541031, 62.000000
7, 1, -32.635318, -16.317659, 62.000000
6, 1, -32.171466, -16.085733, 62.000000
6, 1, -31.657177, -15.828589, 63.000000
6, 1, -30.322060, -15.161030, 63.000000
6, 1, -29.764760, -14.882380, 64.000000
6, 1, -29.062977, -14.531489, 64.000000
7, 1, -9.721735, -4.860868, 74.000000
6, 1, -27.042513, -13.521257, 65.000000
6, 1, -26.266014, -13.133007, 65.000000
6, 1, -25.705386, -12.852693, 66.000000
6, 1, -25.035332, -12.517666, 66.000000
7, 1, -23.712456, -11.856228, 67.000000
7, 1, -23.454904, -11.727452, 67.000000
8, 1, -23.157214, -11.578607, 67.000000
8, 1, -23.021940, -11.510970, 67.000000
8, 1, -22.227389, -11.113695, 68.000000
8, 1, -21.828827, -10.914413, 68.000000
8, 1, -21.119080, -10.559540, 68.000000
8, 1, -20.822128, -10.411064, 68.000000
8, 1, -19.954334, -9.977167, 69.000000
8, 1, -19.180475, -9.590237, 69.000000
7, 1, -18.517883, -9.258942, 70.000000
8, 1, -18.540986, -9.270493, 70.000000
9, 1, -17.944485, -8.972242, 70.000000
9, 1, -17.747252, -8.873626, 70.000000
9, 1, -17.121285, -8.560643, 70.000000
9, 1, -16.513700, -8.256850, 71.000000
9, 1, -15.137427, -7.568714, 71.000000
8, 1, 0.771509, 0.385754, 79.000000
8, 1, 1.760249, 0.880125, 79.000000
7, 1, 2.421333, 1.210666, 78.000000
7, 1, 4.211430, 2.105715, 77.000000
7, 1, 5.174080, 2.587040, 77.000000
7, 1, 6.146467, 3.073233, 76.000000
7, 1, 7.202702, 3.601351, 76.000000
8, 1, 8.338900, 4.169450, 75.000000
7, 1, -18.494700, -9.247350, 70.000000
7, 1, -18.747406, -9.373703, 69.000000
7, 1, -19.260962, -9.630481, 69.000000
7, 1, -20.656126, -10.328063, 68.000000
7, 1, -21.210349, -10.605174, 68.000000
7, 1, -21.700608, -10.850304, 68.000000
7, 1, -22.661477, -11.330738, 67.000000
7, 1, -24.079983, -12.039992, 67.000000
7, 1, -24.717433, -12.358717, 66.000000
7, 1, -24.727393, -12.363696, 66.000000
7, 1, -25.546149, -12.773075, 66.000000
7, 1, -25.331386, -12.665693, 66.000000
7, 1, -24.829808, -12.414904, 66.000000
7, 1, -25.266103, -12.633051, 66.000000
7, 1, -25.021023, -12.510511, 66.000000
8, 1, -24.540707, -12.270353, 66.000000
8, 1, -24.112651, -12.056326, 67.000000
8, 1, -23.717952, -11.858976, 67.000000
7, 1, -7.739691, -3.869846, 75.000000
7, 1, -5.603415, -2.801707, 76.000000
7, 1, -4.838272, -2.419136, 77.000000
8, 1, -4.115220, -2.057610, 77.000000
8, 1, -8.777272, -4.388636, 75.000000
8, 1, -7.291218, -3.645609, 76.000000
8, 1, -6.298600, -3.149300, 76.000000
8, 1, -5.529207, -2.764604, 77.000000
8, 1, -5.252853, -2.626427, 77.000000
8, 1, -4.381247, -2.190624, 77.000000
7, 1, -4.481822, -2.240911, 77.000000
7, 1, -3.981091, -1.990546, 77.000000
6, 1, -4.168013, -2.084007, 77.000000
7, 1, -3.797358, -1.898679, 77.000000
7, 1, -3.712117, -1.856059, 78.000000
7, 1, -3.537443, -1.768721, 78.000000
7, 1, -3.125291, -1.562645, 78.000000
8, 1, -2.488148, -1.244074, 78.000000
9, 1, -1.928055, -0.964027, 78.000000
8, 1, -2.487066, -1.243533, 78.000000
8, 1, -3.273050, -1.636525, 78.000000
8, 1, -3.054732, -1.527366, 78.000000
8, 1, -2.809629, -1.404815, 78.000000
8, 1, -3.313935, -1.656968, 78.000000
7, 1, -42.194136, -21.097068, 57.000000
8, 1, -44.130517, -22.065258, 56.000000
7, 1, -45.191401, -22.595700, 55.000000
6, 1, -46.138818, -23.069409, 55.000000
6, 1, -46.895922, -23.447961, 54.000000
6, 1, -48.119031, -24.059516, 54.000000
5, 1, -42.947744, -21.473872, 56.000000
5, 1, -43.338933, -21.669467, 56.000000
5, 1, -43.830125, -21.915062, 56.000000
5, 1, -43.729733, -21.864866, 56.000000
5, 1, -43.278485, -21.639243, 56.000000
5, 1, -43.085194, -21.542597, 56.000000
5, 1, -43.153110, -21.576555, 56.000000
5, 1, -41.832179, -20.916090, 57.000000
5, 1, -41.198748, -20.599374, 57.000000
5, 1, -40.614629, -20.307315, 58.000000
5, 1, -39.547397, -19.773699, 58.000000
5, 1, -37.840241, -18.920121, 59.000000
5, 1, -37.138978, -18.569489, 60.000000
5, 1, -36.524507, -18.262253, 60.000000
5, 1, -35.839802, -17.919901, 60.000000
6, 1, -34.487954, -17.243977, 61.000000
6, 1, -33.339602, -16.669801, 62.000000
6, 0, -32.567405, -16.283702, 79.000000
6, 0, -31.448409, -15.724205, 80.000000
6, 0, -29.735956, -14.867978, 82.000000
6, 0, -28.902506, -14.451253, 83.000000
6, 0, -29.521400, -14.760700, 83.000000
6, 0, -28.859797, -14.429898, 83.000000
6, 0, -26.897851, -13.448925, 86.000000
6, 0, -27.359665, -13.679832, 85.000000
6, 0, -27.399557, -13.699779, 85.000000
6, 1, -27.150335, -13.575167, 65.000000
6, 1, -26.457360, -13.228680, 65.000000
7, 1, -26.276890, -13.138445, 65.000000
6, 1, -25.369987, -12.684993, 66.000000
6, 1, -26.247099, -13.123549, 65.000000
5, 1, -49.566315, -24.783157, 53.000000
6, 1, -49.595562, -24.797781, 53.000000
6, 1, -49.689496, -24.844748, 53.000000
7, 1, -49.740324, -24.870162, 53.000000
6, 1, -50.079659, -25.039829, 53.000000
7, 1, -50.057000, -25.028500, 53.000000
7, 1, -50.334279, -25.167140, 53.000000
7, 1, -50.127591, -25.063795, 53.000000
7, 1, -48.667694, -24.333847, 53.000000
7, 1, -47.987705, -23.993852, 54.000000
7, 1, -47.011788, -23.505894, 54.000000
7, 1, -45.964081, -22.982041, 55.000000
6, 1, -93.201076, -46.600538, 50.000000
6, 1, -93.206268, -46.603134, 50.000000
6, 1, -94.008916, -47.004458, 50.000000
6, 1, -95.148399, -47.574199, 50.000000
6, 1, -96.648256, -48.324128, 50.000000
6, 1, -97.110720, -48.555360, 50.000000
6, 1, -97.823091, -48.911545, 50.000000
6, 1, -98.225686, -49.112843, 50.000000
6, 1, -100.106931, -50.053466, 50.000000
6, 1, -99.336124, -49.668062, 50.000000
6, 1, -100.232394, -50.116197, 50.000000
6, 2, -100.438599, -50.219300, 50.000000
6, 2, -102.264764, -51.132382, 50.000000
6, 2, -102.945484, -51.472742, 50.000000
7, 2, -103.711748, -51.855874, 50.000000
7, 1, -104.472401, -52.236201, 50.000000
7, 1, -105.985890, -52.992945, 50.000000
7, 1, -106.806388, -53.403194, 50.000000
7, 1, -107.602204, -53.801102, 50.000000
7, 1, -108.815727, -54.407863, 50.000000
6, 1, -31.136146, -15.568073, 63.000000
6, 1, -29.793395, -14.896697, 64.000000
6, 1, -28.462309, -14.231154, 64.000000
6, 1, -26.770897, -13.385449, 65.000000
6, 1, -24.293743, -12.146871, 66.000000
6, 1, -22.835590, -11.417795, 67.000000
6, 1, -21.357843, -10.678922, 68.000000
6, 1, -19.968196, -9.984098, 69.000000
7, 1, -18.861093, -9.430547, 69.000000
7, 1, -16.065497, -8.032748, 71.000000
7, 1, -15.687166, -7.843583, 71.000000
7, 1, -14.476933, -7.238467, 72.000000
7, 1, -16.092787, -8.046393, 71.000000
7, 0, -16.022504, -8.011252, 99.000000
7, 0, -15.605386, -7.802693, 100.000000
7, 0, -15.263632, -7.631816, 100.000000
7, 0, -14.187165, -7.093582, 102.000000
7, 0, -14.278192, -7.139096, 102.000000
7, 0, -13.946521, -6.973260, 102.000000
8, 0, -13.530062, -6.765031, 103.000000
8, 0, -12.839270, -6.419635, 103.000000
8, 0, -12.587133, -6.293566, 104.000000
8, 0, -12.774148, -6.387074, 104.000000
8, 0, -12.438948, -6.219474, 104.000000
8, 0, -12.091240, -6.045620, 104.000000
8, 0, -12.746337, -6.373169, 104.000000
8, 0, -12.676905, -6.338452, 104.000000
7, 0, -24.136673, -12.068337, 89.000000
7, 0, -24.343850, -12.171925, 89.000000
7, 0, -24.387186, -12.193593, 89.000000
7, 0, -24.618209, -12.309105, 89.000000
7, 0, -24.861995, -12.430998, 88.000000
7, 0, -25.469017, -12.734509, 88.000000
7, 0, -25.847758, -12.923879, 87.000000
7, 0, -26.151604, -13.075802, 87.000000
7, 0, -26.102009, -13.051004, 87.000000
7, 0, -26.050188, -13.025094, 87.000000
7, 0, -25.885654, -12.942827, 87.000000
7, 0, -25.989180, -12.994590, 87.000000
7, 0, -25.996890, -12.998445, 87.000000
7, 0, -25.639714, -12.819857, 87.000000
6, 0, -25.299821, -12.649911, 88.000000
6, 0, -24.693910, -12.346955, 89.000000
6, 0, -24.568812, -12.284406, 89.000000
5, 0, -3.224590, -1.612295, 115.000000
6, 0, -2.400398, -1.200199, 116.000000
6, 0, -1.384928, -0.692464, 118.000000
6, 0, -0.369993, -0.184996, 119.000000
6, 0, 1.552428, 0.776214, 118.000000
6, 0, 2.549227, 1.274613, 116.000000
6, 0, 3.326050, 1.663025, 115.000000
6, 0, 4.091152, 2.045576, 114.000000
7, 0, 4.974995, 2.487498, 113.000000
7, 0, 5.081446, 2.540723, 113.000000
6, 0, 5.185803, 2.592902, 113.000000
6, 0, 5.538325, 2.769162, 113.000000
7, 2, 5.609580, 2.804790, 76.000000
7, 2, 7.854149, 3.927074, 75.000000
7, 2, 6.718706, 3.359353, 76.000000
8, 2, 6.370698, 3.185349, 76.000000
7, 2, 6.087304, 3.043652, 76.000000
7, 2, 5.879481, 2.939740, 76.000000
7, 2, 5.669322, 2.834661, 76.000000
7, 2, 6.198338, 3.099169, 76.000000
8, 2, 5.769951, 2.884976, 76.000000
7, 2, 5.992215, 2.996107, 76.000000
7, 2, 5.986272, 2.993136, 76.000000
7, 2, 5.395591, 2.697795, 77.000000
7, 2, 110.463372, 55.231686, 50.000000
7, 2, 112.047258, 56.023629, 50.000000
7, 2, 113.661706, 56.830853, 50.000000
7, 2, 114.827359, 57.413679, 50.000000
6, 2, 117.989362, 58.994681, 50.000000
7, 2, 119.432114, 59.716057, 50.000000
6, 2, 121.176839, 60.588419, 50.000000
5, 2, -5.653154, -2.826577, 76.000000
5, 2, -5.943621, -2.971810, 76.000000
5, 2, 4.567591, 2.283795, 77.000000
5, 2, 3.219190, 1.609595, 78.000000
5, 2, 1.937547, 0.968774, 78.000000
5, 2, -1.601328, -0.800664, 79.000000
5, 2, -6.018936, -3.009468, 76.000000
5, 2, -6.332240, -3.166120, 76.000000
5, 2, -10.253442, -5.126721, 74.000000
5, 2, -8.100339, -4.050169, 75.000000
5, 2, -9.730348, -4.865174, 74.000000
5, 2, -10.453043, -5.226522, 74.000000
5, 2, -10.772452, -5.386226, 74.000000
6, 2, -12.735013, -6.367506, 73.000000
6, 2, -12.372871, -6.186435, 73.000000
6, 0, -12.972611, -6.486306, 103.000000
6, 0, -12.755801, -6.377901, 104.000000
7, 0, -11.686226, -5.843113, 105.000000
7, 0, -10.819072, -5.409536, 106.000000
6, 0, -11.682512, -5.841256, 105.000000
6, 0, -11.911930, -5.955965, 105.000000
5, 0, 0.274860, 0.137430, 119.000000
5, 0, 2.196422, 1.098211, 117.000000
6, 2, 0.437468, 0.218734, 79.000000
7, 2, 2.411028, 1.205514, 78.000000
7, 2, 6.896191, 3.448095, 76.000000
8, 2, 9.426384, 4.713192, 74.000000
9, 2, 10.807879, 5.403940, 74.000000
8, 2, 12.067871, 6.033935, 73.000000
7, 2, 38.937673, 19.468836, 59.000000
7, 2, 11.050732, 5.525366, 74.000000
7, 2, 11.230309, 5.615155, 73.000000
7, 2, 11.651320, 5.825660, 73.000000
7, 2, 11.336600, 5.668300, 73.000000
7, 2, 24.297640, 12.148820, 66.000000
7, 2, 24.205763, 12.102882, 67.000000
7, 2, 24.097301, 12.048650, 67.000000
6, 2, 17.214303, 8.607152, 70.000000
6, 2, 17.022068, 8.511034, 70.000000
6, 2, 16.975788, 8.487894, 70.000000
5, 2, 16.762189, 8.381094, 71.000000
6, 2, 16.180570, 8.090285, 71.000000
6, 2, 15.815021, 7.907510, 71.000000
6, 2, 15.147092, 7.573546, 71.000000
6, 2, 14.522667, 7.261333, 72.000000
6, 2, 13.696893, 6.848447, 72.000000
6, 2, 13.839779, 6.919889, 72.000000
6, 2, 13.251331, 6.625666, 72.000000
6, 2, 12.919647, 6.459823, 73.000000
6, 2, 11.817715, 5.908858, 73.000000
6, 2, 11.241554, 5.620777, 73.000000
6, 2, 10.698672, 5.349336, 74.000000
6, 2, 10.221442, 5.110721, 74.000000
6, 2, 9.518472, 4.759236, 74.000000
6, 2, 9.561645, 4.780823, 74.000000
6, 2, 8.993255, 4.496627, 75.000000
6, 2, 8.535151, 4.267575, 75.000000
6, 2, 7.636379, 3.818189, 75.000000
6, 2, 7.428159, 3.714079, 76.000000
6, 2, 7.162095, 3.581048, 76.000000
6, 2, 6.962893, 3.481447, 76.000000
6, 2, 6.478475, 3.239238, 76.000000
7, 2, 6.017644, 3.008822, 76.000000
7, 2, 5.823502, 2.911751, 76.000000
7, 2, 5.530483, 2.765241, 77.000000
7, 2, 5.394210, 2.697105, 77.000000
7, 0, 5.092744, 2.546372, 113.000000
7, 0, -53.238684, -26.619342, 53.000000
7, 0, -54.397095, -27.198547, 52.000000
7, 0, -57.236978, -28.618489, 50.000000
7, 0, -58.840047, -29.420023, 50.000000
7, 0, -60.260729, -30.130365, 50.000000
7, 0, -61.859811, -30.929905, 50.000000
8, 0, -64.901081, -32.450540, 50.000000
8, 0, -66.519071, -33.259536, 50.000000
7, 0, -67.955458, -33.977729, 50.000000
7, 0, -69.023530, -34.511765, 50.000000
7, 0, -71.034559, -35.517280, 50.000000
7, 0, -71.801844, -35.900922, 50.000000
7, 0, -72.673650, -36.336825, 50.000000
6, 0, -73.294037, -36.647018, 50.000000
7, 0, -74.335562, -37.167781, 50.000000
7, 0, -74.697373, -37.348687, 50.000000
7, 0, -74.764850, -37.382425, 50.000000
7, 0, -74.673956, -37.336978, 50.000000
7, 0, -74.475224, -37.237612, 50.000000
8, 0, -74.304801, -37.152401, 50.000000
8, 0, -73.818836, -36.909418, 50.000000
8, 0, -73.255573, -36.627787, 50.000000
8, 0, -72.547366, -36.273683, 50.000000
9, 0, -72.362652, -36.181326, 50.000000
9, 0, -72.076336, -36.038168, 50.000000
9, 0, -71.481551, -35.740775, 50.000000
9, 0, -70.851948, -35.425974, 50.000000
9, 0, -70.731552, -35.365776, 50.000000
9, 0, -70.549015, -35.274508, 50.000000
9, 0, -70.363983, -35.181992, 50.000000
9, 0, -70.409839, -35.204919, 50.000000
8, 0, 150.592386, 75.296193, 50.000000
8, 0, 151.986113, 75.993057, 50.000000
8, 0, 153.547100, 76.773550, 50.000000
9, 0, 156.599592, 78.299796, 50.000000
8, 0, 158.132834, 79.066417, 50.000000
8, 0, 159.554883, 79.777441, 50.000000
8, 0, 161.042541, 80.521271, 50.000000
9, 0, 163.085047, 81.542523, 50.000000
9, 0, 164.017022, 82.008511, 50.000000
9, 0, 164.702424, 82.351212, 50.000000
9, 0, 165.522319, 82.761160, 50.000000
9, 0, 166.738113, 83.369057, 50.000000
9, 0, 167.172027, 83.586013, 50.000000
9, 0, 167.362040, 83.681020, 50.000000
9, 0, 168.008226, 84.004113, 50.000000
9, 0, 168.121515, 84.060757, 50.000000
9, 0, 168.199644, 84.099822, 50.000000
8, 0, 168.092792, 84.046396, 50.000000
8, 0, 168.221864, 84.110932, 50.000000
9, 0, 168.282305, 84.141152, 50.000000
9, 0, 168.227584, 84.113792, 50.000000
9, 0, 168.120977, 84.060489, 50.000000
10, 0, 168.177246, 84.088623, 50.000000
10, 0, 168.307849, 84.153925, 50.000000
10, 0, 168.139310, 84.069655, 50.000000
10, 0, 168.086701, 84.043351, 50.000000
10, 0, 168.146008, 84.073004, 50.000000
10, 0, 168.260181, 84.130090, 50.000000
10, 0, 168.245274, 84.122637, 50.000000
9, 0, 168.267191, 84.133595, 50.000000
9, 0, 168.362657, 84.181328, 50.000000
9, 0, 168.442895, 84.221447, 50.000000
9, 0, 168.624243, 84.312121, 50.000000
9, 0, 168.478335, 84.239167, 50.000000
9, 0, 168.419566, 84.209783, 50.000000
9, 0, 168.542185, 84.271092, 50.000000
9, 0, 169.630563, 84.815281, 50.000000
9, 0, 169.634960, 84.817480, 50.000000
9, 0, 169.664627, 84.832313, 50.000000
9, 0, 169.347087, 84.673543, 50.000000
9, 0, 169.268186, 84.634093, 50.000000
9, 0, 169.518461, 84.759230, 50.000000
9, 0, 169.247668, 84.623834, 50.000000
9, 0, 169.258980, 84.629490, 50.000000
9, 0, 169.151109, 84.575554, 50.000000
9, 0, 169.198457, 84.599228, 50.000000
9, 0, 169.207915, 84.603957, 50.000000
9, 0, 169.038146, 84.519073, 50.000000
9, 0, 168.962038, 84.481019, 50.000000
9, 0, 168.803563, 84.401781, 50.000000
9, 0, 168.996538, 84.498269, 50.000000
9, 0, 169.166419, 84.583210, 50.000000
9, 0, 169.483911, 84.741955, 50.000000
9, 0, 169.454346, 84.727173, 50.000000
9, 0, 169.274897, 84.637449, 50.000000
9, 0, 169.469310, 84.734655, 50.000000
8, 0, 7.789864, 3.894932, 110.000000
8, 0, 7.664795, 3.832397, 110.000000
8, 0, 7.790836, 3.895418, 110.000000
8, 0, 7.660138, 3.830069, 110.000000
8, 0, 7.794459, 3.897229, 110.000000
8, 0, 7.788279, 3.894140, 110.000000
8, 0, 7.785969, 3.892985, 110.000000
8, 0, 7.783410, 3.891705, 110.000000
8, 0, 7.784504, 3.892252, 110.000000
8, 0, 7.785516, 3.892758, 110.000000
8, 0, 7.791106, 3.895553, 110.000000
8, 0, 7.790674, 3.895337, 110.000000
8, 0, 7.782689, 3.891344, 110.000000
8, 0, 7.721242, 3.860621, 110.000000
8, 0, 7.722538, 3.861269, 110.000000
8, 0, 7.716960, 3.858480, 110.000000
8, 0, 7.721197, 3.860598, 110.000000
8, 0, 7.719920, 3.859960, 110.000000
8, 0, 7.787348, 3.893674, 110.000000
8, 0, 7.791755, 3.895877, 110.000000
8, 0, 7.788437, 3.894218, 110.000000
8, 0, 7.787647, 3.893823, 110.000000
8, 0, 7.790560, 3.895280, 110.000000
8, 0, 7.792476, 3.896238, 110.000000
8, 0, 7.721880, 3.860940, 110.000000
8, 0, 7.791309, 3.895655, 110.000000
8, 0, 7.793827, 3.896913, 110.000000
8, 0, 7.728712, 3.864356, 110.000000
8, 0, 7.793996, 3.896998, 110.000000
8, 0, 7.727165, 3.863583, 110.000000
8, 0, 7.728598, 3.864299, 110.000000
8, 0, 7.797227, 3.898613, 110.000000
8, 0, 7.722436, 3.861218, 110.000000
8, 0, 7.726531, 3.863265, 110.000000
8, 0, 7.799394, 3.899697, 110.000000
8, 0, 7.722474, 3.861237, 110.000000
8, 0, 7.723373, 3.861687, 110.000000
8, 0, 7.794043, 3.897021, 110.000000
8, 0, 7.726959, 3.863479, 110.000000
8, 0, 7.797307, 3.898654, 110.000000
8, 0, 7.792585, 3.896292, 110.000000
8, 0, 7.724861, 3.862431, 110.000000
8, 0, 7.727454, 3.863727, 110.000000
8, 0, 7.725815, 3.862907, 110.000000
8, 0, 7.729402, 3.864701, 110.000000
8, 0, 7.730826, 3.865413, 110.000000
8, 0, 7.726569, 3.863285, 110.000000
8, 0, 7.723499, 3.861749, 110.000000
8, 0, 7.725758, 3.862879, 110.000000
8, 0, 7.726947, 3.863474, 110.000000
8, 0, 7.793092, 3.896546, 110.000000
8, 0, 7.727103, 3.863552, 110.000000
8, 0, 7.725353, 3.862677, 110.000000
8, 0, 7.794408, 3.897204, 110.000000
8, 0, 7.729362, 3.864681, 110.000000
8, 0, 7.727321, 3.863661, 110.000000
8, 0, 7.728151, 3.864075, 110.000000
8, 0, 7.731155, 3.865577, 110.000000
8, 0, 7.792671, 3.896336, 110.000000
8, 0, 7.722879, 3.861440, 110.000000
8, 0, 7.726436, 3.863218, 110.000000
8, 0, 7.728525, 3.864263, 110.000000
8, 0, 7.796088, 3.898044, 110.000000
8, 0, 7.726901, 3.863451, 110.000000
8, 0, 7.723150, 3.861575, 110.000000
8, 0, 7.727240, 3.863620, 110.000000
8, 0, 7.724458, 3.862229, 110.000000
8, 0, 7.728541, 3.864270, 110.000000
8, 0, 7.729300, 3.864650, 110.000000
8, 0, 7.797476, 3.898738, 110.000000
8, 0, 7.726231, 3.863115, 110.000000
8, 0, 7.795574, 3.897787, 110.000000
8, 0, 7.724719, 3.862359, 110.000000
8, 0, 7.731990, 3.865995, 110.000000
8, 0, 7.795346, 3.897673, 110.000000
8, 0, 7.726198, 3.863099, 110.000000
8, 0, 7.725912, 3.862956, 110.000000
8, 0, 7.728771, 3.864385, 110.000000
8, 0, 7.728612, 3.864306, 110.000000
8, 0, 7.728102, 3.864051, 110.000000
8, 0, 7.728670, 3.864335, 110.000000
8, 0, 7.795349, 3.897675, 110.000000
8, 0, 7.727384, 3.863692, 110.000000
8, 0, 7.727951, 3.863975, 110.000000
8, 0, 7.728819, 3.864410, 110.000000
8, 0, 7.725151, 3.862576, 110.000000
8, 0, 7.728974, 3.864487, 110.000000
8, 0, 7.799683, 3.899841, 110.000000
8, 0, 7.661162, 3.830581, 110.000000
8, 0, 7.723352, 3.861676, 110.000000
8, 0, 7.722337, 3.861168, 110.000000
8, 0, 7.663839, 3.831919, 110.000000
8, 0, 7.792875, 3.896438, 110.000000
8, 0, 7.795611, 3.897805, 110.000000
8, 0, 7.725645, 3.862822, 110.000000
8, 0, 7.724727, 3.862363, 110.000000
8, 0, 7.720320, 3.860160, 110.000000
8, 0, 7.730597, 3.865299, 110.000000
8, 0, 7.729822, 3.864911, 110.000000
8, 0, 7.724326, 3.862163, 110.000000
8, 0, 7.724482, 3.862241, 110.000000
8, 0, 7.720085, 3.860042, 110.000000
8, 0, 7.723066, 3.861533, 110.000000
8, 0, 7.726360, 3.863180, 110.000000
8, 0, 7.797603, 3.898801, 110.000000
8, 0, 7.725903, 3.862952, 110.000000
8, 0, 7.727287, 3.863643, 110.000000
8, 0, 7.727576, 3.863788, 110.000000
8, 0, 7.725751, 3.862875, 110.000000
8, 0, 7.730657, 3.865328, 110.000000
8, 0, 7.797719, 3.898860, 110.000000
8, 0, 7.729053, 3.864527, 110.000000
8, 0, 7.796663, 3.898331, 110.000000
8, 0, 7.729338, 3.864669, 110.000000
8, 0, 7.729387, 3.864693, 110.000000
8, 0, 7.727897, 3.863948, 110.000000
8, 0, 7.729334, 3.864667, 110.000000
8, 0, 7.797403, 3.898701, 110.000000
8, 0, 7.728564, 3.864282, 110.000000
8, 0, 7.732302, 3.866151, 110.000000
8, 0, 7.726961, 3.863480, 110.000000
8, 0, 7.729032, 3.864516, 110.000000
8, 0, 7.723410, 3.861705, 110.000000
8, 0, 7.791822, 3.895911, 110.000000
8, 0, 7.727693, 3.863846, 110.000000
8, 0, 7.726340, 3.863170, 110.000000
8, 0, 7.726150, 3.863075, 110.000000
8, 0, 7.726310, 3.863155, 110.000000
8, 0, 7.726995, 3.863498, 110.000000
8, 0, 7.726608, 3.863304, 110.000000
8, 0, 7.794862, 3.897431, 110.000000
8, 0, 7.789845, 3.894922, 110.000000
8, 0, 7.726728, 3.863364, 110.000000
8, 0, 7.729369, 3.864684, 110.000000
8, 0, 7.726600, 3.863300, 110.000000
8, 0, 7.725650, 3.862825, 110.000000
8, 0, 7.724366, 3.862183, 110.000000
8, 0, 7.798218, 3.899109, 110.000000
8, 0, 7.728912, 3.864456, 110.000000
8, 0, 7.799137, 3.899568, 110.000000
8, 0, 7.731650, 3.865825, 110.000000
8, 0, 7.725157, 3.862579, 110.000000
8, 0, 7.728943, 3.864471, 110.000000
8, 0, 7.667382, 3.833691, 110.000000
8, 0, 7.728314, 3.864157, 110.000000
8, 0, 7.729578, 3.864789, 110.000000
8, 0, 7.794003, 3.897001, 110.000000
8, 0, 7.726575, 3.863288, 110.000000
8, 0, 7.727151, 3.863576, 110.000000
8, 0, 7.726561, 3.863280, 110.000000
8, 0, 7.728461, 3.864230, 110.000000
8, 0, 7.730411, 3.865206, 110.000000
8, 0, 7.793115, 3.896558, 110.000000
8, 0, 7.727807, 3.863904, 110.000000
8, 0, 7.727591, 3.863795, 110.000000
8, 0, 7.723219, 3.861609, 110.000000
8, 0, 7.728344, 3.864172, 110.000000
8, 0, 7.729690, 3.864845, 110.000000
8, 0, 7.726507, 3.863254, 110.000000
8, 0, 7.732113, 3.866056, 110.000000
8, 0, 7.731904, 3.865952, 110.000000
8, 0, 7.728680, 3.864340, 110.000000
8, 0, 7.727843, 3.863922, 110.000000
8, 0, 7.730135, 3.865068, 110.000000
8, 0, 7.730402, 3.865201, 110.000000
8, 0, 7.726441, 3.863221, 110.000000
8, 0, 7.727939, 3.863969, 110.000000
8, 0, 7.727951, 3.863976, 110.000000
8, 0, 7.725628, 3.862814, 110.000000
8, 0, 7.726607, 3.863303, 110.000000
8, 0, 7.726211, 3.863105, 110.000000
8, 0, 7.726634, 3.863317, 110.000000
8, 0, 7.797674, 3.898837, 110.000000
8, 0, 7.725145, 3.862572, 110.000000
8, 0, 7.727341, 3.863670, 110.000000
8, 0, 7.731994, 3.865997, 110.000000
8, 0, 7.725213, 3.862607, 110.000000
8, 0, 7.729136, 3.864568, 110.000000
8, 0, 7.730220, 3.865110, 110.000000
8, 0, 7.730533, 3.865266, 110.000000
8, 0, 7.798706, 3.899353, 110.000000
8, 0, 7.729019, 3.864509, 110.000000
8, 0, 7.727826, 3.863913, 110.000000
8, 0, 7.726126, 3.863063, 110.000000
8, 0, 7.732595, 3.866298, 110.000000
8, 0, 7.729102, 3.864551, 110.000000
8, 0, 7.727792, 3.863896, 110.000000
8, 0, 7.726570, 3.863285, 110.000000
8, 0, 7.729147, 3.864573, 110.000000
8, 0, 7.727244, 3.863622, 110.000000
8, 0, 7.726042, 3.863021, 110.000000
8, 0, 7.731234, 3.865617, 110.000000
8, 0, 7.724330, 3.862165, 110.000000
8, 0, 7.731634, 3.865817, 110.000000
8, 0, 7.797639, 3.898820, 110.000000
8, 0, 7.730197, 3.865098, 110.000000
8, 0, 7.728110, 3.864055, 110.000000
8, 0, 7.793876, 3.896938, 110.000000
8, 0, 7.730043, 3.865022, 110.000000
8, 0, 7.726227, 3.863114, 110.000000
8, 0, 7.724882, 3.862441, 110.000000
8, 0, 7.726320, 3.863160, 110.000000
8, 0, 7.725974, 3.862987, 110.000000
8, 0, 7.793724, 3.896862, 110.000000
8, 0, 7.728055, 3.864028, 110.000000
8, 0, 7.732635, 3.866318, 110.000000
8, 0, 7.795421, 3.897711, 110.000000
8, 0, 7.671511, 3.835756, 110.000000
8, 0, 7.794701, 3.897351, 110.000000
8, 0, 7.728480, 3.864240, 110.000000
8, 0, 7.728091, 3.864046, 110.000000
8, 0, 7.797138, 3.898569, 110.000000
8, 0, 7.662829, 3.831415, 110.000000
8, 0, 7.730815, 3.865408, 110.000000
8, 0, 7.792269, 3.896135, 110.000000
8, 0, 7.725920, 3.862960, 110.000000
8, 0, 7.792770, 3.896385, 110.000000
8, 0, 7.795864, 3.897932, 110.000000
8, 0, 7.729432, 3.864716, 110.000000
8, 0, 7.731346, 3.865673, 110.000000
8, 0, 7.726195, 3.863098, 110.000000
8, 0, 7.731653, 3.865827, 110.000000
8, 0, 7.727798, 3.863899, 110.000000
8, 0, 7.791908, 3.895954, 110.000000
8, 0, 7.793216, 3.896608, 110.000000
8, 0, 7.733416, 3.866708, 110.000000
8, 0, 7.799379, 3.899690, 110.000000
8, 0, 7.723129, 3.861565, 110.000000
8, 0, 7.727052, 3.863526, 110.000000
8, 0, 7.732220, 3.866110, 110.000000
8, 0, 7.725199, 3.862600, 110.000000
8, 0, 7.729667, 3.864833, 110.000000
8, 0, 7.728701, 3.864351, 110.000000
8, 0, 7.725667, 3.862834, 110.000000
8, 0, 7.727528, 3.863764, 110.000000
8, 0, 7.729908, 3.864954, 110.000000
8, 0, 7.797469, 3.898735, 110.000000
8, 0, 7.734099, 3.867049, 110.000000
8, 0, 7.797698, 3.898849, 110.000000
8, 0, 7.727338, 3.863669, 110.000000
8, 0, 7.794928, 3.897464, 110.000000
8, 0, 7.729085, 3.864542, 110.000000
8, 0, 7.733369, 3.866684, 110.000000
8, 0, 7.797810, 3.898905, 110.000000
8, 0, 7.794951, 3.897476, 110.000000
8, 0, 7.726681, 3.863341, 110.000000
8, 0, 7.724488, 3.862244, 110.000000
8, 0, 7.729765, 3.864882, 110.000000
8, 0, 7.728120, 3.864060, 110.000000
8, 0, 7.723065, 3.861532, 110.000000
8, 0, 7.730482, 3.865241, 110.000000
8, 0, 7.795750, 3.897875, 110.000000
8, 0, 7.727227, 3.863613, 110.000000
8, 0, 7.792789, 3.896395, 110.000000
8, 0, 7.732653, 3.866327, 110.000000
8, 0, 7.719601, 3.859801, 110.000000
8, 0, 7.726198, 3.863099, 110.000000
8, 0, 7.667878, 3.833939, 110.000000
8, 0, 7.727617, 3.863809, 110.000000
8, 0, 7.728932, 3.864466, 110.000000
8, 0, 7.726433, 3.863217, 110.000000
8, 0, 7.731579, 3.865789, 110.000000
8, 0, 7.723245, 3.861622, 110.000000
8, 0, 7.723907, 3.861953, 110.000000
8, 0, 7.728489, 3.864245, 110.000000
8, 0, 7.727408, 3.863704, 110.000000
8, 0, 7.730518, 3.865259, 110.000000
8, 0, 7.789912, 3.894956, 110.000000
8, 0, 7.732100, 3.866050, 110.000000
8, 0, 7.727132, 3.863566, 110.000000
8, 0, 7.727843, 3.863922, 110.000000
8, 0, 7.792759, 3.896380, 110.000000
8, 0, 7.729292, 3.864646, 110.000000
8, 0, 7.727242, 3.863621, 110.000000
8, 0, 7.793304, 3.896652, 110.000000
8, 0, 7.730885, 3.865442, 110.000000
8, 0, 7.728265, 3.864132, 110.000000
8, 0, 7.727964, 3.863982, 110.000000
8, 0, 7.729805, 3.864902, 110.000000
8, 0, 7.727347, 3.863673, 110.000000
8, 0, 7.728526, 3.864263, 110.000000
8, 0, 7.728019, 3.864010, 110.000000
8, 0, 7.723714, 3.861857, 110.000000
8, 0, 7.793570, 3.896785, 110.000000
8, 0, 7.731131, 3.865566, 110.000000
8, 0, 7.723116, 3.861558, 110.000000
8, 0, 7.792894, 3.896447, 110.000000
8, 0, 7.725353, 3.862677, 110.000000
8, 0, 7.731305, 3.865653, 110.000000
8, 0, 7.726412, 3.863206, 110.000000
8, 0, 7.726798, 3.863399, 110.000000
8, 0, 7.667272, 3.833636, 110.000000
8, 0, 7.723355, 3.861677, 110.000000
8, 0, 7.728056, 3.864028, 110.000000
8, 0, 7.791449, 3.895725, 110.000000
8, 0, 7.726867, 3.863433, 110.000000
8, 0, 7.726114, 3.863057, 110.000000
8, 0, 7.728483, 3.864241, 110.000000
8, 0, 7.729742, 3.864871, 110.000000
8, 0, 7.728814, 3.864407, 110.000000
8, 0, 7.728988, 3.864494, 110.000000
8, 0, 7.725777, 3.862889, 110.000000
8, 0, 7.727429, 3.863715, 110.000000
8, 0, 7.797705, 3.898853, 110.000000
8, 0, 7.727481, 3.863741, 110.000000
8, 0, 7.723870, 3.861935, 110.000000
8, 0, 7.730808, 3.865404, 110.000000
8, 0, 7.725806, 3.862903, 110.000000
8, 0, 7.722513, 3.861257, 110.000000
8, 0, 7.730757, 3.865378, 110.000000
8, 0, 7.732360, 3.866180, 110.000000
8, 0, 7.730746, 3.865373, 110.000000
8, 0, 7.726810, 3.863405, 110.000000
8, 0, 7.726185, 3.863093, 110.000000
8, 0, 7.663519, 3.831759, 110.000000
8, 0, 7.727539, 3.863769, 110.000000
8, 0, 7.724094, 3.862047, 110.000000
8, 0, 7.726698, 3.863349, 110.000000
8, 0, 7.793720, 3.896860, 110.000000
8, 0, 7.728280, 3.864140, 110.000000
8, 0, 7.790843, 3.895422, 110.000000
8, 0, 7.797783, 3.898892, 110.000000
8, 0, 7.728951, 3.864475, 110.000000
8, 0, 7.729039, 3.864520, 110.000000
8, 0, 7.729105, 3.864553, 110.000000
8, 0, 7.730385, 3.865192, 110.000000
8, 0, 7.721960, 3.860980, 110.000000
8, 0, 7.720904, 3.860452, 110.000000
8, 0, 7.726612, 3.863306, 110.000000
8, 0, 7.729846, 3.864923, 110.000000
8, 0, 7.726437, 3.863218, 110.000000
8, 0, 7.728323, 3.864161, 110.000000
8, 0, 7.722752, 3.861376, 110.000000
8, 0, 7.725952, 3.862976, 110.000000
8, 0, 7.727950, 3.863975, 110.000000
8, 0, 7.724110, 3.862055, 110.000000
8, 0, 7.663524, 3.831762, 110.000000
8, 0, 7.791274, 3.895637, 110.000000
8, 0, 7.729966, 3.864983, 110.000000
8, 0, 7.791065, 3.895532, 110.000000
8, 0, 7.731682, 3.865841, 110.000000
8, 0, 7.726643, 3.863321, 110.000000
8, 0, 7.725751, 3.862876, 110.000000
8, 0, 7.730628, 3.865314, 110.000000
8, 0, 7.724318, 3.862159, 110.000000
8, 0, 7.797050, 3.898525, 110.000000
8, 0, 7.726707, 3.863353, 110.000000
8, 0, 7.725560, 3.862780, 110.000000
8, 0, 7.727714, 3.863857, 110.000000
8, 0, 7.730085, 3.865042, 110.000000
8, 0, 7.729144, 3.864572, 110.000000
8, 0, 7.727643, 3.863821, 110.000000
8, 0, 7.727985, 3.863993, 110.000000
8, 0, 7.727118, 3.863559, 110.000000
8, 0, 7.723533, 3.861767, 110.000000
8, 0, 7.727775, 3.863887, 110.000000
8, 0, 7.727102, 3.863551, 110.000000
8, 0, 7.726048, 3.863024, 110.000000
8, 0, 7.728313, 3.864157, 110.000000
8, 0, 7.726754, 3.863377, 110.000000
8, 0, 7.799215, 3.899608, 110.000000
8, 0, 7.730126, 3.865063, 110.000000
8, 0, 7.724816, 3.862408, 110.000000
8, 0, 7.796143, 3.898072, 110.000000
8, 0, 7.723697, 3.861849, 110.000000
8, 0, 7.788006, 3.894003, 110.000000
8, 0, 7.723726, 3.861863, 110.000000
8, 0, 7.732923, 3.866461, 110.000000
8, 0, 7.722839, 3.861419, 110.000000
8, 0, 7.722012, 3.861006, 110.000000
8, 0, 7.729862, 3.864931, 110.000000
8, 0, 7.666251, 3.833125, 110.000000
8, 0, 7.727512, 3.863756, 110.000000
8, 0, 7.727763, 3.863881, 110.000000
8, 0, 7.723058, 3.861529, 110.000000
8, 0, 7.726773, 3.863386, 110.000000
8, 0, 7.795999, 3.898000, 110.000000
8, 0, 7.726705, 3.863352, 110.000000
8, 0, 7.729062, 3.864531, 110.000000
8, 0, 7.728295, 3.864148, 110.000000
8, 0, 7.801330, 3.900665, 110.000000
8, 0, 7.728619, 3.864309, 110.000000
8, 0, 7.729208, 3.864604, 110.000000
8, 0, 7.729776, 3.864888, 110.000000
8, 0, 7.724733, 3.862366, 110.000000
8, 0, 7.727247, 3.863624, 110.000000
8, 0, 7.726162, 3.863081, 110.000000
8, 0, 7.729238, 3.864619, 110.000000
8, 0, 7.729268, 3.864634, 110.000000
8, 0, 7.726215, 3.863108, 110.000000
8, 0, 7.727008, 3.863504, 110.000000
8, 0, 7.727791, 3.863896, 110.000000
8, 0, 7.722878, 3.861439, 110.000000
8, 0, 7.727423, 3.863711, 110.000000
8, 0, 7.732233, 3.866116, 110.000000
8, 0, 7.727939, 3.863969, 110.000000
8, 0, 7.795674, 3.897837, 110.000000
8, 0, 7.666547, 3.833273, 110.000000
8, 0, 7.727892, 3.863946, 110.000000
8, 0, 7.724412, 3.862206, 110.000000
8, 0, 7.727994, 3.863997, 110.000000
8, 0, 7.732622, 3.866311, 110.000000
8, 0, 7.723197, 3.861598, 110.000000
8, 0, 7.727707, 3.863853, 110.000000
8, 0, 7.725770, 3.862885, 110.000000
8, 0, 7.727671, 3.863836, 110.000000
8, 0, 7.725607, 3.862804, 110.000000
8, 0, 7.794905, 3.897452, 110.000000
8, 0, 7.727842, 3.863921, 110.000000
8, 0, 7.670127, 3.835064, 110.000000
8, 0, 7.724468, 3.862234, 110.000000
8, 0, 7.730055, 3.865027, 110.000000
8, 0, 7.723742, 3.861871, 110.000000
8, 0, 7.726322, 3.863161, 110.000000
8, 0, 7.725949, 3.862974, 110.000000
8, 0, 7.731225, 3.865612, 110.000000
8, 0, 7.728150, 3.864075, 110.000000
8, 0, 7.726129, 3.863065, 110.000000
8, 0, 7.722301, 3.861151, 110.000000
8, 0, 7.726939, 3.863470, 110.000000
8, 0, 7.726788, 3.863394, 110.000000
8, 0, 7.727443, 3.863722, 110.000000
8, 0, 7.792950, 3.896475, 110.000000
8, 0, 7.727393, 3.863696, 110.000000
8, 0, 7.726842, 3.863421, 110.000000
8, 0, 7.794950, 3.897475, 110.000000
8, 0, 7.731464, 3.865732, 110.000000
8, 0, 7.729547, 3.864773, 110.000000
8, 0, 7.728716, 3.864358, 110.000000
8, 0, 7.727025, 3.863513, 110.000000
8, 0, 7.731211, 3.865606, 110.000000
8, 0, 7.723109, 3.861555, 110.000000
8, 0, 7.666392, 3.833196, 110.000000
8, 0, 7.726215, 3.863108, 110.000000
8, 0, 7.727484, 3.863742, 110.000000
8, 0, 7.729753, 3.864877, 110.000000
8, 0, 7.793739, 3.896869, 110.000000
8, 0, 7.725573, 3.862787, 110.000000
8, 0, 7.727719, 3.863859, 110.000000
8, 0, 7.730560, 3.865280, 110.000000
8, 0, 7.666173, 3.833087, 110.000000
8, 0, 7.793538, 3.896769, 110.000000
8, 0, 7.728326, 3.864163, 110.000000
8, 0, 7.725909, 3.862955, 110.000000
8, 0, 7.729194, 3.864597, 110.000000
8, 0, 7.726456, 3.863228, 110.000000
8, 0, 7.725603, 3.862802, 110.000000
8, 0, 7.727426, 3.863713, 110.000000
8, 0, 7.722287, 3.861144, 110.000000
8, 0, 7.726405, 3.863202, 110.000000
8, 0, 7.722486, 3.861243, 110.000000
8, 0, 7.730895, 3.865447, 110.000000
8, 0, 7.730984, 3.865492, 110.000000
8, 0, 7.728482, 3.864241, 110.000000
8, 0, 7.725705, 3.862852, 110.000000
8, 0, 7.731332, 3.865666, 110.000000
8, 0, 7.728052, 3.864026, 110.000000
8, 0, 7.727258, 3.863629, 110.000000
8, 0, 7.726454, 3.863227, 110.000000
8, 0, 7.728861, 3.864430, 110.000000
8, 0, 7.727710, 3.863855, 110.000000
8, 0, 7.726565, 3.863282, 110.000000
8, 0, 7.732672, 3.866336, 110.000000
8, 0, 7.722972, 3.861486, 110.000000
8, 0, 7.729455, 3.864728, 110.000000
8, 0, 7.730203, 3.865101, 110.000000
8, 0, 7.728075, 3.864037, 110.000000
8, 0, 7.728250, 3.864125, 110.000000
8, 0, 7.727268, 3.863634, 110.000000
8, 0, 7.724431, 3.862215, 110.000000
8, 0, 7.723797, 3.861899, 110.000000
8, 0, 7.732987, 3.866494, 110.000000
8, 0, 7.794063, 3.897031, 110.000000
8, 0, 7.729776, 3.864888, 110.000000
8, 0, 7.727934, 3.863967, 110.000000
8, 0, 7.727529, 3.863765, 110.000000
8, 0, 7.729601, 3.864801, 110.000000
8, 0, 7.729348, 3.864674, 110.000000
8, 0, 7.728606, 3.864303, 110.000000
8, 0, 7.672573, 3.836287, 110.000000
8, 0, 7.724164, 3.862082, 110.000000
8, 0, 7.729658, 3.864829, 110.000000
8, 0, 7.728449, 3.864224, 110.000000
8, 0, 7.729864, 3.864932, 110.000000
8, 0, 7.725740, 3.862870, 110.000000
8, 0, 7.721652, 3.860826, 110.000000
8, 0, 7.730688, 3.865344, 110.000000
8, 0, 7.722812, 3.861406, 110.000000
8, 0, 7.727877, 3.863939, 110.000000
8, 0, 7.723458, 3.861729, 110.000000
8, 0, 7.729143, 3.864572, 110.000000
8, 0, 7.727117, 3.863558, 110.000000
8, 0, 7.726160, 3.863080, 110.000000
8, 0, 7.723170, 3.861585, 110.000000
8, 0, 7.794559, 3.897280, 110.000000
8, 0, 7.727433, 3.863716, 110.000000
8, 0, 7.726367, 3.863184, 110.000000
8, 0, 7.725597, 3.862799, 110.000000
8, 0, 7.731200, 3.865600, 110.000000
9, 0, 169.730009, 84.865004, 50.000000
9, 0, 170.041594, 85.020797, 50.000000
9, 0, 170.226608, 85.113304, 50.000000
9, 0, 170.587357, 85.293678, 50.000000
9, 0, -8.870871, -4.435436, 108.000000
9, 0, -8.658117, -4.329059, 109.000000
9, 0, -8.652911, -4.326455, 109.000000
9, 0, -8.649979, -4.324989, 109.000000
9, 0, -8.652201, -4.326100, 109.000000
9, 0, -8.656570, -4.328285, 109.000000
9, 0, -8.657057, -4.328529, 109.000000
9, 0, -8.646027, -4.323013, 109.000000
9, 0, -8.651593, -4.325797, 109.000000
9, 0, -8.651735, -4.325868, 109.000000
9, 0, -8.656740, -4.328370, 109.000000
9, 0, -8.653627, -4.326813, 109.000000
9, 0, -8.652788, -4.326394, 109.000000
9, 0, -8.656760, -4.328380, 109.000000
9, 0, -8.647211, -4.323605, 109.000000
9, 0, -8.650221, -4.325111, 109.000000
9, 0, -8.648273, -4.324136, 109.000000
9, 0, -8.594573, -4.297286, 109.000000
9, 0, -8.652041, -4.326020, 109.000000
9, 0, -8.648112, -4.324056, 109.000000
9, 0, -8.649366, -4.324683, 109.000000
9, 0, -8.651723, -4.325861, 109.000000
9, 0, -8.649300, -4.324650, 109.000000
9, 0, -8.653908, -4.326954, 109.000000
9, 0, -8.594578, -4.297289, 109.000000
9, 0, -8.651986, -4.325993, 109.000000
9, 0, -8.656067, -4.328033, 109.000000
9, 0, -8.815821, -4.407911, 108.000000
9, 0, -8.823443, -4.411722, 108.000000
9, 0, -8.825952, -4.412976, 108.000000
9, 0, -8.655926, -4.327963, 109.000000
9, 0, -8.650621, -4.325311, 109.000000
9, 0, -8.823467, -4.411734, 108.000000
9, 0, -8.654630, -4.327315, 109.000000
9, 0, -8.651459, -4.325730, 109.000000
9, 0, -8.653185, -4.326593, 109.000000
9, 0, -8.649761, -4.324881, 109.000000
9, 0, -8.658716, -4.329358, 109.000000
9, 0, -8.650272, -4.325136, 109.000000
9, 0, -8.820379, -4.410190, 108.000000
9, 0, -8.822937, -4.411469, 108.000000
9, 0, -8.766555, -4.383278, 109.000000
9, 0, -8.825322, -4.412661, 108.000000
9, 0, -8.826435, -4.413217, 108.000000
9, 0, -8.821763, -4.410881, 108.000000
9, 0, -8.825509, -4.412755, 108.000000
9, 0, -8.824265, -4.412133, 108.000000
9, 0, -8.958654, -4.479327, 108.000000
9, 0, -8.955893, -4.477947, 108.000000
9, 0, -9.072951, -4.536476, 108.000000
9, 0, 170.919256, 85.459628, 50.000000
9, 0, 170.830707, 85.415354, 50.000000
9, 0, 170.826855, 85.413428, 50.000000
9, 0, 170.828406, 85.414203, 50.000000
9, 0, 170.880804, 85.440402, 50.000000
9, 0, 170.828006, 85.414003, 50.000000
9, 0, 170.875783, 85.437891, 50.000000
9, 0, 170.882646, 85.441323, 50.000000
9, 0, 170.825747, 85.412874, 50.000000
9, 0, 170.826095, 85.413048, 50.000000
9, 0, 170.824422, 85.412211, 50.000000
9, 0, 170.818596, 85.409298, 50.000000
9, 0, 170.825622, 85.412811, 50.000000
9, 0, 170.827231, 85.413615, 50.000000
9, 0, 170.832261, 85.416131, 50.000000
9, 0, 170.823301, 85.411650, 50.000000
9, 0, 170.827226, 85.413613, 50.000000
9, 0, 170.822679, 85.411339, 50.000000
9, 0, 170.822388, 85.411194, 50.000000
9, 0, 170.825315, 85.412657, 50.000000
9, 0, 170.823058, 85.411529, 50.000000
9, 0, 170.819651, 85.409826, 50.000000
9, 0, 170.831686, 85.415843, 50.000000
9, 0, 170.825077, 85.412539, 50.000000
9, 0, 170.826731, 85.413366, 50.000000
9, 0, 170.821865, 85.410932, 50.000000
9, 0, 170.825615, 85.412807, 50.000000
9, 0, 170.822746, 85.411373, 50.000000
9, 0, 170.823244, 85.411622, 50.000000
9, 0, 170.819350, 85.409675, 50.000000
9, 0, 170.823422, 85.411711, 50.000000
9, 0, 170.825134, 85.412567, 50.000000
9, 0, 170.820269, 85.410134, 50.000000
9, 0, 170.827860, 85.413930, 50.000000
9, 0, 170.888250, 85.444125, 50.000000
9, 0, 170.829095, 85.414547, 50.000000
9, 0, 170.765226, 85.382613, 50.000000
9, 0, 170.823760, 85.411880, 50.000000
9, 0, 170.818183, 85.409091, 50.000000
9, 0, 170.823130, 85.411565, 50.000000
9, 0, 170.822693, 85.411346, 50.000000
9, 0, 170.820273, 85.410137, 50.000000
9, 0, 170.826583, 85.413292, 50.000000
9, 0, 170.825073, 85.412537, 50.000000
9, 0, 170.818125, 85.409063, 50.000000
9, 0, 170.825526, 85.412763, 50.000000
9, 0, 170.828444, 85.414222, 50.000000
9, 0, 170.821703, 85.410852, 50.000000
9, 0, 170.822010, 85.411005, 50.000000
9, 0, 170.827046, 85.413523, 50.000000
9, 0, 170.818674, 85.409337, 50.000000
9, 0, 170.818749, 85.409375, 50.000000
9, 0, 170.823866, 85.411933, 50.000000
9, 0, 170.822164, 85.411082, 50.000000
9, 0, 170.825142, 85.412571, 50.000000
9, 0, 170.825273, 85.412637, 50.000000
9, 0, 170.823289, 85.411644, 50.000000
9, 0, 170.821992, 85.410996, 50.000000
9, 0, 170.821908, 85.410954, 50.000000
9, 0, 170.824922, 85.412461, 50.000000
9, 0, 170.822140, 85.411070, 50.000000
9, 0, 170.831739, 85.415869, 50.000000
9, 0, 170.827564, 85.413782, 50.000000
9, 0, 170.827411, 85.413706, 50.000000
9, 0, 170.882101, 85.441051, 50.000000
9, 0, 170.828686, 85.414343, 50.000000
9, 0, -9.070178, -4.535089, 108.000000
9, 0, -8.884534, -4.442267, 108.000000
9, 0, -8.651335, -4.325667, 109.000000
9, 0, -8.652833, -4.326417, 109.000000
9, 0, -8.653907, -4.326954, 109.000000
9, 0, -8.655369, -4.327684, 109.000000
9, 0, -8.652781, -4.326390, 109.000000
9, 0, -8.658531, -4.329266, 109.000000
9, 0, -8.718827, -4.359414, 109.000000
9, 0, -8.655540, -4.327770, 109.000000
9, 0, -8.598170, -4.299085, 109.000000
9, 0, -8.655045, -4.327523, 109.000000
9, 0, -8.654005, -4.327003, 109.000000
9, 0, -8.649664, -4.324832, 109.000000
9, 0, -8.648330, -4.324165, 109.000000
9, 0, -8.651895, -4.325947, 109.000000
9, 0, -8.714065, -4.357033, 109.000000
9, 0, -8.653693, -4.326846, 109.000000
9, 0, -8.651991, -4.325995, 109.000000
9, 0, -8.653587, -4.326794, 109.000000
9, 0, -8.655749, -4.327875, 109.000000
9, 0, -8.654639, -4.327320, 109.000000
9, 0, -8.600144, -4.300072, 109.000000
9, 0, -8.650055, -4.325028, 109.000000
9, 0, -8.652456, -4.326228, 109.000000
9, 0, -8.597071, -4.298535, 109.000000
9, 0, -8.653518, -4.326759, 109.000000
9, 0, -8.657724, -4.328862, 109.000000
9, 0, -8.651103, -4.325552, 109.000000
9, 0, -8.654262, -4.327131, 109.000000
9, 0, -8.655445, -4.327723, 109.000000
9, 0, -8.656277, -4.328139, 109.000000
9, 0, -8.648398, -4.324199, 109.000000
9, 0, -8.652507, -4.326254, 109.000000
9, 0, -8.647592, -4.323796, 109.000000
9, 0, -8.652375, -4.326188, 109.000000
9, 0, -8.656860, -4.328430, 109.000000
9, 0, -8.654028, -4.327014, 109.000000
9, 0, -8.652717, -4.326359, 109.000000
9, 0, -8.652789, -4.326394, 109.000000
9, 0, -8.652984, -4.326492, 109.000000
9, 0, -8.713652, -4.356826, 109.000000
9, 0, -8.646758, -4.323379, 109.000000
9, 0, -8.653830, -4.326915, 109.000000
9, 0, -8.648976, -4.324488, 109.000000
9, 0, -8.598277, -4.299139, 109.000000
9, 0, -8.656372, -4.328186, 109.000000
9, 0, -8.649905, -4.324952, 109.000000
9, 0, -8.652638, -4.326319, 109.000000
9, 0, -8.601704, -4.300852, 109.000000
9, 0, -8.656017, -4.328008, 109.000000
9, 0, -8.640458, -4.320229, 109.000000
9, 0, -8.648798, -4.324399, 109.000000
9, 0, -8.715314, -4.357657, 109.000000
9, 0, -8.600399, -4.300200, 109.000000
9, 0, -8.651413, -4.325706, 109.000000
9, 0, -8.654474, -4.327237, 109.000000
9, 0, -8.657658, -4.328829, 109.000000
9, 0, -8.598846, -4.299423, 109.000000
9, 0, -8.656324, -4.328162, 109.000000
9, 0, -8.651651, -4.325826, 109.000000
9, 0, -8.650504, -4.325252, 109.000000
9, 0, -8.656691, -4.328345, 109.000000
9, 0, -8.604987, -4.302494, 109.000000
9, 0, -8.652853, -4.326426, 109.000000
9, 0, -8.710703, -4.355352, 109.000000
9, 0, -8.596921, -4.298461, 109.000000
9, 0, -8.650195, -4.325097, 109.000000
9, 0, -8.653562, -4.326781, 109.000000
9, 0, -8.656264, -4.328132, 109.000000
9, 0, -8.651397, -4.325699, 109.000000
9, 0, -8.654273, -4.327137, 109.000000
9, 0, -8.647818, -4.323909, 109.000000
9, 0, -8.654703, -4.327351, 109.000000
9, 0, -8.654448, -4.327224, 109.000000
9, 0, -8.657291, -4.328646, 109.000000
9, 0, -8.715434, -4.357717, 109.000000
9, 0, -8.652648, -4.326324, 109.000000
9, 0, -8.652858, -4.326429, 109.000000
9, 0, -8.652248, -4.326124, 109.000000
9, 0, -8.653012, -4.326506, 109.000000
9, 0, -8.652588, -4.326294, 109.000000
9, 0, -8.658397, -4.329198, 109.000000
9, 0, -8.648720, -4.324360, 109.000000
9, 0, -8.660302, -4.330151, 109.000000
9, 0, -8.650465, -4.325232, 109.000000
9, 0, -8.594935, -4.297468, 109.000000
9, 0, -8.650910, -4.325455, 109.000000
9, 0, -8.654142, -4.327071, 109.000000
9, 0, -8.653111, -4.326556, 109.000000
9, 0, -8.715048, -4.357524, 109.000000
9, 0, -8.654007, -4.327003, 109.000000
9, 0, -8.650153, -4.325076, 109.000000
9, 0, -8.660600, -4.330300, 109.000000
9, 0, -8.647572, -4.323786, 109.000000
9, 0, -8.659368, -4.329684, 109.000000
9, 0, -8.651836, -4.325918, 109.000000
9, 0, -8.656573, -4.328287, 109.000000
9, 0, -8.654755, -4.327378, 109.000000
9, 0, -8.654303, -4.327151, 109.000000
9, 0, -8.652945, -4.326472, 109.000000
9, 0, -8.654577, -4.327288, 109.000000
9, 0, -8.651557, -4.325779, 109.000000
9, 0, -8.650200, -4.325100, 109.000000
9, 0, -8.650188, -4.325094, 109.000000
9, 0, -8.655437, -4.327718, 109.000000
9, 0, -8.651997, -4.325998, 109.000000
9, 0, -8.658162, -4.329081, 109.000000
9, 0, -8.653281, -4.326640, 109.000000
9, 0, -8.653492, -4.326746, 109.000000
9, 0, -8.656801, -4.328400, 109.000000
9, 0, -8.654750, -4.327375, 109.000000
9, 0, -8.656840, -4.328420, 109.000000
9, 0, -8.650110, -4.325055, 109.000000
9, 0, -8.650313, -4.325157, 109.000000
9, 0, -8.653110, -4.326555, 109.000000
9, 0, -8.652043, -4.326021, 109.000000
9, 0, -8.711908, -4.355954, 109.000000
9, 0, -8.652694, -4.326347, 109.000000
9, 0, -8.652003, -4.326001, 109.000000
9, 0, -8.656848, -4.328424, 109.000000
9, 0, -8.651326, -4.325663, 109.000000
9, 0, -8.654143, -4.327072, 109.000000
9, 0, -8.655466, -4.327733, 109.000000
9, 0, -8.649970, -4.324985, 109.000000
9, 0, -8.658220, -4.329110, 109.000000
9, 0, -8.652100, -4.326050, 109.000000
9, 0, -8.647959, -4.323979, 109.000000
9, 0, -8.655103, -4.327552, 109.000000
9, 0, -8.657226, -4.328613, 109.000000
9, 0, -8.654891, -4.327446, 109.000000
9, 0, -8.656212, -4.328106, 109.000000
9, 0, -8.647840, -4.323920, 109.000000
9, 0, -8.657373, -4.328687, 109.000000
9, 0, -8.654726, -4.327363, 109.000000
9, 0, -8.594413, -4.297206, 109.000000
9, 0, -8.660457, -4.330229, 109.000000
9, 0, -8.657112, -4.328556, 109.000000
9, 0, -8.661035, -4.330517, 109.000000
9, 0, -8.656630, -4.328315, 109.000000
9, 0, -8.717313, -4.358656, 109.000000
9, 0, -8.600001, -4.300000, 109.000000
9, 0, -8.648508, -4.324254, 109.000000
9, 0, -8.657908, -4.328954, 109.000000
9, 0, -8.654607, -4.327304, 109.000000
9, 0, -8.657408, -4.328704, 109.000000
9, 0, -8.646151, -4.323075, 109.000000
9, 0, -8.657107, -4.328553, 109.000000
9, 0, -8.650627, -4.325313, 109.000000
9, 0, -8.663597, -4.331799, 109.000000
9, 0, -8.653724, -4.326862, 109.000000
9, 0, -8.651000, -4.325500, 109.000000
9, 0, -8.652095, -4.326048, 109.000000
9, 0, -8.659123, -4.329562, 109.000000
9, 0, -8.660859, -4.330430, 109.000000
9, 0, -8.649662, -4.324831, 109.000000
9, 0, -8.602669, -4.301335, 109.000000
9, 0, -8.645476, -4.322738, 109.000000
9, 0, -8.713012, -4.356506, 109.000000
9, 0, -8.598159, -4.299079, 109.000000
9, 0, -8.653055, -4.326527, 109.000000
9, 0, -8.647438, -4.323719, 109.000000
9, 0, -8.654340, -4.327170, 109.000000
9, 0, -8.651998, -4.325999, 109.000000
9, 0, -8.651892, -4.325946, 109.000000
9, 0, -8.653087, -4.326544, 109.000000
9, 0, -8.651569, -4.325785, 109.000000
9, 0, -8.600659, -4.300330, 109.000000
9, 0, -8.722667, -4.361334, 109.000000
9, 0, -8.659052, -4.329526, 109.000000
9, 0, -8.652645, -4.326323, 109.000000
9, 0, -8.655712, -4.327856, 109.000000
9, 0, -8.653114, -4.326557, 109.000000
9, 0, -8.658239, -4.329119, 109.000000
9, 0, -8.658161, -4.329080, 109.000000
9, 0, -8.648298, -4.324149, 109.000000
9, 0, -8.649341, -4.324670, 109.000000
9, 0, -8.660190, -4.330095, 109.000000
9, 0, -8.652043, -4.326021, 109.000000
9, 0, -8.656365, -4.328183, 109.000000
9, 0, -8.659360, -4.329680, 109.000000
9, 0, -8.652468, -4.326234, 109.000000
9, 0, -8.656062, -4.328031, 109.000000
9, 0, -8.657167, -4.328584, 109.000000
9, 0, -8.651147, -4.325573, 109.000000
9, 0, -8.657271, -4.328635, 109.000000
9, 0, -8.655416, -4.327708, 109.000000
9, 0, -8.599865, -4.299933, 109.000000
9, 0, -8.657591, -4.328796, 109.000000
9, 0, -8.519635, -4.259817, 109.000000
9, 0, -8.662668, -4.331334, 109.000000
9, 0, -8.656841, -4.328421, 109.000000
9, 0, -8.655902, -4.327951, 109.000000
9, 0, -8.648537, -4.324269, 109.000000
9, 0, -8.648913, -4.324457, 109.000000
9, 0, -8.652874, -4.326437, 109.000000
9, 0, -8.655681, -4.327841, 109.000000
9, 0, -8.650511, -4.325256, 109.000000
9, 0, -8.649851, -4.324925, 109.000000
9, 0, -8.596024, -4.298012, 109.000000
9, 0, -8.649723, -4.324861, 109.000000
9, 0, -8.711498, -4.355749, 109.000000
9, 0, -8.649994, -4.324997, 109.000000
9, 0, -8.648054, -4.324027, 109.000000
9, 0, -8.656000, -4.328000, 109.000000
9, 0, -8.656968, -4.328484, 109.000000
9, 0, -8.598258, -4.299129, 109.000000
9, 0, -8.652499, -4.326250, 109.000000
9, 0, -8.652893, -4.326447, 109.000000
9, 0, -8.655453, -4.327727, 109.000000
9, 0, -8.654946, -4.327473, 109.000000
9, 0, -8.654644, -4.327322, 109.000000
9, 0, -8.712709, -4.356355, 109.000000
9, 0, -8.657746, -4.328873, 109.000000
9, 0, -8.658707, -4.329354, 109.000000
9, 0, -8.655332, -4.327666, 109.000000
9, 0, -8.658306, -4.329153, 109.000000
9, 0, -8.653983, -4.326991, 109.000000
9, 0, -8.657425, -4.328712, 109.000000
9, 0, -8.648303, -4.324152, 109.000000
9, 0, -8.657173, -4.328587, 109.000000
9, 0, -8.655208, -4.327604, 109.000000
9, 0, -8.653815, -4.326907, 109.000000
9, 0, -8.654964, -4.327482, 109.000000
9, 0, -8.653499, -4.326749, 109.000000
9, 0, -8.648627, -4.324314, 109.000000
9, 0, -8.651445, -4.325722, 109.000000
9, 0, -8.646653, -4.323327, 109.000000
9, 0, -8.653273, -4.326637, 109.000000
9, 0, -8.648759, -4.324380, 109.000000
9, 0, -8.651938, -4.325969, 109.000000
9, 0, -8.593116, -4.296558, 109.000000
9, 0, -8.652005, -4.326003, 109.000000
9, 0, -8.659049, -4.329525, 109.000000
9, 0, -8.651412, -4.325706, 109.000000
9, 0, -8.597682, -4.298841, 109.000000
9, 0, -8.652718, -4.326359, 109.000000
9, 0, -8.659391, -4.329696, 109.000000
9, 0, -8.601716, -4.300858, 109.000000
9, 0, -8.651975, -4.325987, 109.000000
9, 0, -8.651387, -4.325693, 109.000000
9, 0, -8.648146, -4.324073, 109.000000
9, 0, -8.654519, -4.327260, 109.000000
9, 0, -8.602971, -4.301486, 109.000000
9, 0, -8.650146, -4.325073, 109.000000
9, 0, -8.651815, -4.325907, 109.000000
9, 0, -8.656198, -4.328099, 109.000000
9, 0, -8.657946, -4.328973, 109.000000
9, 0, -8.652745, -4.326373, 109.000000
9, 0, -8.651883, -4.325941, 109.000000
9, 0, -8.722894, -4.361447, 109.000000
9, 0, -8.649434, -4.324717, 109.000000
9, 0, -8.656861, -4.328431, 109.000000
9, 0, -8.657734, -4.328867, 109.000000
9, 0, -8.654737, -4.327369, 109.000000
9, 0, -8.654407, -4.327203, 109.000000
9, 0, -8.651857, -4.325929, 109.000000
9, 0, -8.657863, -4.328931, 109.000000
9, 0, -8.657297, -4.328649, 109.000000
9, 0, -8.652971, -4.326486, 109.000000
9, 0, -8.655613, -4.327807, 109.000000
9, 0, -8.652798, -4.326399, 109.000000
9, 0, -8.650938, -4.325469, 109.000000
9, 0, -8.657731, -4.328865, 109.000000
9, 0, -8.596999, -4.298499, 109.000000
9, 0, -8.657940, -4.328970, 109.000000
9, 0, -8.655377, -4.327688, 109.000000
9, 0, -8.652629, -4.326314, 109.000000
9, 0, -8.654266, -4.327133, 109.000000
9, 0, -8.654986, -4.327493, 109.000000
9, 0, -8.653404, -4.326702, 109.000000
9, 0, -8.649013, -4.324507, 109.000000
9, 0, -8.657433, -4.328717, 109.000000
9, 0, -8.653240, -4.326620, 109.000000
9, 0, -8.649404, -4.324702, 109.000000
9, 0, -8.653010, -4.326505, 109.000000
9, 0, -8.653678, -4.326839, 109.000000
9, 0, -8.651702, -4.325851, 109.000000
9, 0, -8.654637, -4.327318, 109.000000
9, 0, -8.650753, -4.325377, 109.000000
9, 0, -8.661384, -4.330692, 109.000000
9, 0, -8.656401, -4.328201, 109.000000
9, 0, -8.718251, -4.359126, 109.000000
9, 0, -8.656304, -4.328152, 109.000000
9, 0, -8.651390, -4.325695, 109.000000
9, 0, -8.600866, -4.300433, 109.000000
9, 0, -8.646860, -4.323430, 109.000000
9, 0, -8.653457, -4.326728, 109.000000
9, 0, -8.648279, -4.324139, 109.000000
9, 0, -8.717680, -4.358840, 109.000000
9, 0, -8.651529, -4.325765, 109.000000
9, 0, -8.654999, -4.327500, 109.000000
9, 0, -8.649428, -4.324714, 109.000000
9, 0, -8.715505, -4.357753, 109.000000
9, 0, -8.659856, -4.329928, 109.000000
9, 0, -8.654311, -4.327156, 109.000000
9, 0, -8.655022, -4.327511, 109.000000
9, 0, -8.657907, -4.328953, 109.000000
9, 0, -8.655675, -4.327838, 109.000000
9, 0, -8.656788, -4.328394, 109.000000
9, 0, -8.649393, -4.324696, 109.000000
9, 0, -8.650975, -4.325488, 109.000000
9, 0, -8.646420, -4.323210, 109.000000
9, 0, -8.649327, -4.324663, 109.000000
9, 0, -8.656524, -4.328262, 109.000000
9, 0, -8.649448, -4.324724, 109.000000
9, 0, -8.604021, -4.302011, 109.000000
9, 0, -8.661550, -4.330775, 109.000000
9, 0, -8.654383, -4.327192, 109.000000
9, 0, -8.652313, -4.326156, 109.000000
9, 0, -8.652633, -4.326316, 109.000000
9, 0, -8.647611, -4.323805, 109.000000
9, 0, -8.657930, -4.328965, 109.000000
9, 0, -8.654818, -4.327409, 109.000000
9, 0, -8.599825, -4.299912, 109.000000
9, 0, -8.648524, -4.324262, 109.000000
9, 0, -8.659502, -4.329751, 109.000000
9, 0, -8.656963, -4.328481, 109.000000
9, 0, -8.719383, -4.359692, 109.000000
9, 0, -8.655757, -4.327878, 109.000000
9, 0, -8.654340, -4.327170, 109.000000
9, 0, -8.657934, -4.328967, 109.000000
9, 0, -8.647733, -4.323867, 109.000000
9, 0, -8.654341, -4.327170, 109.000000
9, 0, -8.652839, -4.326419, 109.000000
9, 0, -8.652226, -4.326113, 109.000000
9, 0, -8.650713, -4.325356, 109.000000
9, 0, -8.653842, -4.326921, 109.000000
9, 0, -8.652069, -4.326034, 109.000000
9, 0, -8.653302, -4.326651, 109.000000
9, 0, -8.653619, -4.326810, 109.000000
9, 0, -8.656614, -4.328307, 109.000000
9, 0, -8.655851, -4.327926, 109.000000
9, 0, -8.654229, -4.327114, 109.000000
9, 0, -8.653205, -4.326602, 109.000000
9, 0, -8.649778, -4.324889, 109.000000
9, 0, -8.645113, -4.322557, 109.000000
9, 0, -8.650681, -4.325341, 109.000000
9, 0, -8.650127, -4.325063, 109.000000
9, 0, -8.654759, -4.327379, 109.000000
9, 0, -8.655445, -4.327722, 109.000000
9, 0, -8.655032, -4.327516, 109.000000
9, 0, -8.651630, -4.325815, 109.000000
9, 0, -8.657910, -4.328955, 109.000000
9, 0, -8.644655, -4.322327, 109.000000
9, 0, -8.715107, -4.357554, 109.000000
9, 0, -8.649899, -4.324950, 109.000000
9, 0, -8.656503, -4.328252, 109.000000
9, 0, -8.653164, -4.326582, 109.000000
9, 0, -8.601060, -4.300530, 109.000000
9, 0, -8.654330, -4.327165, 109.000000
9, 0, -8.709513, -4.354756, 109.000000
9, 0, -8.646545, -4.323272, 109.000000
9, 0, -8.646535, -4.323267, 109.000000
9, 0, -8.648409, -4.324205, 109.000000
9, 0, -8.646979, -4.323490, 109.000000
9, 0, -8.656709, -4.328354, 109.000000
9, 0, -8.655018, -4.327509, 109.000000
9, 0, -8.649677, -4.324838, 109.000000
9, 0, -8.598944, -4.299472, 109.000000
9, 0, -8.651246, -4.325623, 109.000000
9, 0, -8.662494, -4.331247, 109.000000
9, 0, -8.601439, -4.300720, 109.000000
9, 0, -8.651601, -4.325801, 109.000000
9, 0, -8.650829, -4.325415, 109.000000
9, 0, -8.653135, -4.326568, 109.000000
9, 0, -8.713123, -4.356561, 109.000000
9, 0, -8.654554, -4.327277, 109.000000
9, 0, -8.652212, -4.326106, 109.000000
9, 0, -8.652662, -4.326331, 109.000000
9, 0, -8.651330, -4.325665, 109.000000
9, 0, -8.650122, -4.325061, 109.000000
9, 0, -8.654173, -4.327086, 109.000000
9, 0, -8.651384, -4.325692, 109.000000
9, 0, -8.651734, -4.325867, 109.000000
9, 0, -8.649019, -4.324509, 109.000000
9, 0, -8.651902, -4.325951, 109.000000
9, 0, -8.655178, -4.327589, 109.000000
9, 0, -8.649390, -4.324695, 109.000000
9, 0, -8.593160, -4.296580, 109.000000
9, 0, -8.657601, -4.328801, 109.000000
9, 0, -8.651753, -4.325877, 109.000000
9, 0, -8.591240, -4.295620, 109.000000
9, 0, -8.658623, -4.329311, 109.000000
9, 0, -8.651926, -4.325963, 109.000000
9, 0, -8.644887, -4.322444, 109.000000
9, 0, -8.653821, -4.326910, 109.000000
9, 0, -8.647904, -4.323952, 109.000000
9, 0, -8.653685, -4.326842, 109.000000
9, 0, -8.650870, -4.325435, 109.000000
9, 0, -8.648351, -4.324175, 109.000000
9, 0, -8.658095, -4.329048, 109.000000
9, 0, -8.653065, -4.326532, 109.000000
9, 0, -8.648354, -4.324177, 109.000000
9, 0, -8.650371, -4.325185, 109.000000
9, 0, -8.658198, -4.329099, 109.000000
9, 0, -8.654708, -4.327354, 109.000000
9, 0, -8.651963, -4.325982, 109.000000
9, 0, -8.650880, -4.325440, 109.000000
9, 0, -8.653969, -4.326985, 109.000000
9, 0, -8.650932, -4.325466, 109.000000
9, 0, -8.648656, -4.324328, 109.000000
9, 0, -8.710448, -4.355224, 109.000000
9, 0, -8.653079, -4.326539, 109.000000
9, 0, -8.710237, -4.355118, 109.000000
9, 0, -8.653800, -4.326900, 109.000000
9, 0, -8.650827, -4.325414, 109.000000
9, 0, -8.646779, -4.323389, 109.000000
9, 0, -8.654088, -4.327044, 109.000000
9, 0, -8.599649, -4.299825, 109.000000
9, 0, -8.653080, -4.326540, 109.000000
9, 0, -8.708116, -4.354058, 109.000000
9, 0, -8.600998, -4.300499, 109.000000
9, 0, -8.654944, -4.327472, 109.000000
9, 0, -8.657133, -4.328566, 109.000000
9, 0, -8.590287, -4.295144, 109.000000
9, 0, -8.653724, -4.326862, 109.000000
9, 0, -8.651633, -4.325816, 109.000000
9, 0, -8.657984, -4.328992, 109.000000
9, 0, -8.649346, -4.324673, 109.000000
9, 0, -8.591799, -4.295900, 109.000000
9, 0, -8.651183, -4.325592, 109.000000
9, 0, -8.651224, -4.325612, 109.000000
9, 0, -8.655581, -4.327791, 109.000000
9, 0, -8.647102, -4.323551, 109.000000
9, 0, -8.652420, -4.326210, 109.000000
9, 0, -8.651565, -4.325783, 109.000000
9, 0, -8.647976, -4.323988, 109.000000
9, 0, -8.655814, -4.327907, 109.000000
9, 0, -8.646519, -4.323259, 109.000000
9, 0, -8.652183, -4.326092, 109.000000
9, 0, -8.651851, -4.325926, 109.000000
9, 0, -8.657533, -4.328767, 109.000000
9, 0, -8.657453, -4.328727, 109.000000
9, 0, -8.652633, -4.326316, 109.000000
9, 0, -8.649952, -4.324976, 109.000000
9, 0, -8.648550, -4.324275, 109.000000
9, 0, -8.657943, -4.328972, 109.000000
9, 0, -8.651727, -4.325864, 109.000000
9, 0, -8.658447, -4.329223, 109.000000
9, 0, -8.650013, -4.325006, 109.000000
9, 0, -8.646741, -4.323370, 109.000000
9, 0, -8.655333, -4.327666, 109.000000
9, 0, -8.650280, -4.325140, 109.000000
9, 0, -8.713599, -4.356799, 109.000000
9, 0, -8.652360, -4.326180, 109.000000
9, 0, -8.654344, -4.327172, 109.000000
9, 0, -8.652820, -4.326410, 109.000000
9, 0, -8.655740, -4.327870, 109.000000
9, 0, -8.651139, -4.325570, 109.000000
9, 0, -8.656825, -4.328413, 109.000000
9, 0, -8.650431, -4.325215, 109.000000
9, 0, -8.649369, -4.324685, 109.000000
9, 0, -8.654073, -4.327037, 109.000000
9, 0, -8.647843, -4.323921, 109.000000
9, 0, -8.652264, -4.326132, 109.000000
9, 0, -8.652772, -4.326386, 109.000000
9, 0, -8.593813, -4.296907, 109.000000
9, 0, -8.651954, -4.325977, 109.000000
9, 0, -8.657200, -4.328600, 109.000000
9, 0, -8.660868, -4.330434, 109.000000
9, 0, -8.649071, -4.324536, 109.000000
9, 0, -8.654035, -4.327018, 109.000000
9, 0, -8.653459, -4.326729, 109.000000
9, 0, -8.650590, -4.325295, 109.000000
9, 0, -8.595146, -4.297573, 109.000000
9, 0, -8.647943, -4.323972, 109.000000
9, 0, -8.722418, -4.361209, 109.000000
9, 0, -8.650940, -4.325470, 109.000000
9, 0, -8.653594, -4.326797, 109.000000
9, 0, -8.648373, -4.324186, 109.000000
9, 0, -8.650097, -4.325049, 109.000000
9, 0, -8.711624, -4.355812, 109.000000
9, 0, -8.653408, -4.326704, 109.000000
9, 0, -8.652064, -4.326032, 109.000000
9, 0, -8.716088, -4.358044, 109.000000
9, 0, -8.655736, -4.327868, 109.000000
9, 0, -8.653095, -4.326547, 109.000000
9, 0, -8.657073, -4.328537, 109.000000
9, 0, -8.651141, -4.325570, 109.000000
9, 0, -8.653892, -4.326946, 109.000000
9, 0, -8.655355, -4.327677, 109.000000
9, 0, -8.658295, -4.329147, 109.000000
9, 0, -8.650491, -4.325245, 109.000000
9, 0, -8.711131, -4.355565, 109.000000
9, 0, -8.599081, -4.299540, 109.000000
9, 0, -8.650654, -4.325327, 109.000000
9, 0, -8.655873, -4.327936, 109.000000
9, 0, -8.651830, -4.325915, 109.000000
9, 0, -8.650406, -4.325203, 109.000000
9, 0, -8.652714, -4.326357, 109.000000
9, 0, -8.654536, -4.327268, 109.000000
9, 0, -8.649754, -4.324877, 109.000000
9, 0, -8.655529, -4.327765, 109.000000
9, 0, -8.649111, -4.324556, 109.000000
9, 0, -8.708317, -4.354158, 109.000000
9, 0, -8.657420, -4.328710, 109.000000
9, 0, -8.645738, -4.322869, 109.000000
9, 0, -8.656522, -4.328261, 109.000000
9, 0, -8.653858, -4.326929, 109.000000
9, 0, -8.651028, -4.325514, 109.000000
9, 0, -8.651947, -4.325973, 109.000000
9, 0, -8.654931, -4.327466, 109.000000
9, 0, -8.655977, -4.327989, 109.000000
9, 0, -8.656208, -4.328104, 109.000000
9, 0, -8.656050, -4.328025, 109.000000
9, 0, -8.657029, -4.328515, 109.000000
9, 0, -8.647896, -4.323948, 109.000000
9, 0, -8.650295, -4.325148, 109.000000
9, 0, -8.654931, -4.327465, 109.000000
9, 0, -8.650165, -4.325082, 109.000000
9, 0, -8.648001, -4.324000, 109.000000
9, 0, -8.599577, -4.299788, 109.000000
9, 0, -8.602075, -4.301037, 109.000000
9, 0, -8.542337, -4.271169, 109.000000
9, 0, -8.547678, -4.273839, 109.000000
9, 0, -8.565871, -4.282935, 109.000000
9, 0, -8.573705, -4.286853, 109.000000
9, 0, -8.587616, -4.293808, 109.000000
9, 0, -8.587344, -4.293672, 109.000000
9, 0, -8.613761, -4.306880, 109.000000
9, 0, -8.506991, -4.253496, 109.000000
9, 0, -8.465731, -4.232866, 109.000000
9, 0, -8.477203, -4.238601, 109.000000
9, 0, -8.628722, -4.314361, 109.000000
9, 0, -8.516777, -4.258388, 109.000000
9, 0, -8.532828, -4.266414, 109.000000
9, 0, -8.499662, -4.249831, 109.000000
9, 0, -8.541886, -4.270943, 109.000000
9, 0, -8.456875, -4.228438, 109.000000
9, 0, -8.490006, -4.245003, 109.000000
9, 0, -8.466493, -4.233247, 109.000000
9, 0, -8.309188, -4.154594, 109.000000
9, 0, -8.313993, -4.156997, 109.000000
9, 0, -8.115689, -4.057844, 109.000000
9, 0, 171.832380, 85.916190, 50.000000
9, 0, 172.013070, 86.006535, 50.000000
9, 0, 172.065272, 86.032636, 50.000000
9, 0, 172.065685, 86.032842, 50.000000
9, 0, 172.233689, 86.116845, 50.000000
9, 0, 172.323787, 86.161894, 50.000000
9, 0, 172.352170, 86.176085, 50.000000
9, 0, 172.418585, 86.209293, 50.000000
9, 0, -8.484076, -4.242038, 109.000000
9, 0, -8.576661, -4.288330, 109.000000
9, 0, -8.523799, -4.261899, 109.000000
9, 0, -8.427680, -4.213840, 109.000000
9, 0, -8.419634, -4.209817, 109.000000
8, 0, -8.386069, -4.193034, 109.000000
8, 0, -8.461914, -4.230957, 109.000000
9, 0, -8.400302, -4.200151, 109.000000
9, 0, -8.403076, -4.201538, 109.000000
9, 0, -8.270219, -4.135109, 109.000000
9, 0, -8.207552, -4.103776, 109.000000
9, 0, -8.268042, -4.134021, 109.000000
9, 0, -8.244428, -4.122214, 109.000000
9, 0, -8.229459, -4.114730, 109.000000
10, 0, -8.130391, -4.065196, 109.000000
10, 0, -8.195695, -4.097847, 109.000000
10, 0, -8.208114, -4.104057, 109.000000
10, 0, -8.239155, -4.119577, 109.000000
10, 0, -8.281516, -4.140758, 109.000000
10, 0, -8.277646, -4.138823, 109.000000
10, 0, -8.325631, -4.162816, 109.000000
10, 0, -8.259481, -4.129740, 109.000000
10, 0, -8.278680, -4.139340, 109.000000
10, 0, -8.228589, -4.114294, 109.000000
10, 0, -8.279157, -4.139578, 109.000000
9, 0, -8.221208, -4.110604, 109.000000
9, 0, -8.233579, -4.116790, 109.000000
9, 0, -8.223542, -4.111771, 109.000000
9, 0, -8.211224, -4.105612, 109.000000
9, 0, -8.163388, -4.081694, 109.000000
9, 0, -8.227840, -4.113920, 109.000000
9, 0, -8.112192, -4.056096, 109.000000
9, 0, -8.255101, -4.127551, 109.000000
9, 0, -8.314829, -4.157414, 109.000000
9, 0, -8.211120, -4.105560, 109.000000
9, 0, -8.321498, -4.160749, 109.000000
9, 0, -8.181551, -4.090775, 109.000000
9, 0, -8.236885, -4.118443, 109.000000
9, 0, -8.236286, -4.118143, 109.000000
9, 0, -8.027012, -4.013506, 109.000000
9, 0, -8.102055, -4.051027, 109.000000
9, 0, -8.239271, -4.119636, 109.000000
9, 0, -8.165545, -4.082772, 109.000000
9, 0, -8.168762, -4.084381, 109.000000
9, 0, -8.135469, -4.067734, 109.000000
9, 0, -8.024715, -4.012358, 109.000000
9, 0, -8.057761, -4.028880, 109.000000
9, 0, -8.104141, -4.052071, 109.000000
9, 0, -7.971679, -3.985840, 110.000000
9, 0, -8.320834, -4.160417, 109.000000
8, 0, 171.814589, 85.907294, 50.000000
8, 0, 171.894689, 85.947344, 50.000000
8, 0, 171.884778, 85.942389, 50.000000
8, 0, -8.115196, -4.057598, 109.000000
8, 0, 171.836758, 85.918379, 50.000000
8, 0, -8.171657, -4.085828, 109.000000
8, 0, 171.959625, 85.979813, 50.000000
8, 0, -8.050850, -4.025425, 109.000000
8, 0, -8.016423, -4.008211, 109.000000
8, 0, -7.849889, -3.924945, 110.000000
8, 0, -7.931571, -3.965785, 110.000000
8, 0, -7.764370, -3.882185, 110.000000
8, 0, -7.800932, -3.900466, 110.000000
8, 0, -7.752415, -3.876207, 110.000000
8, 0, 172.235187, 86.117594, 50.000000
8, 0, 172.092193, 86.046097, 50.000000
8, 0, 172.069122, 86.034561, 50.000000
8, 0, 172.018461, 86.009230, 50.000000
9, 0, -7.857862, -3.928931, 110.000000
8, 0, -7.890094, -3.945047, 110.000000
8, 0, 172.176588, 86.088294, 50.000000
8, 0, 172.133537, 86.066769, 50.000000
6, 0, 172.125056, 86.062528, 50.000000
6, 0, 172.114653, 86.057327, 50.000000
7, 0, 172.151735, 86.075868, 50.000000
7, 0, 172.193603, 86.096802, 50.000000
6, 0, 172.067120, 86.033560, 50.000000
7, 0, 172.182295, 86.091147, 50.000000
7, 0, 172.180068, 86.090034, 50.000000
7, 0, 172.115727, 86.057864, 50.000000
7, 0, 172.171808, 86.085904, 50.000000
7, 0, 172.236076, 86.118038, 50.000000
7, 0, 172.194543, 86.097272, 50.000000
7, 0, 172.211407, 86.105704, 50.000000
7, 0, -7.667759, -3.833880, 110.000000
7, 0, -7.763160, -3.881580, 110.000000
7, 0, -7.652947, -3.826474, 110.000000
7, 0, 172.355327, 86.177664, 50.000000
7, 0, -7.660133, -3.830067, 110.000000
7, 0, -7.674344, -3.837172, 110.000000
7, 0, -7.751446, -3.875723, 110.000000
7, 0, -7.900419, -3.950210, 110.000000
7, 0, -7.958242, -3.979121, 110.000000
7, 0, -8.307491, -4.153746, 109.000000
7, 0, -8.394884, -4.197442, 109.000000
7, 0, -8.722329, -4.361164, 109.000000
7, 0, -8.973264, -4.486632, 108.000000
6, 0, -9.365693, -4.682846, 108.000000
7, 0, -9.669738, -4.834869, 107.000000
6, 0, 169.874452, 84.937226, 50.000000
6, 0, 169.532743, 84.766371, 50.000000
6, 0, 168.993030, 84.496515, 50.000000
6, 0, 168.694222, 84.347111, 50.000000
6, 0, 168.396285, 84.198142, 50.000000
6, 0, 168.109775, 84.054887, 50.000000
6, 2, 167.844256, 83.922128, 50.000000
6, 2, 167.743238, 83.871619, 50.000000
6, 2, 167.611175, 83.805587, 50.000000
6, 2, -12.544850, -6.272425, 73.000000
6, 2, 167.200117, 83.600059, 50.000000
6, 2, -12.874575, -6.437287, 73.000000
6, 2, -12.791775, -6.395888, 73.000000
6, 2, 167.078414, 83.539207, 50.000000
6, 2, 166.847669, 83.423835, 50.000000
6, 2, -13.106868, -6.553434, 72.000000
6, 2, 166.828169, 83.414084, 50.000000
6, 2, -13.124087, -6.562044, 72.000000
6, 2, 166.953448, 83.476724, 50.000000
6, 2, 166.934180, 83.467090, 50.000000
6, 2, -12.865488, -6.432744, 73.000000
6, 2, -12.831767, -6.415883, 73.000000
6, 2, -12.931956, -6.465978, 73.000000
6, 2, -12.921864, -6.460932, 73.000000
6, 2, -12.835743, -6.417871, 73.000000
6, 2, -12.785687, -6.392843, 73.000000
6, 2, -12.837404, -6.418702, 73.000000
6, 2, -12.889138, -6.444569, 73.000000
6, 2, -12.829093, -6.414546, 73.000000
6, 2, -12.990083, -6.495041, 73.000000
6, 2, -12.908426, -6.454213, 73.000000
6, 2, -12.823466, -6.411733, 73.000000
6, 2, -12.956116, -6.478058, 73.000000
6, 2, -12.978690, -6.489345, 73.000000
6, 2, -12.809285, -6.404642, 73.000000
6, 2, -12.855847, -6.427923, 73.000000
6, 2, -13.032546, -6.516273, 73.000000
6, 2, -12.993750, -6.496875, 73.000000
6, 2, -12.909327, -6.454664, 73.000000
6, 2, -12.968351, -6.484175, 73.000000
6, 2, -12.973353, -6.486676, 73.000000
6, 2, -12.936023, -6.468011, 73.000000
6, 2, -12.972516, -6.486258, 73.000000
6, 2, 166.964071, 83.482036, 50.000000
6, 2, -12.982264, -6.491132, 73.000000
6, 2, -12.953639, -6.476819, 73.000000
6, 2, -12.973606, -6.486803, 73.000000
6, 2, -12.961712, -6.480856, 73.000000
6, 2, -13.010735, -6.505368, 73.000000
6, 2, -12.953836, -6.476918, 73.000000
6, 2, -12.933334, -6.466667, 73.000000
6, 2, -12.960544, -6.480272, 73.000000
6, 2, -12.928504, -6.464252, 73.000000
6, 2, -12.935075, -6.467537, 73.000000
6, 2, -12.968091, -6.484046, 73.000000
6, 2, -12.997725, -6.498863, 73.000000
6, 2, -12.906090, -6.453045, 73.000000
6, 2, -12.961717, -6.480859, 73.000000
6, 2, -12.957498, -6.478749, 73.000000
6, 2, 167.070803, 83.535402, 50.000000
6, 2, -13.014432, -6.507216, 73.000000
6, 2, -12.846908, -6.423454, 73.000000
6, 2, -12.967856, -6.483928, 73.000000
6, 2, -12.989439, -6.494720, 73.000000
6, 2, -12.943940, -6.471970, 73.000000
6, 2, -12.982896, -6.491448, 73.000000
6, 2, -13.017912, -6.508956, 73.000000
6, 2, -12.957750, -6.478875, 73.000000
6, 2, -12.850301, -6.425150, 73.000000
6, 2, -12.976661, -6.488330, 73.000000
6, 2, -12.794301, -6.397150, 73.000000
6, 2, -13.013187, -6.506594, 73.000000
6, 2, -12.965419, -6.482709, 73.000000
6, 2, -12.737267, -6.368633, 73.000000
6, 2, -12.951595, -6.475798, 73.000000
6, 2, 167.068442, 83.534221, 50.000000
6, 2, -12.947707, -6.473854, 73.000000
6, 2, -12.986663, -6.493331, 73.000000
6, 2, -12.980728, -6.490364, 73.000000
6, 2, -12.918810, -6.459405, 73.000000
6, 2, -12.962852, -6.481426, 73.000000
6, 2, 167.088511, 83.544256, 50.000000
6, 2, -13.013390, -6.506695, 73.000000
6, 2, -12.940045, -6.470023, 73.000000
6, 2, -12.896857, -6.448429, 73.000000
6, 2, -12.960847, -6.480423, 73.000000
6, 2, -12.951308, -6.475654, 73.000000
6, 2, -12.980467, -6.490233, 73.000000
6, 2, -12.961593, -6.480797, 73.000000
6, 2, -12.953000, -6.476500, 73.000000
6, 2, -12.974763, -6.487381, 73.000000
6, 2, -12.973892, -6.486946, 73.000000
6, 2, -12.972293, -6.486146, 73.000000
6, 2, -12.889887, -6.444943, 73.000000
6, 2, -12.979737, -6.489868, 73.000000
6, 2, -12.996870, -6.498435, 73.000000
6, 2, -13.008932, -6.504466, 73.000000
6, 2, -13.008539, -6.504270, 73.000000
