5, 0, 5.031344, 2.515672, 95.000000
5, 0, 5.030344, 2.515172, 95.000000
5, 0, 5.034058, 2.517029, 95.000000
5, 0, 5.027904, 2.513952, 95.000000
5, 0, 5.027904, 2.513952, 95.000000
5, 0, 5.033923, 2.516961, 95.000000
5, 0, 5.031200, 2.515600, 95.000000
5, 0, 5.031595, 2.515797, 95.000000
5, 0, 5.031595, 2.515797, 95.000000
5, 0, 5.031854, 2.515927, 95.000000
5, 0, 5.029842, 2.514921, 95.000000
5, 0, 5.029842, 2.514921, 95.000000
5, 0, 5.033431, 2.516716, 95.000000
5, 0, 5.087561, 2.543781, 95.000000
5, 0, 5.088521, 2.544260, 95.000000
5, 0, 5.088521, 2.544260, 95.000000
5, 0, 5.151909, 2.575955, 95.000000
5, 0, 5.206590, 2.603295, 95.000000
5, 0, 5.206590, 2.603295, 95.000000
5, 0, 5.200722, 2.600361, 95.000000
5, 0, 5.139082, 2.569541, 95.000000
5, 0, 5.208901, 2.604451, 95.000000
5, 0, 5.138264, 2.569132, 95.000000
5, 0, 5.074464, 2.537232, 95.000000
5, 0, 5.125263, 2.562632, 95.000000
5, 0, 5.124238, 2.562119, 95.000000
5, 0, 5.180495, 2.590248, 95.000000
5, 0, 5.252133, 2.626066, 95.000000
5, 0, 5.185536, 2.592768, 95.000000
5, 0, 5.185536, 2.592768, 95.000000
5, 0, 5.298825, 2.649412, 95.000000
5, 0, 5.293254, 2.646627, 95.000000
5, 0, 5.348130, 2.674065, 95.000000
5, 0, 5.317981, 2.658991, 95.000000
5, 0, 4.928985, 2.464493, 95.000000
5, 0, 4.866019, 2.433010, 95.000000
5, 0, 4.818541, 2.409271, 95.000000
5, 0, 4.860573, 2.430287, 95.000000
5, 0, 4.917437, 2.458718, 95.000000
5, 0, 4.891337, 2.445669, 95.000000
5, 0, 4.836796, 2.418398, 95.000000
5, 0, 4.885216, 2.442608, 95.000000
5, 0, 4.857373, 2.428687, 95.000000
5, 0, 4.916517, 2.458259, 95.000000
5, 0, 4.894117, 2.447059, 95.000000
5, 0, 4.954442, 2.477221, 95.000000
5, 0, 4.874887, 2.437444, 95.000000
5, 0, 5.021990, 2.510995, 95.000000
5, 0, 4.934854, 2.467427, 95.000000
5, 0, 4.901852, 2.450926, 95.000000
5, 0, 4.835641, 2.417821, 95.000000
5, 0, 4.813995, 2.406998, 95.000000
5, 0, 4.685838, 2.342919, 95.000000
5, 0, 4.698221, 2.349110, 95.000000
5, 0, 4.569402, 2.284701, 95.000000
5, 0, 4.496149, 2.248074, 95.000000
5, 0, 4.660008, 2.330004, 95.000000
5, 0, 4.536703, 2.268351, 95.000000
5, 0, 4.468508, 2.234254, 96.000000
5, 0, 4.409396, 2.204698, 96.000000
5, 0, 4.277128, 2.138564, 96.000000
5, 0, 4.007951, 2.003975, 96.000000
5, 0, 4.103167, 2.051584, 96.000000
5, 0, 4.007214, 2.003607, 96.000000
5, 0, 4.089454, 2.044727, 96.000000
5, 0, 4.190996, 2.095498, 96.000000
5, 0, 6.443589, 3.221795, 94.000000
5, 0, 6.415655, 3.207828, 94.000000
5, 0, 4.382134, 2.191067, 96.000000
5, 0, 6.686301, 3.343150, 94.000000
5, 0, 3.891752, 1.945876, 96.000000
5, 0, 3.828167, 1.914084, 96.000000
5, 0, 3.833542, 1.916771, 96.000000
5, 0, 3.757222, 1.878611, 96.000000
5, 0, 3.620167, 1.810084, 96.000000
5, 0, 3.522712, 1.761356, 96.000000
5, 0, 3.464216, 1.732108, 96.000000
5, 0, 3.364847, 1.682424, 96.000000
5, 0, 3.067928, 1.533964, 97.000000
5, 0, 3.069824, 1.534912, 97.000000
6, 0, 3.031652, 1.515826, 97.000000
6, 0, 2.928978, 1.464489, 97.000000
6, 0, 2.810594, 1.405297, 97.000000
6, 0, 2.592059, 1.296030, 97.000000
6, 0, 2.617136, 1.308568, 97.000000
7, 0, 2.570549, 1.285275, 97.000000
7, 0, 2.412224, 1.206112, 97.000000
7, 0, 2.319072, 1.159536, 97.000000
7, 0, 2.650329, 1.325164, 97.000000
7, 0, 2.650329, 1.325164, 97.000000
7, 0, 2.225334, 1.112667, 98.000000
7, 0, 1.632783, 0.816392, 98.000000
7, 0, 1.422759, 0.711380, 98.000000
6, 0, -7.542877, -3.771438, 93.000000
6, 0, -7.660250, -3.830125, 93.000000
6, 0, -7.931478, -3.965739, 92.000000
6, 0, -7.910039, -3.955019, 92.000000
6, 0, -8.143388, -4.071694, 92.000000
6, 0, -8.033483, -4.016742, 92.000000
5, 0, 4.666345, 2.333172, 95.000000
5, 0, 1.864620, 0.932310, 98.000000
5, 0, 1.939474, 0.969737, 98.000000
5, 0, 2.282607, 1.141304, 97.000000
5, 0, 2.463748, 1.231874, 97.000000
5, 0, 5.565525, 2.782763, 95.000000
5, 0, 5.565525, 2.782763, 95.000000
5, 0, 3.540473, 1.770237, 96.000000
5, 0, 3.978631, 1.989315, 96.000000
5, 0, 1.837900, 0.918950, 98.000000
5, 0, 2.067317, 1.033659, 98.000000
5, 0, 2.062259, 1.031130, 98.000000
5, 0, 2.037052, 1.018526, 98.000000
5, 0, 1.796227, 0.898114, 98.000000
5, 0, 1.911005, 0.955502, 98.000000
5, 0, 1.580443, 0.790221, 98.000000
5, 0, 1.480775, 0.740387, 98.000000
5, 0, 1.310269, 0.655134, 98.000000
5, 0, 1.130895, 0.565448, 98.000000
5, 0, 1.130895, 0.565448, 98.000000
5, 0, 1.130714, 0.565357, 98.000000
5, 0, 1.272768, 0.636384, 98.000000
5, 0, 1.275872, 0.637936, 98.000000
5, 0, 1.209210, 0.604605, 98.000000
5, 0, 1.156777, 0.578388, 98.000000
5, 0, 1.319981, 0.659991, 98.000000
5, 0, 1.236914, 0.618457, 98.000000
5, 0, 1.325275, 0.662637, 98.000000
5, 0, 1.264807, 0.632403, 98.000000
5, 0, 1.127346, 0.563673, 98.000000
5, 0, 1.127346, 0.563673, 98.000000
5, 0, 1.143148, 0.571574, 98.000000
5, 0, 1.046086, 0.523043, 99.000000
7, 0, 1.058218, 0.529109, 99.000000
7, 0, 0.051417, 0.025709, 99.000000
6, 0, -3.875820, -1.937910, 96.000000
6, 0, -4.061331, -2.030666, 96.000000
6, 0, -3.813775, -1.906888, 96.000000
6, 0, -3.987535, -1.993768, 96.000000
6, 0, -4.011467, -2.005734, 96.000000
6, 0, -5.261414, -2.630707, 95.000000
5, 0, 2.833157, 1.416578, 97.000000
5, 0, 2.833157, 1.416578, 97.000000
5, 0, 3.005508, 1.502754, 97.000000
5, 0, 3.005326, 1.502663, 97.000000
5, 0, 3.202020, 1.601010, 97.000000
5, 0, 3.720291, 1.860145, 96.000000
5, 0, 3.720291, 1.860145, 96.000000
5, 0, 3.985784, 1.992892, 96.000000
5, 0, 4.189369, 2.094684, 96.000000
5, 0, 4.663218, 2.331609, 95.000000
5, 0, 4.409178, 2.204589, 96.000000
5, 0, 4.536534, 2.268267, 95.000000
5, 0, 4.543355, 2.271677, 95.000000
5, 0, 4.489930, 2.244965, 95.000000
5, 0, 4.365895, 2.182947, 96.000000
5, 0, 4.364320, 2.182160, 96.000000
5, 0, 4.409003, 2.204501, 96.000000
5, 0, 4.213534, 2.106767, 96.000000
5, 0, 4.279291, 2.139646, 96.000000
5, 0, 4.114415, 2.057207, 96.000000
5, 0, 4.047021, 2.023511, 96.000000
5, 0, 4.087534, 2.043767, 96.000000
5, 0, 3.830046, 1.915023, 96.000000
5, 0, 3.632419, 1.816210, 96.000000
5, 0, 3.617380, 1.808690, 96.000000
5, 0, 3.617380, 1.808690, 96.000000
7, 0, 2.413430, 1.206715, 97.000000
6, 0, -2.745651, -1.372826, 97.000000
6, 0, -3.430816, -1.715408, 96.000000
6, 0, -3.430816, -1.715408, 96.000000
5, 0, -0.456025, -0.228013, 99.000000
5, 0, -0.530501, -0.265251, 99.000000
5, 0, -0.519343, -0.259671, 99.000000
5, 0, -0.502188, -0.251094, 99.000000
5, 0, -0.783336, -0.391668, 99.000000
5, 0, -0.358254, -0.179127, 99.000000
5, 0, -0.515377, -0.257689, 99.000000
5, 0, -0.982186, -0.491093, 99.000000
5, 0, -0.685630, -0.342815, 99.000000
5, 0, -0.381167, -0.190584, 99.000000
5, 0, -0.629131, -0.314565, 99.000000
6, 0, 0.154335, 0.077168, 99.000000
6, 0, 0.942317, 0.471159, 99.000000
6, 0, 0.194258, 0.097129, 99.000000
7, 0, -1.155646, -0.577823, 98.000000
7, 0, -1.155646, -0.577823, 98.000000
7, 0, -1.248255, -0.624127, 98.000000
7, 0, -1.279487, -0.639743, 98.000000
7, 0, -1.155910, -0.577955, 98.000000
7, 0, -1.155910, -0.577955, 98.000000
7, 0, -1.122134, -0.561067, 98.000000
7, 0, -1.131602, -0.565801, 98.000000
7, 0, -1.046620, -0.523310, 99.000000
7, 0, -1.138167, -0.569083, 98.000000
7, 0, -1.282806, -0.641403, 98.000000
7, 0, -1.330502, -0.665251, 98.000000
8, 0, -1.510075, -0.755038, 98.000000
8, 0, -1.789238, -0.894619, 98.000000
8, 0, -2.569074, -1.284537, 97.000000
7, 0, -3.424516, -1.712258, 96.000000
6, 0, -0.072492, -0.036246, 99.000000
6, 0, -0.342123, -0.171061, 99.000000
6, 0, -0.061254, -0.030627, 99.000000
6, 0, -0.157445, -0.078722, 99.000000
6, 0, -0.181544, -0.090772, 99.000000
6, 0, -0.366256, -0.183128, 99.000000
6, 0, -0.276926, -0.138463, 99.000000
6, 0, 0.007238, 0.003619, 99.000000
6, 0, 0.045230, 0.022615, 99.000000
7, 0, 0.576463, 0.288232, 99.000000
8, 0, -0.282200, -0.141100, 99.000000
9, 0, -0.223414, -0.111707, 99.000000
8, 0, -0.219716, -0.109858, 99.000000
8, 0, -0.280223, -0.140112, 99.000000
8, 0, -0.098979, -0.049489, 99.000000
8, 0, -0.227262, -0.113631, 99.000000
8, 0, -0.253565, -0.126782, 99.000000
9, 0, -0.277061, -0.138531, 99.000000
9, 0, -0.269399, -0.134700, 99.000000
9, 0, -0.392877, -0.196439, 99.000000
10, 0, -0.201299, -0.100650, 99.000000
10, 0, -0.588208, -0.294104, 99.000000
9, 0, -1.746456, -0.873228, 98.000000
9, 0, -2.232828, -1.116414, 98.000000
9, 0, 4.823687, 2.411844, 95.000000
9, 0, 4.823687, 2.411844, 95.000000
8, 0, -3.199936, -1.599968, 97.000000
8, 0, -3.058798, -1.529399, 97.000000
7, 0, -3.474787, -1.737394, 96.000000
8, 1, -3.390077, -1.695038, 59.000000
9, 1, -3.632998, -1.816499, 59.000000
9, 1, -3.848958, -1.924479, 59.000000
9, 1, -4.160921, -2.080461, 59.000000
9, 1, -4.711552, -2.355776, 59.000000
9, 1, -6.051727, -3.025864, 58.000000
10, 1, -6.408243, -3.204121, 58.000000
9, 1, -6.322727, -3.161364, 58.000000
9, 1, -6.700840, -3.350420, 58.000000
9, 1, -19.474890, -9.737445, 56.000000
8, 1, -15.811277, -7.905638, 57.000000
9, 1, -18.803661, -9.401830, 56.000000
9, 1, -23.003843, -11.501921, 55.000000
9, 1, -26.127224, -13.063612, 55.000000
10, 1, -29.626154, -14.813077, 54.000000
10, 1, -35.829870, -17.914935, 53.000000
9, 1, -42.357286, -21.178643, 52.000000
10, 1, -69.612506, -34.806253, 50.000000
10, 1, -84.086263, -42.043131, 50.000000
10, 1, -111.359407, -55.679704, 50.000000
10, 1, -134.210455, -67.105228, 50.000000
9, 0, -52.484804, -26.242402, 53.000000
9, 0, -54.330693, -27.165347, 51.000000
9, 0, -55.798986, -27.899493, 50.000000
9, 0, -59.219772, -29.609886, 50.000000
9, 0, -61.090011, -30.545005, 50.000000
9, 0, -63.299821, -31.649911, 50.000000
9, 0, -65.385634, -32.692817, 50.000000
10, 0, -71.107514, -35.553757, 50.000000
10, 0, -74.980815, -37.490407, 50.000000
10, 0, -80.384799, -40.192400, 50.000000
9, 0, -86.819555, -43.409777, 50.000000
9, 0, -31.555233, -15.777617, 71.000000
10, 0, -28.294295, -14.147148, 74.000000
11, 0, -26.646750, -13.323375, 76.000000
11, 0, -24.651673, -12.325836, 77.000000
10, 0, -23.091353, -11.545677, 79.000000
10, 0, -19.367075, -9.683538, 82.000000
10, 0, -17.243477, -8.621738, 84.000000
11, 0, -14.501798, -7.250899, 87.000000
10, 0, -12.357193, -6.178597, 88.000000
9, 0, -8.045995, -4.022998, 92.000000
10, 0, -6.434774, -3.217387, 94.000000
10, 0, -5.117515, -2.558757, 95.000000
10, 0, -3.909213, -1.954607, 96.000000
9, 0, -5.358805, -2.679403, 95.000000
9, 0, -4.568105, -2.284053, 95.000000
9, 2, 5.240150, 2.620075, 59.000000
10, 2, 5.636190, 2.818095, 58.000000
12, 2, 7.599809, 3.799905, 58.000000
11, 2, 7.774257, 3.887129, 58.000000
10, 2, 6.821499, 3.410749, 58.000000
11, 2, 8.888745, 4.444372, 58.000000
11, 2, 9.306438, 4.653219, 58.000000
12, 2, 9.960087, 4.980044, 58.000000
12, 2, 9.745725, 4.872863, 58.000000
10, 2, 20.350831, 10.175416, 56.000000
10, 2, 21.388612, 10.694306, 56.000000
10, 2, 22.786532, 11.393266, 55.000000
11, 2, 24.820630, 12.410315, 55.000000
11, 2, 28.279723, 14.139862, 54.000000
10, 2, 36.095230, 18.047615, 53.000000
11, 2, 43.067624, 21.533812, 52.000000
11, 2, 50.143122, 25.071561, 51.000000
11, 2, 61.078544, 30.539272, 50.000000
10, 2, 124.242479, 62.121240, 50.000000
10, 2, 130.230235, 65.115117, 50.000000
10, 2, 134.871454, 67.435727, 50.000000
10, 2, -47.368052, -23.684026, 51.000000
10, 2, -47.368052, -23.684026, 51.000000
10, 2, -49.086346, -24.543173, 51.000000
10, 2, -50.276391, -25.138195, 51.000000
10, 2, -51.746352, -25.873176, 50.000000
9, 2, 48.649377, 24.324689, 51.000000
9, 2, 49.249378, 24.624689, 51.000000
10, 2, 49.362444, 24.681222, 51.000000
10, 2, 51.380495, 25.690248, 50.000000
9, 2, 58.715167, 29.357583, 50.000000
9, 2, 64.210399, 32.105199, 50.000000
9, 2, 71.261249, 35.630625, 50.000000
7, 2, 43.347361, 21.673681, 52.000000
8, 2, 43.843674, 21.921837, 52.000000
8, 2, 43.680817, 21.840409, 52.000000
8, 2, 45.194377, 22.597189, 51.000000
8, 2, 45.270545, 22.635273, 51.000000
8, 2, 45.690394, 22.845197, 51.000000
8, 2, 46.062804, 23.031402, 51.000000
8, 2, 44.736193, 22.368097, 52.000000
8, 2, 75.210121, 37.605061, 50.000000
8, 2, 75.210121, 37.605061, 50.000000
8, 2, 82.176744, 41.088372, 50.000000
9, 2, 85.254248, 42.627124, 50.000000
10, 2, 83.438090, 41.719045, 50.000000
10, 2, 85.808070, 42.904035, 50.000000
9, 2, 27.279869, 13.639934, 55.000000
9, 2, 25.582873, 12.791437, 55.000000
9, 2, 23.459233, 11.729617, 55.000000
9, 2, 20.032116, 10.016058, 56.000000
9, 2, 11.525907, 5.762954, 57.000000
9, 2, 3.224813, 1.612406, 59.000000
9, 2, -10.686083, -5.343042, 58.000000
8, 2, 6.775824, 3.387912, 58.000000
8, 2, 5.320303, 2.660151, 59.000000
8, 2, 3.530409, 1.765204, 59.000000
8, 2, 0.498192, 0.249096, 59.000000
8, 2, 0.498192, 0.249096, 59.000000
8, 2, -2.237894, -1.118947, 59.000000
8, 2, -3.717458, -1.858729, 59.000000
8, 2, -2.687242, -1.343621, 59.000000
7, 2, 5.062984, 2.531492, 59.000000
7, 2, 4.919286, 2.459643, 59.000000
7, 2, 4.862230, 2.431115, 59.000000
6, 2, 4.927943, 2.463972, 59.000000
6, 2, 5.218152, 2.609076, 59.000000
6, 2, 5.940694, 2.970347, 58.000000
6, 2, 6.774817, 3.387408, 58.000000
6, 2, 7.947331, 3.973666, 58.000000
6, 2, 8.827527, 4.413764, 58.000000
6, 2, 9.278252, 4.639126, 58.000000
6, 2, 9.606198, 4.803099, 58.000000
6, 2, 10.382616, 5.191308, 58.000000
6, 2, 12.161417, 6.080708, 57.000000
6, 2, 17.188512, 8.594256, 56.000000
6, 2, 23.049436, 11.524718, 55.000000
5, 2, 113.424647, 56.712324, 50.000000
5, 2, 122.735730, 61.367865, 50.000000
5, 2, 131.217298, 65.608649, 50.000000
4, 2, 38.258101, 19.129051, 53.000000
4, 2, 41.164069, 20.582035, 52.000000
4, 2, 42.702358, 21.351179, 52.000000
4, 2, 44.772838, 22.386419, 52.000000
4, 2, 46.455856, 23.227928, 51.000000
4, 2, 48.285208, 24.142604, 51.000000
4, 2, 52.030601, 26.015300, 50.000000
4, 2, 53.994990, 26.997495, 50.000000
4, 2, 56.165905, 28.082953, 50.000000
4, 2, 60.960011, 30.480006, 50.000000
4, 2, 64.017372, 32.008686, 50.000000
4, 2, 68.066945, 34.033472, 50.000000
4, 2, 74.371920, 37.185960, 50.000000
3, 2, 41.239262, 20.619631, 50.000000
3, 2, 40.469890, 20.234945, 50.000000
3, 0, 39.891689, 19.945845, 64.000000
3, 0, 39.001337, 19.500669, 65.000000
3, 0, 38.462804, 19.231402, 65.000000
3, 0, 37.551685, 18.775842, 66.000000
3, 0, 36.692087, 18.346043, 67.000000
3, 0, 35.882921, 17.941461, 67.000000
3, 0, 35.098441, 17.549221, 68.000000
3, 0, 34.368631, 17.184315, 69.000000
3, 0, 33.035237, 16.517619, 70.000000
3, 0, 32.068358, 16.034179, 71.000000
3, 0, 32.455356, 16.227678, 71.000000
3, 0, 40.560826, 20.280413, 63.000000
3, 0, 49.150711, 24.575356, 56.000000
2, 0, 49.150711, 24.575356, 56.000000
1, 0, 49.150711, 24.575356, 56.000000
1, 0, 49.150711, 24.575356, 56.000000
1, 0, 49.150711, 24.575356, 56.000000
1, 0, 49.150711, 24.575356, 56.000000
1, 0, 49.150711, 24.575356, 56.000000
1, 0, 49.150711, 24.575356, 56.000000
1, 0, 49.150711, 24.575356, 56.000000
1, 0, 49.150711, 24.575356, 56.000000
1, 0, 49.150711, 24.575356, 56.000000
1, 0, 49.150711, 24.575356, 56.000000
1, 0, 49.150711, 24.575356, 56.000000
1, 0, 49.150711, 24.575356, 56.000000
1, 0, 49.150711, 24.575356, 56.000000
1, 0, 49.150711, 24.575356, 56.000000
2, 0, 49.150711, 24.575356, 56.000000
2, 0, 49.150711, 24.575356, 56.000000
2, 0, 49.150711, 24.575356, 56.000000
1, 0, 49.150711, 24.575356, 56.000000
1, 0, 49.150711, 24.575356, 56.000000
1, 0, 49.150711, 24.575356, 56.000000
1, 0, 49.150711, 24.575356, 56.000000
1, 0, 49.150711, 24.575356, 56.000000
1, 0, 49.150711, 24.575356, 56.000000
1, 0, 49.150711, 24.575356, 56.000000
1, 0, 49.150711, 24.575356, 56.000000
1, 0, 49.150711, 24.575356, 56.000000
1, 0, 49.150711, 24.575356, 56.000000
1, 0, 49.150711, 24.575356, 56.000000
1, 0, 49.150711, 24.575356, 56.000000
1, 0, 49.150711, 24.575356, 56.000000
1, 0, 49.150711, 24.575356, 56.000000
1, 0, 49.150711, 24.575356, 56.000000
1, 0, 49.150711, 24.575356, 56.000000
1, 0, 49.150711, 24.575356, 56.000000
1, 0, 49.150711, 24.575356, 56.000000
1, 0, 49.150711, 24.575356, 56.000000
1, 0, 49.150711, 24.575356, 56.000000
1, 0, 49.150711, 24.575356, 56.000000
1, 0, 49.150711, 24.575356, 56.000000
1, 0, 49.150711, 24.575356, 56.000000
1, 0, 49.150711, 24.575356, 56.000000
1, 0, 49.150711, 24.575356, 56.000000
1, 0, 49.150711, 24.575356, 56.000000
1, 0, 49.150711, 24.575356, 56.000000
1, 0, 49.150711, 24.575356, 56.000000
1, 0, 49.150711, 24.575356, 56.000000
1, 0, 49.150711, 24.575356, 56.000000
1, 0, 49.150711, 24.575356, 56.000000
1, 0, 49.150711, 24.575356, 56.000000
1, 0, 49.150711, 24.575356, 56.000000
1, 0, 49.150711, 24.575356, 56.000000
1, 0, 49.150711, 24.575356, 56.000000
1, 0, 49.150711, 24.575356, 56.000000
1, 0, 49.150711, 24.575356, 56.000000
1, 0, 49.150711, 24.575356, 56.000000
1, 0, 49.150711, 24.575356, 56.000000
1, 0, 49.150711, 24.575356, 56.000000
1, 0, 49.150711, 24.575356, 56.000000
1, 0, 49.150711, 24.575356, 56.000000
1, 0, 49.150711, 24.575356, 56.000000
1, 0, 49.150711, 24.575356, 56.000000
1, 0, 49.150711, 24.575356, 56.000000
1, 0, 49.150711, 24.575356, 56.000000
1, 0, 49.150711, 24.575356, 56.000000
1, 0, 49.150711, 24.575356, 56.000000
1, 0, 49.150711, 24.575356, 56.000000
1, 0, 49.150711, 24.575356, 56.000000
1, 0, 49.150711, 24.575356, 56.000000
1, 0, 49.150711, 24.575356, 56.000000
1, 0, 49.150711, 24.575356, 56.000000
1, 0, 49.150711, 24.575356, 56.000000
1, 0, 49.150711, 24.575356, 56.000000
1, 0, 49.150711, 24.575356, 56.000000
1, 0, 49.150711, 24.575356, 56.000000
1, 0, 49.150711, 24.575356, 56.000000
1, 0, 49.150711, 24.575356, 56.000000
1, 0, 49.150711, 24.575356, 56.000000
1, 0, 49.150711, 24.575356, 56.000000
1, 0, 49.150711, 24.575356, 56.000000
1, 0, 49.150711, 24.575356, 56.000000
1, 0, 49.150711, 24.575356, 56.000000
1, 0, 49.150711, 24.575356, 56.000000
1, 0, 49.150711, 24.575356, 56.000000
1, 0, 49.150711, 24.575356, 56.000000
1, 0, 49.150711, 24.575356, 56.000000
1, 0, 49.150711, 24.575356, 56.000000
1, 0, 49.150711, 24.575356, 56.000000
1, 0, 49.150711, 24.575356, 56.000000
1, 0, 49.150711, 24.575356, 56.000000
1, 0, 49.150711, 24.575356, 56.000000
1, 0, 49.150711, 24.575356, 56.000000
1, 0, 49.150711, 24.575356, 56.000000
1, 0, 49.150711, 24.575356, 56.000000
1, 0, 49.150711, 24.575356, 56.000000
1, 0, 49.150711, 24.575356, 56.000000
1, 0, 49.150711, 24.575356, 56.000000
1, 0, 49.150711, 24.575356, 56.000000
1, 0, 49.150711, 24.575356, 56.000000
1, 0, 49.150711, 24.575356, 56.000000
1, 0, 49.150711, 24.575356, 56.000000
1, 0, 49.150711, 24.575356, 56.000000
1, 0, 49.150711, 24.575356, 56.000000
1, 0, 49.150711, 24.575356, 56.000000
1, 0, 49.150711, 24.575356, 56.000000
1, 0, 49.150711, 24.575356, 56.000000
1, 0, 49.150711, 24.575356, 56.000000
1, 0, 49.150711, 24.575356, 56.000000
1, 0, 49.150711, 24.575356, 56.000000
1, 0, 49.150711, 24.575356, 56.000000
1, 0, 49.150711, 24.575356, 56.000000
1, 0, 49.150711, 24.575356, 56.000000
1, 0, 49.150711, 24.575356, 56.000000
1, 0, 49.150711, 24.575356, 56.000000
1, 0, 49.150711, 24.575356, 56.000000
1, 0, 49.150711, 24.575356, 56.000000
1, 0, 49.150711, 24.575356, 56.000000
1, 0, 49.150711, 24.575356, 56.000000
1, 0, 49.150711, 24.575356, 56.000000
1, 0, 49.150711, 24.575356, 56.000000
1, 0, 49.150711, 24.575356, 56.000000
1, 0, 49.150711, 24.575356, 56.000000
1, 0, 49.150711, 24.575356, 56.000000
1, 0, 49.150711, 24.575356, 56.000000
1, 0, 49.150711, 24.575356, 56.000000
1, 0, 49.150711, 24.575356, 56.000000
1, 0, 49.150711, 24.575356, 56.000000
1, 0, 49.150711, 24.575356, 56.000000
1, 0, 49.150711, 24.575356, 56.000000
1, 0, 49.150711, 24.575356, 56.000000
1, 0, 49.150711, 24.575356, 56.000000
1, 0, 49.150711, 24.575356, 56.000000
1, 0, 49.150711, 24.575356, 56.000000
1, 0, 49.150711, 24.575356, 56.000000
1, 0, 49.150711, 24.575356, 56.000000
1, 0, 49.150711, 24.575356, 56.000000
1, 0, 49.150711, 24.575356, 56.000000
1, 0, 49.150711, 24.575356, 56.000000
1, 0, 49.150711, 24.575356, 56.000000
1, 0, 49.150711, 24.575356, 56.000000
1, 0, 49.150711, 24.575356, 56.000000
1, 0, 49.150711, 24.575356, 56.000000
1, 0, 49.150711, 24.575356, 56.000000
1, 0, 49.150711, 24.575356, 56.000000
1, 0, 49.150711, 24.575356, 56.000000
1, 0, 49.150711, 24.575356, 56.000000
1, 0, 49.150711, 24.575356, 56.000000
1, 0, 49.150711, 24.575356, 56.000000
1, 0, 49.150711, 24.575356, 56.000000
1, 0, 49.150711, 24.575356, 56.000000
1, 0, 49.150711, 24.575356, 56.000000
1, 0, 49.150711, 24.575356, 56.000000
1, 0, 49.150711, 24.575356, 56.000000
1, 0, 49.150711, 24.575356, 56.000000
1, 0, 49.150711, 24.575356, 56.000000
1, 0, 49.150711, 24.575356, 56.000000
1, 0, 49.150711, 24.575356, 56.000000
1, 0, 49.150711, 24.575356, 56.000000
1, 0, 49.150711, 24.575356, 56.000000
1, 0, 49.150711, 24.575356, 56.000000
1, 0, 49.150711, 24.575356, 56.000000
1, 0, 49.150711, 24.575356, 56.000000
1, 0, 49.150711, 24.575356, 56.000000
1, 0, 49.150711, 24.575356, 56.000000
2, 0, 49.150711, 24.575356, 56.000000
2, 0, 49.150711, 24.575356, 56.000000
2, 0, 49.150711, 24.575356, 56.000000
2, 0, 49.150711, 24.575356, 56.000000
2, 0, 49.150711, 24.575356, 56.000000
2, 0, 49.150711, 24.575356, 56.000000
2, 0, 49.150711, 24.575356, 56.000000
2, 0, 49.150711, 24.575356, 56.000000
1, 0, 49.150711, 24.575356, 56.000000
1, 0, 49.150711, 24.575356, 56.000000
1, 0, 49.150711, 24.575356, 56.000000
1, 0, 49.150711, 24.575356, 56.000000
1, 0, 49.150711, 24.575356, 56.000000
1, 0, 49.150711, 24.575356, 56.000000
1, 0, 49.150711, 24.575356, 56.000000
1, 0, 49.150711, 24.575356, 56.000000
1, 0, 49.150711, 24.575356, 56.000000
1, 0, 49.150711, 24.575356, 56.000000
1, 0, 49.150711, 24.575356, 56.000000
1, 0, 49.150711, 24.575356, 56.000000
1, 0, 49.150711, 24.575356, 56.000000
1, 0, 49.150711, 24.575356, 56.000000
1, 0, 49.150711, 24.575356, 56.000000
1, 0, 49.150711, 24.575356, 56.000000
1, 0, 49.150711, 24.575356, 56.000000
1, 0, 49.150711, 24.575356, 56.000000
1, 0, 49.150711, 24.575356, 56.000000
1, 0, 49.150711, 24.575356, 56.000000
1, 0, 49.150711, 24.575356, 56.000000
1, 0, 49.150711, 24.575356, 56.000000
1, 0, 49.150711, 24.575356, 56.000000
1, 0, 49.150711, 24.575356, 56.000000
1, 0, 49.150711, 24.575356, 56.000000
1, 0, 49.150711, 24.575356, 56.000000
1, 0, 49.150711, 24.575356, 56.000000
1, 0, 49.150711, 24.575356, 56.000000
1, 0, 49.150711, 24.575356, 56.000000
1, 0, 49.150711, 24.575356, 56.000000
1, 0, 49.150711, 24.575356, 56.000000
1, 0, 49.150711, 24.575356, 56.000000
1, 0, 49.150711, 24.575356, 56.000000
1, 0, 49.150711, 24.575356, 56.000000
1, 0, 49.150711, 24.575356, 56.000000
1, 0, 49.150711, 24.575356, 56.000000
1, 0, 49.150711, 24.575356, 56.000000
1, 0, 49.150711, 24.575356, 56.000000
1, 0, 49.150711, 24.575356, 56.000000
1, 0, 49.150711, 24.575356, 56.000000
1, 0, 49.150711, 24.575356, 56.000000
1, 0, 49.150711, 24.575356, 56.000000
1, 0, 49.150711, 24.575356, 56.000000
1, 0, 49.150711, 24.575356, 56.000000
1, 0, 49.150711, 24.575356, 56.000000
1, 0, 49.150711, 24.575356, 56.000000
1, 0, 49.150711, 24.575356, 56.000000
1, 0, 49.150711, 24.575356, 56.000000
1, 0, 49.150711, 24.575356, 56.000000
1, 0, 49.150711, 24.575356, 56.000000
1, 0, 49.150711, 24.575356, 56.000000
1, 0, 49.150711, 24.575356, 56.000000
1, 0, 49.150711, 24.575356, 56.000000
1, 0, 49.150711, 24.575356, 56.000000
1, 0, 49.150711, 24.575356, 56.000000
1, 0, 49.150711, 24.575356, 56.000000
1, 0, 49.150711, 24.575356, 56.000000
1, 0, 49.150711, 24.575356, 56.000000
1, 0, 49.150711, 24.575356, 56.000000
1, 0, 49.150711, 24.575356, 56.000000
1, 0, 49.150711, 24.575356, 56.000000
1, 0, 49.150711, 24.575356, 56.000000
1, 0, 49.150711, 24.575356, 56.000000
1, 0, 49.150711, 24.575356, 56.000000
1, 0, 49.150711, 24.575356, 56.000000
2, 0, 49.150711, 24.575356, 56.000000
1, 0, 49.150711, 24.575356, 56.000000
1, 0, 49.150711, 24.575356, 56.000000
1, 0, 49.150711, 24.575356, 56.000000
1, 0, 49.150711, 24.575356, 56.000000
1, 0, 49.150711, 24.575356, 56.000000
1, 0, 49.150711, 24.575356, 56.000000
1, 0, 49.150711, 24.575356, 56.000000
1, 0, 49.150711, 24.575356, 56.000000
1, 0, 49.150711, 24.575356, 56.000000
1, 0, 49.150711, 24.575356, 56.000000
1, 0, 49.150711, 24.575356, 56.000000
1, 0, 49.150711, 24.575356, 56.000000
1, 0, 49.150711, 24.575356, 56.000000
1, 0, 49.150711, 24.575356, 56.000000
1, 0, 49.150711, 24.575356, 56.000000
1, 0, 49.150711, 24.575356, 56.000000
1, 0, 49.150711, 24.575356, 56.000000
1, 0, 49.150711, 24.575356, 56.000000
1, 0, 49.150711, 24.575356, 56.000000
1, 0, 49.150711, 24.575356, 56.000000
1, 0, 49.150711, 24.575356, 56.000000
1, 0, 49.150711, 24.575356, 56.000000
1, 0, 49.150711, 24.575356, 56.000000
1, 0, 49.150711, 24.575356, 56.000000
1, 0, 49.150711, 24.575356, 56.000000
1, 0, 49.150711, 24.575356, 56.000000
1, 0, 49.150711, 24.575356, 56.000000
1, 0, 49.150711, 24.575356, 56.000000
1, 0, 49.150711, 24.575356, 56.000000
1, 0, 49.150711, 24.575356, 56.000000
1, 0, 49.150711, 24.575356, 56.000000
1, 0, 49.150711, 24.575356, 56.000000
1, 0, 49.150711, 24.575356, 56.000000
1, 0, 49.150711, 24.575356, 56.000000
2, 0, 49.150711, 24.575356, 56.000000
2, 0, 49.150711, 24.575356, 56.000000
2, 0, 49.150711, 24.575356, 56.000000
2, 0, 49.150711, 24.575356, 56.000000
2, 0, 49.150711, 24.575356, 56.000000
2, 0, 49.150711, 24.575356, 56.000000
2, 0, 49.150711, 24.575356, 56.000000
2, 0, 49.150711, 24.575356, 56.000000
2, 0, 49.150711, 24.575356, 56.000000
2, 0, 49.150711, 24.575356, 56.000000
2, 0, 49.150711, 24.575356, 56.000000
2, 0, 49.150711, 24.575356, 56.000000
2, 0, 49.150711, 24.575356, 56.000000
2, 0, 49.150711, 24.575356, 56.000000
2, 0, 49.150711, 24.575356, 56.000000
3, 0, 73.907180, 36.953590, 50.000000
3, 0, 74.353532, 37.176766, 50.000000
3, 0, 75.739161, 37.869581, 50.000000
3, 0, 76.306658, 38.153329, 50.000000
3, 0, 76.746593, 38.373297, 50.000000
3, 0, 77.377342, 38.688671, 50.000000
3, 0, 79.018186, 39.509093, 50.000000
3, 0, 79.469468, 39.734734, 50.000000
3, 0, 80.099753, 40.049876, 50.000000
3, 0, 80.676099, 40.338050, 50.000000
3, 0, 82.003762, 41.001881, 50.000000
3, 0, 82.447522, 41.223761, 50.000000
3, 0, 83.011798, 41.505899, 50.000000
3, 0, 83.393439, 41.696720, 50.000000
2, 0, 83.393439, 41.696720, 50.000000
2, 0, 83.393439, 41.696720, 50.000000
2, 0, 83.393439, 41.696720, 50.000000
2, 0, 83.393439, 41.696720, 50.000000
2, 0, 83.393439, 41.696720, 50.000000
2, 0, 83.393439, 41.696720, 50.000000
2, 0, 83.393439, 41.696720, 50.000000
2, 0, 83.393439, 41.696720, 50.000000
1, 0, 83.393439, 41.696720, 50.000000
2, 0, 83.393439, 41.696720, 50.000000
2, 0, 83.393439, 41.696720, 50.000000
2, 0, 83.393439, 41.696720, 50.000000
2, 0, 83.393439, 41.696720, 50.000000
2, 0, 83.393439, 41.696720, 50.000000
3, 0, 78.201032, 39.100516, 50.000000
3, 0, 79.090447, 39.545223, 50.000000
3, 0, 79.343676, 39.671838, 50.000000
3, 0, 80.051859, 40.025929, 50.000000
3, 0, 80.442020, 40.221010, 50.000000
3, 0, 81.024776, 40.512388, 50.000000
2, 0, 81.024776, 40.512388, 50.000000
2, 0, 81.024776, 40.512388, 50.000000
2, 0, 81.024776, 40.512388, 50.000000
2, 0, 81.024776, 40.512388, 50.000000
2, 0, 81.024776, 40.512388, 50.000000
2, 0, 81.024776, 40.512388, 50.000000
2, 0, 81.024776, 40.512388, 50.000000
2, 0, 81.024776, 40.512388, 50.000000
2, 0, 81.024776, 40.512388, 50.000000
2, 0, 81.024776, 40.512388, 50.000000
2, 0, 81.024776, 40.512388, 50.000000
2, 0, 81.024776, 40.512388, 50.000000
2, 0, 81.024776, 40.512388, 50.000000
2, 0, 81.024776, 40.512388, 50.000000
2, 0, 81.024776, 40.512388, 50.000000
2, 0, 81.024776, 40.512388, 50.000000
2, 0, 81.024776, 40.512388, 50.000000
2, 0, 81.024776, 40.512388, 50.000000
2, 0, 81.024776, 40.512388, 50.000000
2, 0, 81.024776, 40.512388, 50.000000
2, 0, 81.024776, 40.512388, 50.000000
2, 0, 81.024776, 40.512388, 50.000000
2, 0, 81.024776, 40.512388, 50.000000
2, 0, 81.024776, 40.512388, 50.000000
2, 0, 81.024776, 40.512388, 50.000000
2, 0, 81.024776, 40.512388, 50.000000
2, 0, 81.024776, 40.512388, 50.000000
2, 0, 81.024776, 40.512388, 50.000000
2, 0, 81.024776, 40.512388, 50.000000
3, 0, 49.670902, 24.835451, 55.000000
3, 0, 49.128098, 24.564049, 56.000000
2, 0, 49.128098, 24.564049, 56.000000
2, 0, 49.128098, 24.564049, 56.000000
2, 0, 49.128098, 24.564049, 56.000000
2, 0, 49.128098, 24.564049, 56.000000
2, 0, 49.128098, 24.564049, 56.000000
2, 0, 49.128098, 24.564049, 56.000000
2, 0, 49.128098, 24.564049, 56.000000
1, 0, 49.128098, 24.564049, 56.000000
1, 0, 49.128098, 24.564049, 56.000000
1, 0, 49.128098, 24.564049, 56.000000
1, 0, 49.128098, 24.564049, 56.000000
1, 0, 49.128098, 24.564049, 56.000000
2, 0, 49.128098, 24.564049, 56.000000
2, 0, 49.128098, 24.564049, 56.000000
2, 0, 49.128098, 24.564049, 56.000000
1, 0, 49.128098, 24.564049, 56.000000
2, 0, 49.128098, 24.564049, 56.000000
1, 0, 49.128098, 24.564049, 56.000000
1, 0, 49.128098, 24.564049, 56.000000
1, 0, 49.128098, 24.564049, 56.000000
1, 0, 49.128098, 24.564049, 56.000000
1, 0, 49.128098, 24.564049, 56.000000
1, 0, 49.128098, 24.564049, 56.000000
1, 0, 49.128098, 24.564049, 56.000000
1, 0, 49.128098, 24.564049, 56.000000
1, 0, 49.128098, 24.564049, 56.000000
1, 0, 49.128098, 24.564049, 56.000000
1, 0, 49.128098, 24.564049, 56.000000
1, 0, 49.128098, 24.564049, 56.000000
1, 0, 49.128098, 24.564049, 56.000000
1, 0, 49.128098, 24.564049, 56.000000
1, 0, 49.128098, 24.564049, 56.000000
1, 0, 49.128098, 24.564049, 56.000000
1, 0, 49.128098, 24.564049, 56.000000
1, 0, 49.128098, 24.564049, 56.000000
1, 0, 49.128098, 24.564049, 56.000000
1, 0, 49.128098, 24.564049, 56.000000
1, 0, 49.128098, 24.564049, 56.000000
1, 0, 49.128098, 24.564049, 56.000000
2, 0, 49.128098, 24.564049, 56.000000
2, 0, 49.128098, 24.564049, 56.000000
2, 0, 49.128098, 24.564049, 56.000000
2, 0, 49.128098, 24.564049, 56.000000
2, 0, 49.128098, 24.564049, 56.000000
2, 0, 49.128098, 24.564049, 56.000000
2, 0, 49.128098, 24.564049, 56.000000
2, 0, 49.128098, 24.564049, 56.000000
2, 0, 49.128098, 24.564049, 56.000000
2, 0, 49.128098, 24.564049, 56.000000
2, 0, 49.128098, 24.564049, 56.000000
2, 0, 49.128098, 24.564049, 56.000000
4, 0, 22.928960, 11.464480, 79.000000
4, 0, 23.069569, 11.534785, 79.000000
4, 0, 25.409234, 12.704617, 77.000000
4, 0, 29.192319, 14.596159, 73.000000
4, 0, 17.754643, 8.877322, 84.000000
4, 0, 17.534154, 8.767077, 84.000000
5, 0, 137.133744, 68.566872, 50.000000
5, 0, 137.133744, 68.566872, 50.000000
6, 0, 156.593552, 78.296776, 50.000000
6, 0, 140.924157, 70.462079, 50.000000
6, 0, 134.580985, 67.290492, 50.000000
5, 0, 160.908477, 80.454239, 50.000000
6, 0, -74.098916, -37.049458, 50.000000
7, 0, -75.165711, -37.582855, 50.000000
5, 0, 146.817009, 73.408505, 50.000000
4, 2, 88.200593, 44.100297, 50.000000
4, 2, 93.840715, 46.920358, 50.000000
4, 0, 99.533920, 49.766960, 50.000000
3, 0, 72.264125, 36.132063, 50.000000
3, 0, 73.233608, 36.616804, 50.000000
3, 0, 73.633531, 36.816766, 50.000000
4, 0, 138.759618, 69.379809, 50.000000
3, 0, 74.647062, 37.323531, 50.000000
3, 0, 75.048988, 37.524494, 50.000000
3, 0, 75.526098, 37.763049, 50.000000
3, 0, 75.974699, 37.987349, 50.000000
2, 0, 75.974699, 37.987349, 50.000000
2, 0, 75.974699, 37.987349, 50.000000
3, 0, 4.080584, 2.040292, 96.000000
3, 2, 3.463049, 1.731525, 50.000000
3, 2, 2.855236, 1.427618, 50.000000
4, 2, -1.539346, -0.769673, 59.000000
3, 2, 50.446513, 25.223256, 50.000000
4, 2, -3.780168, -1.890084, 59.000000
3, 0, 50.186566, 25.093283, 55.000000
3, 0, 49.616915, 24.808458, 55.000000
3, 0, 49.238178, 24.619089, 56.000000
3, 0, 48.716180, 24.358090, 56.000000
3, 0, 48.016180, 24.008090, 57.000000
3, 0, 47.790080, 23.895040, 57.000000
3, 0, 46.725406, 23.362703, 58.000000
4, 0, -20.203754, -10.101877, 81.000000
4, 0, -21.845992, -10.922996, 80.000000
4, 0, -23.366309, -11.683154, 79.000000
4, 0, -26.333049, -13.166524, 76.000000
3, 0, 47.299090, 23.649545, 57.000000
3, 2, 47.831466, 23.915733, 50.000000
4, 2, -32.117713, -16.058857, 54.000000
3, 2, 49.507951, 24.753975, 50.000000
3, 2, 49.968115, 24.984058, 50.000000
3, 0, 50.473442, 25.236721, 54.000000
3, 0, 50.473442, 25.236721, 54.000000
3, 0, 52.260320, 26.130160, 53.000000
3, 0, 52.838708, 26.419354, 52.000000
3, 0, 53.510272, 26.755136, 52.000000
3, 0, 54.234349, 27.117175, 51.000000
4, 0, 64.913631, 32.456815, 50.000000
4, 0, 65.038702, 32.519351, 50.000000
4, 0, 65.198308, 32.599154, 50.000000
4, 0, 65.017847, 32.508923, 50.000000
4, 0, 65.240687, 32.620343, 50.000000
4, 0, 65.066129, 32.533065, 50.000000
4, 0, -114.682378, -57.341189, 50.000000
4, 0, -114.598413, -57.299206, 50.000000
4, 0, 65.299515, 32.649758, 50.000000
4, 0, -114.860102, -57.430051, 50.000000
4, 0, -114.843447, -57.421724, 50.000000
4, 0, -114.287888, -57.143944, 50.000000
4, 0, 65.545288, 32.772644, 50.000000
4, 0, 65.526200, 32.763100, 50.000000
4, 0, 65.340335, 32.670167, 50.000000
4, 0, 65.062131, 32.531066, 50.000000
4, 0, 64.745465, 32.372732, 50.000000
3, 0, 31.682565, 15.841282, 71.000000
3, 0, 32.020525, 16.010262, 71.000000
3, 0, 32.934167, 16.467083, 70.000000
3, 0, 33.390488, 16.695244, 70.000000
3, 0, 34.190835, 17.095418, 69.000000
4, 0, -51.507484, -25.753742, 54.000000
3, 0, 35.705112, 17.852556, 68.000000
3, 0, 36.335884, 18.167942, 67.000000
3, 0, 37.451200, 18.725600, 66.000000
3, 0, 38.387164, 19.193582, 65.000000
3, 0, 39.578505, 19.789252, 64.000000
3, 0, 42.172263, 21.086131, 62.000000
3, 0, 43.431076, 21.715538, 61.000000
3, 0, 44.397812, 22.198906, 60.000000
3, 0, 45.276714, 22.638357, 59.000000
3, 0, 46.948241, 23.474121, 58.000000
3, 0, 47.788091, 23.894046, 57.000000
4, 0, -108.101351, -54.050675, 50.000000
4, 0, -109.864308, -54.932154, 50.000000
4, 0, -110.168849, -55.084424, 50.000000
4, 0, -110.176137, -55.088068, 50.000000
4, 0, -110.095879, -55.047940, 50.000000
5, 0, -110.210899, -55.105450, 50.000000
4, 0, -109.933196, -54.966598, 50.000000
4, 0, -110.169256, -55.084628, 50.000000
4, 0, -110.170267, -55.085133, 50.000000
5, 0, -110.293681, -55.146840, 50.000000
5, 0, -110.127017, -55.063508, 50.000000
5, 0, -109.911509, -54.955754, 50.000000
6, 0, -110.225844, -55.112922, 50.000000
6, 0, -110.081098, -55.040549, 50.000000
6, 0, -110.165282, -55.082641, 50.000000
6, 0, -109.943800, -54.971900, 50.000000
6, 0, -109.768076, -54.884038, 50.000000
6, 0, -109.650630, -54.825315, 50.000000
5, 0, 37.604063, 18.802031, 66.000000
5, 0, 38.391873, 19.195936, 65.000000
5, 0, 39.525045, 19.762522, 64.000000
4, 0, 41.555753, 20.777876, 62.000000
4, 0, 42.700491, 21.350246, 61.000000
4, 0, 43.839240, 21.919620, 60.000000
4, 0, 45.986437, 22.993218, 58.000000
4, 0, 46.813057, 23.406529, 58.000000
4, 0, 47.570936, 23.785468, 57.000000
4, 0, 48.398959, 24.199479, 56.000000
4, 0, 49.607753, 24.803877, 55.000000
4, 0, 50.153985, 25.076993, 55.000000
4, 0, 50.558256, 25.279128, 54.000000
4, 0, 50.962566, 25.481283, 54.000000
4, 0, 51.407392, 25.703696, 54.000000
4, 0, 51.795499, 25.897750, 53.000000
4, 0, 52.661274, 26.330637, 52.000000
4, 0, 53.055076, 26.527538, 52.000000
4, 0, 53.362464, 26.681232, 52.000000
4, 0, 54.232525, 27.116263, 51.000000
5, 0, 54.792780, 27.396390, 51.000000
5, 0, 55.296108, 27.648054, 50.000000
4, 0, 55.804362, 27.902181, 50.000000
4, 0, 56.248458, 28.124229, 50.000000
4, 0, 57.089310, 28.544655, 50.000000
4, 0, 57.574813, 28.787407, 50.000000
4, 0, 58.551290, 29.275645, 50.000000
5, 0, 58.986507, 29.493254, 50.000000
4, 0, 59.398557, 29.699278, 50.000000
4, 0, 59.935588, 29.967794, 50.000000
4, 0, 60.628524, 30.314262, 50.000000
3, 0, 53.020875, 26.510438, 52.000000
3, 0, 53.510501, 26.755250, 52.000000
3, 0, 54.369684, 27.184842, 51.000000
3, 0, 55.791575, 27.895787, 50.000000
4, 0, 64.390149, 32.195074, 50.000000
5, 0, 64.962319, 32.481159, 50.000000
5, 0, 65.563821, 32.781911, 50.000000
5, 0, 65.801526, 32.900763, 50.000000
5, 0, 66.204334, 33.102167, 50.000000
4, 0, 68.200116, 34.100058, 50.000000
4, 0, 68.938619, 34.469310, 50.000000
4, 0, 69.286594, 34.643297, 50.000000
4, 0, 70.447085, 35.223542, 50.000000
4, 0, 70.872270, 35.436135, 50.000000
4, 0, 71.123933, 35.561967, 50.000000
4, 0, 71.457205, 35.728602, 50.000000
3, 0, 54.513765, 27.256882, 51.000000
3, 0, 54.922808, 27.461404, 50.000000
3, 0, 55.279752, 27.639876, 50.000000
3, 0, 55.859111, 27.929555, 50.000000
3, 0, 55.859111, 27.929555, 50.000000
3, 0, 56.568160, 28.284080, 50.000000
3, 0, 56.884384, 28.442192, 50.000000
3, 0, 57.186967, 28.593484, 50.000000
3, 0, 57.685331, 28.842666, 50.000000
3, 0, 57.948517, 28.974259, 50.000000
3, 0, 58.296026, 29.148013, 50.000000
3, 0, 58.746514, 29.373257, 50.000000
3, 0, 58.926987, 29.463494, 50.000000
3, 0, 59.232058, 29.616029, 50.000000
3, 0, 59.419494, 29.709747, 50.000000
3, 0, 59.924998, 29.962499, 50.000000
3, 0, 59.924998, 29.962499, 50.000000
3, 0, 60.281151, 30.140575, 50.000000
3, 0, 60.535057, 30.267528, 50.000000
3, 0, 60.626792, 30.313396, 50.000000
3, 0, 61.051174, 30.525587, 50.000000
3, 0, 61.194369, 30.597184, 50.000000
3, 0, 61.201584, 30.600792, 50.000000
3, 0, 61.458292, 30.729146, 50.000000
3, 0, 61.587927, 30.793963, 50.000000
3, 0, 61.750871, 30.875436, 50.000000
3, 0, 61.884826, 30.942413, 50.000000
3, 0, 61.887394, 30.943697, 50.000000
3, 0, 62.143475, 31.071737, 50.000000
3, 0, 62.187794, 31.093897, 50.000000
3, 0, 62.187925, 31.093962, 50.000000
3, 0, 62.226289, 31.113144, 50.000000
3, 0, 62.447506, 31.223753, 50.000000
3, 0, 62.448522, 31.224261, 50.000000
3, 0, 62.486836, 31.243418, 50.000000
3, 0, 62.483933, 31.241967, 50.000000
3, 0, 62.447058, 31.223529, 50.000000
3, 0, 62.447822, 31.223911, 50.000000
3, 0, 62.356027, 31.178014, 50.000000
3, 0, 62.303639, 31.151820, 50.000000
3, 0, 62.224665, 31.112332, 50.000000
3, 0, 62.147080, 31.073540, 50.000000
3, 0, 62.142370, 31.071185, 50.000000
3, 0, 62.147046, 31.073523, 50.000000
3, 0, 62.143636, 31.071818, 50.000000
3, 0, 62.014420, 31.007210, 50.000000
3, 0, 61.839735, 30.919868, 50.000000
3, 0, 61.887219, 30.943610, 50.000000
3, 0, 61.841869, 30.920934, 50.000000
3, 0, 61.800122, 30.900061, 50.000000
3, 0, 61.796666, 30.898333, 50.000000
3, 0, 61.794934, 30.897467, 50.000000
3, 0, 61.675498, 30.837749, 50.000000
3, 0, 61.542926, 30.771463, 50.000000
3, 0, 61.537587, 30.768794, 50.000000
3, 0, 61.537169, 30.768585, 50.000000
3, 0, 61.497337, 30.748668, 50.000000
3, 0, 61.492005, 30.746003, 50.000000
3, 0, 61.492327, 30.746163, 50.000000
3, 0, 61.494338, 30.747169, 50.000000
3, 0, 61.491776, 30.745888, 50.000000
3, 0, 61.490360, 30.745180, 50.000000
3, 0, 61.489436, 30.744718, 50.000000
3, 0, 61.319884, 30.659942, 50.000000
3, 0, 61.319884, 30.659942, 50.000000
3, 0, 61.232813, 30.616406, 50.000000
3, 0, 61.229668, 30.614834, 50.000000
3, 0, 61.228827, 30.614414, 50.000000
3, 0, 61.157667, 30.578834, 50.000000
3, 0, 61.152439, 30.576219, 50.000000
3, 0, 61.154835, 30.577417, 50.000000
3, 0, 61.152307, 30.576153, 50.000000
3, 0, 61.154471, 30.577236, 50.000000
3, 0, 61.151084, 30.575542, 50.000000
3, 0, 61.154835, 30.577417, 50.000000
3, 0, 61.155851, 30.577926, 50.000000
3, 0, 61.155851, 30.577926, 50.000000
3, 0, 61.149131, 30.574566, 50.000000
3, 0, 61.155934, 30.577967, 50.000000
3, 0, 61.153398, 30.576699, 50.000000
3, 0, 61.231128, 30.615564, 50.000000
3, 0, 61.234424, 30.617212, 50.000000
3, 0, 61.231675, 30.615837, 50.000000
3, 0, 61.446716, 30.723358, 50.000000
3, 0, 61.695664, 30.847832, 50.000000
3, 0, 61.902337, 30.951169, 50.000000
3, 0, 62.023517, 31.011758, 50.000000
3, 0, 62.321187, 31.160594, 50.000000
3, 0, 62.609674, 31.304837, 50.000000
3, 0, 63.190923, 31.595461, 50.000000
3, 0, 63.735559, 31.867780, 50.000000
3, 0, 64.149112, 32.074556, 50.000000
3, 0, 64.608981, 32.304490, 50.000000
3, 0, 65.734948, 32.867474, 50.000000
3, 0, 66.402884, 33.201442, 50.000000
3, 0, 67.147013, 33.573507, 50.000000
3, 0, 68.773366, 34.386683, 50.000000
3, 0, 69.645798, 34.822899, 50.000000
3, 0, 70.518560, 35.259280, 50.000000
3, 0, 71.427957, 35.713978, 50.000000
3, 0, 73.579641, 36.789820, 50.000000
3, 0, 74.818204, 37.409102, 50.000000
3, 0, 76.199765, 38.099883, 50.000000
3, 0, 77.456448, 38.728224, 50.000000
4, 0, -178.817612, -89.408806, 50.000000
4, 0, 2.566768, 1.283384, 97.000000
4, 0, 4.220615, 2.110308, 96.000000
4, 0, 5.922677, 2.961338, 94.000000
4, 0, 7.101981, 3.550991, 93.000000
3, 0, -58.817964, -29.408982, 50.000000
3, 0, -61.775852, -30.887926, 50.000000
3, 0, -67.109133, -33.554566, 50.000000
3, 0, -74.260784, -37.130392, 50.000000
2, 0, -74.260784, -37.130392, 50.000000
2, 0, -74.260784, -37.130392, 50.000000
2, 0, -74.260784, -37.130392, 50.000000
2, 0, -74.260784, -37.130392, 50.000000
3, 0, -73.798527, -36.899264, 50.000000
2, 0, -73.798527, -36.899264, 50.000000
2, 0, -73.798527, -36.899264, 50.000000
3, 0, -54.605144, -27.302572, 51.000000
3, 0, -54.238142, -27.119071, 51.000000
1, 0, -54.238142, -27.119071, 51.000000
1, 0, -54.238142, -27.119071, 51.000000
1, 0, -54.238142, -27.119071, 51.000000
1, 0, -54.238142, -27.119071, 51.000000
2, 0, -54.238142, -27.119071, 51.000000
1, 0, -54.238142, -27.119071, 51.000000
2, 0, -54.238142, -27.119071, 51.000000
1, 0, -54.238142, -27.119071, 51.000000
1, 0, -54.238142, -27.119071, 51.000000
2, 0, -54.238142, -27.119071, 51.000000
2, 0, -54.238142, -27.119071, 51.000000
2, 0, -54.238142, -27.119071, 51.000000
2, 0, -54.238142, -27.119071, 51.000000
2, 0, -54.238142, -27.119071, 51.000000
2, 0, -54.238142, -27.119071, 51.000000
2, 0, -54.238142, -27.119071, 51.000000
2, 0, -54.238142, -27.119071, 51.000000
2, 0, -54.238142, -27.119071, 51.000000
2, 0, -54.238142, -27.119071, 51.000000
2, 0, -54.238142, -27.119071, 51.000000
2, 0, -54.238142, -27.119071, 51.000000
2, 0, -54.238142, -27.119071, 51.000000
2, 0, -54.238142, -27.119071, 51.000000
2, 0, -54.238142, -27.119071, 51.000000
2, 0, -54.238142, -27.119071, 51.000000
1, 0, -54.238142, -27.119071, 51.000000
1, 0, -54.238142, -27.119071, 51.000000
2, 0, -54.238142, -27.119071, 51.000000
1, 0, -54.238142, -27.119071, 51.000000
1, 0, -54.238142, -27.119071, 51.000000
1, 0, -54.238142, -27.119071, 51.000000
1, 0, -54.238142, -27.119071, 51.000000
2, 0, -54.238142, -27.119071, 51.000000
2, 0, -54.238142, -27.119071, 51.000000
1, 0, -54.238142, -27.119071, 51.000000
1, 0, -54.238142, -27.119071, 51.000000
1, 0, -54.238142, -27.119071, 51.000000
1, 0, -54.238142, -27.119071, 51.000000
2, 0, -54.238142, -27.119071, 51.000000
2, 0, -54.238142, -27.119071, 51.000000
1, 0, -54.238142, -27.119071, 51.000000
1, 0, -54.238142, -27.119071, 51.000000
1, 0, -54.238142, -27.119071, 51.000000
1, 0, -54.238142, -27.119071, 51.000000
2, 0, -54.238142, -27.119071, 51.000000
2, 0, -54.238142, -27.119071, 51.000000
2, 0, -54.238142, -27.119071, 51.000000
2, 0, -54.238142, -27.119071, 51.000000
2, 0, -54.238142, -27.119071, 51.000000
2, 0, -54.238142, -27.119071, 51.000000
2, 0, -54.238142, -27.119071, 51.000000
1, 0, -54.238142, -27.119071, 51.000000
1, 0, -54.238142, -27.119071, 51.000000
1, 0, -54.238142, -27.119071, 51.000000
1, 0, -54.238142, -27.119071, 51.000000
1, 0, -54.238142, -27.119071, 51.000000
1, 0, -54.238142, -27.119071, 51.000000
1, 0, -54.238142, -27.119071, 51.000000
1, 0, -54.238142, -27.119071, 51.000000
1, 0, -54.238142, -27.119071, 51.000000
1, 0, -54.238142, -27.119071, 51.000000
1, 0, -54.238142, -27.119071, 51.000000
1, 0, -54.238142, -27.119071, 51.000000
1, 0, -54.238142, -27.119071, 51.000000
1, 0, -54.238142, -27.119071, 51.000000
1, 0, -54.238142, -27.119071, 51.000000
1, 0, -54.238142, -27.119071, 51.000000
1, 0, -54.238142, -27.119071, 51.000000
1, 0, -54.238142, -27.119071, 51.000000
1, 0, -54.238142, -27.119071, 51.000000
1, 0, -54.238142, -27.119071, 51.000000
1, 0, -54.238142, -27.119071, 51.000000
1, 0, -54.238142, -27.119071, 51.000000
1, 0, -54.238142, -27.119071, 51.000000
1, 0, -54.238142, -27.119071, 51.000000
1, 0, -54.238142, -27.119071, 51.000000
1, 0, -54.238142, -27.119071, 51.000000
1, 0, -54.238142, -27.119071, 51.000000
1, 0, -54.238142, -27.119071, 51.000000
1, 0, -54.238142, -27.119071, 51.000000
1, 0, -54.238142, -27.119071, 51.000000
1, 0, -54.238142, -27.119071, 51.000000
1, 0, -54.238142, -27.119071, 51.000000
1, 0, -54.238142, -27.119071, 51.000000
1, 0, -54.238142, -27.119071, 51.000000
2, 0, -54.238142, -27.119071, 51.000000
2, 0, -54.238142, -27.119071, 51.000000
2, 0, -54.238142, -27.119071, 51.000000
2, 0, -54.238142, -27.119071, 51.000000
2, 0, -54.238142, -27.119071, 51.000000
2, 0, -54.238142, -27.119071, 51.000000
3, 0, 47.754649, 23.877324, 57.000000
2, 0, 47.754649, 23.877324, 57.000000
2, 0, 47.754649, 23.877324, 57.000000
2, 0, 47.754649, 23.877324, 57.000000
3, 0, 61.254031, 30.627016, 50.000000
3, 0, 60.408432, 30.204216, 50.000000
3, 0, 59.776562, 29.888281, 50.000000
3, 0, 58.403567, 29.201783, 50.000000
3, 0, 57.550530, 28.775265, 50.000000
3, 0, 57.018516, 28.509258, 50.000000
3, 0, 55.842570, 27.921285, 50.000000
3, 0, 55.842570, 27.921285, 50.000000
3, 0, 54.562718, 27.281359, 51.000000
3, 0, 54.021003, 27.010502, 51.000000
3, 0, 53.570902, 26.785451, 52.000000
3, 0, 52.464944, 26.232472, 53.000000
3, 0, 51.950293, 25.975146, 53.000000
3, 0, 51.580014, 25.790007, 53.000000
3, 0, 51.141954, 25.570977, 54.000000
3, 0, 50.373200, 25.186600, 55.000000
3, 0, 49.897422, 24.948711, 55.000000
3, 0, 49.456303, 24.728152, 55.000000
3, 0, 49.011455, 24.505727, 56.000000
3, 0, 48.276444, 24.138222, 56.000000
3, 0, 47.964322, 23.982161, 57.000000
3, 0, 47.730842, 23.865421, 57.000000
3, 0, 47.343200, 23.671600, 57.000000
3, 0, 46.638904, 23.319452, 58.000000
3, 0, 46.231406, 23.115703, 58.000000
3, 0, 45.797100, 22.898550, 59.000000
3, 0, 44.992697, 22.496349, 59.000000
3, 0, 45.093274, 22.546637, 59.000000
3, 0, 44.661460, 22.330730, 60.000000
3, 0, 44.180643, 22.090321, 60.000000
3, 0, 44.007005, 22.003502, 60.000000
3, 0, 42.836538, 21.418269, 61.000000
3, 0, 42.405241, 21.202620, 62.000000
3, 0, 41.814874, 20.907437, 62.000000
3, 0, 41.314343, 20.657172, 63.000000
3, 0, 40.224097, 20.112049, 64.000000
3, 0, 39.670643, 19.835322, 64.000000
3, 0, 39.165641, 19.582820, 65.000000
3, 0, 38.592818, 19.296409, 65.000000
3, 0, 37.515069, 18.757535, 66.000000
3, 0, 37.345429, 18.672715, 66.000000
3, 0, 36.652353, 18.326176, 67.000000
3, 0, 35.822253, 17.911126, 68.000000
3, 0, 34.296020, 17.148010, 69.000000
3, 0, 33.396422, 16.698211, 70.000000
3, 0, 32.512419, 16.256209, 70.000000
3, 0, 31.509778, 15.754889, 71.000000
3, 0, 30.802486, 15.401243, 72.000000
3, 0, 29.229987, 14.614994, 73.000000
3, 0, 28.257049, 14.128525, 74.000000
3, 0, 27.267765, 13.633882, 75.000000
3, 0, 25.815427, 12.907713, 76.000000
3, 0, 24.598812, 12.299406, 78.000000
3, 0, 24.073446, 12.036723, 78.000000
3, 0, 23.298858, 11.649429, 79.000000
3, 0, 21.936036, 10.968018, 80.000000
3, 0, 21.746604, 10.873302, 80.000000
3, 0, 20.660461, 10.330231, 81.000000
3, 0, 19.741565, 9.870783, 82.000000
3, 0, 18.987224, 9.493612, 83.000000
3, 0, 18.214698, 9.107349, 83.000000
3, 0, 17.680522, 8.840261, 84.000000
3, 0, 16.998157, 8.499079, 84.000000
4, 0, -169.414419, -84.707209, 50.000000
5, 0, -169.801022, -84.900511, 50.000000
5, 0, -170.320799, -85.160400, 50.000000
5, 0, -171.002923, -85.501461, 50.000000
5, 0, -171.054327, -85.527163, 50.000000
5, 0, -171.252739, -85.626370, 50.000000
5, 0, -171.075536, -85.537768, 50.000000
5, 0, -171.048390, -85.524195, 50.000000
5, 0, -172.152974, -86.076487, 50.000000
5, 0, -172.409653, -86.204827, 50.000000
5, 0, -172.821654, -86.410827, 50.000000
5, 0, -173.034705, -86.517353, 50.000000
5, 0, -173.489501, -86.744750, 50.000000
5, 0, -173.955413, -86.977706, 50.000000
5, 0, -174.394660, -87.197330, 50.000000
5, 0, 5.278556, 2.639278, 95.000000
5, 0, 4.707808, 2.353904, 95.000000
5, 0, 3.643826, 1.821913, 96.000000
5, 0, 3.280787, 1.640394, 97.000000
5, 0, 2.860024, 1.430012, 97.000000
5, 0, 2.492026, 1.246013, 97.000000
5, 0, 1.644261, 0.822130, 98.000000
5, 0, 1.085128, 0.542564, 99.000000
5, 0, 0.323523, 0.161762, 99.000000
5, 0, -0.639364, -0.319682, 99.000000
5, 0, -1.411083, -0.705542, 98.000000
5, 2, -2.018464, -1.009232, 59.000000
5, 2, -2.562701, -1.281351, 59.000000
5, 2, -4.177448, -2.088724, 59.000000
5, 2, -4.926886, -2.463443, 59.000000
5, 2, -5.456177, -2.728088, 59.000000
5, 2, -6.381854, -3.190927, 58.000000
5, 2, -7.261178, -3.630589, 58.000000
5, 2, -8.856262, -4.428131, 58.000000
5, 2, -9.857555, -4.928778, 58.000000
5, 2, -10.710422, -5.355211, 58.000000
5, 2, -12.838756, -6.419378, 57.000000
5, 2, -13.690274, -6.845137, 57.000000
5, 2, -14.719858, -7.359929, 57.000000
5, 2, -16.971539, -8.485769, 56.000000
5, 2, -18.305888, -9.152944, 56.000000
5, 2, -19.564624, -9.782312, 56.000000
5, 2, -20.752663, -10.376332, 56.000000
5, 2, -21.844466, -10.922233, 56.000000
5, 2, -23.043809, -11.521905, 55.000000
5, 2, -24.284985, -12.142492, 55.000000
5, 2, -25.087892, -12.543946, 55.000000
5, 2, -26.724525, -13.362263, 55.000000
5, 2, -27.941416, -13.970708, 55.000000
5, 2, -28.709222, -14.354611, 54.000000
5, 2, -29.433418, -14.716709, 54.000000
4, 2, 56.568945, 28.284473, 50.000000
4, 2, 56.799462, 28.399731, 50.000000
4, 2, 56.929538, 28.464769, 50.000000
4, 2, 57.257334, 28.628667, 50.000000
4, 2, 57.577548, 28.788774, 50.000000
4, 2, 57.671983, 28.835992, 50.000000
4, 2, 57.616911, 28.808455, 50.000000
4, 2, 57.558240, 28.779120, 50.000000
4, 2, 56.995150, 28.497575, 50.000000
4, 2, 56.845341, 28.422671, 50.000000
4, 2, 56.818345, 28.409173, 50.000000
4, 2, 56.830137, 28.415068, 50.000000
4, 2, 56.705662, 28.352831, 50.000000
4, 2, 56.995955, 28.497978, 50.000000
4, 2, 56.935205, 28.467602, 50.000000
4, 2, 56.811203, 28.405601, 50.000000
4, 2, 56.977662, 28.488831, 50.000000
4, 2, 57.135787, 28.567894, 50.000000
4, 2, 57.007897, 28.503949, 50.000000
4, 2, 57.139032, 28.569516, 50.000000
4, 2, 57.000668, 28.500334, 50.000000
4, 2, 57.085001, 28.542500, 50.000000
4, 2, 57.116630, 28.558315, 50.000000
4, 2, 57.062861, 28.531430, 50.000000
4, 2, 57.079712, 28.539856, 50.000000
4, 2, 57.133978, 28.566989, 50.000000
4, 2, 57.064639, 28.532319, 50.000000
4, 2, 56.971585, 28.485793, 50.000000
4, 2, 56.934004, 28.467002, 50.000000
4, 2, 56.931494, 28.465747, 50.000000
4, 2, 56.913746, 28.456873, 50.000000
4, 2, 57.068682, 28.534341, 50.000000
4, 2, 56.638894, 28.319447, 50.000000
4, 2, 56.920243, 28.460121, 50.000000
4, 2, 57.081343, 28.540671, 50.000000
4, 2, 56.873113, 28.436557, 50.000000
4, 2, 56.961818, 28.480909, 50.000000
4, 2, 56.916722, 28.458361, 50.000000
4, 2, 56.986634, 28.493317, 50.000000
4, 2, 57.054065, 28.527032, 50.000000
4, 2, 57.109982, 28.554991, 50.000000
4, 2, 57.104990, 28.552495, 50.000000
4, 2, 57.037008, 28.518504, 50.000000
4, 2, 57.022578, 28.511289, 50.000000
4, 2, 56.961267, 28.480633, 50.000000
4, 2, 56.967641, 28.483821, 50.000000
4, 2, 56.888726, 28.444363, 50.000000
4, 2, 56.767330, 28.383665, 50.000000
4, 2, 56.698796, 28.349398, 50.000000
4, 2, 56.745947, 28.372974, 50.000000
4, 2, 56.705119, 28.352560, 50.000000
4, 2, 56.719024, 28.359512, 50.000000
4, 2, 56.638665, 28.319333, 50.000000
4, 2, 56.450767, 28.225383, 50.000000
4, 2, 56.297301, 28.148651, 50.000000
4, 2, 56.222204, 28.111102, 50.000000
4, 2, 56.053885, 28.026942, 50.000000
4, 2, 55.978045, 27.989023, 50.000000
4, 2, 55.610374, 27.805187, 50.000000
4, 2, 55.638562, 27.819281, 50.000000
4, 2, 55.309807, 27.654904, 50.000000
4, 2, 54.873025, 27.436513, 50.000000
4, 2, 54.311266, 27.155633, 50.000000
4, 2, 54.201113, 27.100556, 50.000000
4, 2, 53.650043, 26.825022, 50.000000
4, 2, 52.809533, 26.404767, 50.000000
4, 2, 52.579143, 26.289571, 50.000000
4, 2, 52.197472, 26.098736, 50.000000
4, 2, 51.496497, 25.748248, 50.000000
4, 2, 50.231429, 25.115714, 51.000000
4, 2, 49.499547, 24.749774, 51.000000
4, 2, 49.059103, 24.529551, 51.000000
4, 2, 48.052222, 24.026111, 51.000000
4, 2, 47.163855, 23.581927, 51.000000
4, 2, 45.343383, 22.671692, 51.000000
4, 2, 44.447354, 22.223677, 52.000000
5, 2, 44.140222, 22.070111, 52.000000
5, 2, 43.507573, 21.753786, 52.000000
5, 2, 42.123111, 21.061556, 52.000000
5, 2, 40.589315, 20.294658, 52.000000
5, 2, 39.869609, 19.934805, 52.000000
5, 2, 37.379349, 18.689675, 53.000000
5, 2, 36.232448, 18.116224, 53.000000
5, 2, 33.747258, 16.873629, 53.000000
5, 2, 32.403635, 16.201818, 54.000000
5, 2, 30.992458, 15.496229, 54.000000
5, 2, 28.338796, 14.169398, 54.000000
5, 2, 27.280700, 13.640350, 55.000000
5, 2, 24.672839, 12.336419, 55.000000
5, 2, 23.182427, 11.591214, 55.000000
5, 2, 22.179079, 11.089540, 56.000000
5, 2, 20.743698, 10.371849, 56.000000
5, 2, 19.727814, 9.863907, 56.000000
5, 2, 18.076443, 9.038222, 56.000000
5, 0, 17.642344, 8.821172, 84.000000
5, 0, 17.330098, 8.665049, 84.000000
5, 0, 17.395232, 8.697616, 84.000000
5, 0, 17.395232, 8.697616, 84.000000
5, 0, 17.390034, 8.695017, 84.000000
5, 0, 17.395016, 8.697508, 84.000000
5, 0, 17.446812, 8.723406, 84.000000
5, 0, 17.525320, 8.762660, 84.000000
5, 0, 17.581693, 8.790847, 84.000000
5, 0, 17.523212, 8.761606, 84.000000
5, 0, 17.433663, 8.716831, 84.000000
5, 0, 17.435532, 8.717766, 84.000000
5, 0, 17.571147, 8.785573, 84.000000
5, 0, 17.445412, 8.722706, 84.000000
5, 0, 17.448084, 8.724042, 84.000000
5, 0, 17.434859, 8.717429, 84.000000
5, 0, 17.443447, 8.721724, 84.000000
5, 0, 17.381863, 8.690931, 84.000000
5, 0, 17.183493, 8.591746, 84.000000
5, 0, 17.255827, 8.627913, 84.000000
5, 0, 17.183045, 8.591522, 84.000000
5, 0, 17.253077, 8.626539, 84.000000
5, 0, 17.182151, 8.591075, 84.000000
5, 0, 17.182843, 8.591421, 84.000000
5, 0, 17.258633, 8.629316, 84.000000
5, 0, 17.177031, 8.588516, 84.000000
5, 0, 17.243897, 8.621949, 84.000000
5, 0, 17.254873, 8.627437, 84.000000
5, 0, 17.180977, 8.590489, 84.000000
5, 0, 17.253787, 8.626893, 84.000000
5, 0, 17.253295, 8.626647, 84.000000
5, 0, 17.255256, 8.627628, 84.000000
5, 0, 17.185412, 8.592706, 84.000000
5, 0, 17.132422, 8.566211, 84.000000
5, 0, 17.257188, 8.628594, 84.000000
5, 0, 17.257188, 8.628594, 84.000000
5, 0, 16.931671, 8.465835, 84.000000
5, 0, 16.930893, 8.465446, 84.000000
5, 0, 16.875875, 8.437937, 84.000000
5, 0, 16.875875, 8.437937, 84.000000
5, 0, 16.752382, 8.376191, 85.000000
5, 0, 16.680540, 8.340270, 85.000000
5, 0, 16.744926, 8.372463, 85.000000
5, 0, 16.753825, 8.376913, 85.000000
5, 0, 16.820694, 8.410347, 84.000000
5, 0, 16.755270, 8.377635, 85.000000
5, 0, 16.818120, 8.409060, 84.000000
5, 0, 16.820707, 8.410354, 84.000000
5, 0, 16.628585, 8.314293, 85.000000
5, 0, 16.557385, 8.278693, 85.000000
5, 0, 16.508884, 8.254442, 85.000000
5, 0, 16.508670, 8.254335, 85.000000
5, 0, 16.382333, 8.191166, 85.000000
5, 0, 16.198747, 8.099373, 85.000000
5, 0, 16.074036, 8.037018, 85.000000
5, 0, 15.697232, 7.848616, 85.000000
5, 0, 15.572685, 7.786342, 86.000000
5, 0, 15.387423, 7.693712, 86.000000
5, 0, 14.760721, 7.380361, 86.000000
5, 0, 14.640634, 7.320317, 86.000000
5, 0, 14.388615, 7.194308, 87.000000
5, 0, 14.137523, 7.068762, 87.000000
5, 0, 13.759124, 6.879562, 87.000000
5, 0, 12.750513, 6.375257, 88.000000
5, 0, 12.248673, 6.124337, 89.000000
5, 0, 11.795440, 5.897720, 89.000000
5, 0, 10.648569, 5.324284, 90.000000
5, 0, 10.648569, 5.324284, 90.000000
5, 0, 9.665422, 4.832711, 91.000000
5, 0, 9.085029, 4.542515, 91.000000
5, 0, 8.428940, 4.214470, 92.000000
5, 0, 8.428940, 4.214470, 92.000000
5, 0, 7.622567, 3.811284, 93.000000
5, 0, 7.339506, 3.669753, 93.000000
5, 0, 6.996185, 3.498093, 93.000000
5, 0, 6.799854, 3.399927, 93.000000
5, 0, 6.682881, 3.341441, 94.000000
5, 0, 6.459876, 3.229938, 94.000000
5, 0, 6.125519, 3.062760, 94.000000
5, 0, 5.458982, 2.729491, 95.000000
5, 0, 5.197290, 2.598645, 95.000000
5, 0, 4.604929, 2.302465, 95.000000
5, 0, 4.070219, 2.035109, 96.000000
5, 0, 2.710288, 1.355144, 97.000000
5, 0, 2.058712, 1.029356, 98.000000
5, 0, 1.479631, 0.739815, 98.000000
5, 0, 1.229463, 0.614731, 98.000000
5, 0, 1.292755, 0.646378, 98.000000
5, 0, 0.756532, 0.378266, 99.000000
5, 0, -0.283912, -0.141956, 99.000000
5, 0, -0.242313, -0.121157, 99.000000
5, 0, -0.080157, -0.040078, 99.000000
6, 0, 0.107452, 0.053726, 99.000000
6, 0, -0.215126, -0.107563, 99.000000
6, 0, -0.834708, -0.417354, 99.000000
6, 0, -0.834708, -0.417354, 99.000000
5, 0, -0.674907, -0.337453, 99.000000
6, 0, -0.817798, -0.408899, 99.000000
6, 0, -0.770167, -0.385084, 99.000000
6, 0, -0.512963, -0.256482, 99.000000
6, 0, -0.523011, -0.261505, 99.000000
6, 0, -0.512844, -0.256422, 99.000000
6, 0, -0.512844, -0.256422, 99.000000
6, 0, -0.625262, -0.312631, 99.000000
6, 0, -0.690307, -0.345153, 99.000000
6, 0, -0.625814, -0.312907, 99.000000
6, 0, -0.647109, -0.323555, 99.000000
6, 0, -0.657045, -0.328522, 99.000000
6, 0, -0.677906, -0.338953, 99.000000
6, 0, -0.626605, -0.313303, 99.000000
6, 0, -0.679222, -0.339611, 99.000000
6, 0, -0.691409, -0.345705, 99.000000
6, 0, -0.667233, -0.333616, 99.000000
6, 0, -0.633001, -0.316501, 99.000000
6, 0, -0.609553, -0.304777, 99.000000
6, 0, -0.687416, -0.343708, 99.000000
6, 0, -0.628617, -0.314308, 99.000000
6, 0, -0.638420, -0.319210, 99.000000
6, 0, -0.642257, -0.321128, 99.000000
6, 0, -0.543111, -0.271555, 99.000000
6, 0, -0.740120, -0.370060, 99.000000
6, 0, -0.665244, -0.332622, 99.000000
6, 0, -0.751171, -0.375585, 99.000000
6, 0, -0.548715, -0.274358, 99.000000
6, 0, -0.652627, -0.326314, 99.000000
6, 0, -0.676781, -0.338391, 99.000000
6, 0, -0.696670, -0.348335, 99.000000
6, 0, -0.662268, -0.331134, 99.000000
6, 0, -0.636992, -0.318496, 99.000000
6, 0, -0.694494, -0.347247, 99.000000
6, 0, -0.676698, -0.338349, 99.000000
6, 0, -0.656858, -0.328429, 99.000000
6, 0, -0.759931, -0.379965, 99.000000
6, 0, -0.689738, -0.344869, 99.000000
6, 0, -0.735032, -0.367516, 99.000000
6, 0, -0.618553, -0.309276, 99.000000
6, 0, -0.633662, -0.316831, 99.000000
6, 0, -0.722466, -0.361233, 99.000000
6, 0, -0.630952, -0.315476, 99.000000
6, 0, -0.644394, -0.322197, 99.000000
6, 0, -0.642703, -0.321351, 99.000000
6, 0, -0.686455, -0.343227, 99.000000
6, 0, -0.622406, -0.311203, 99.000000
6, 0, -0.702998, -0.351499, 99.000000
6, 0, -0.654976, -0.327488, 99.000000
6, 0, -0.636064, -0.318032, 99.000000
6, 0, -0.702846, -0.351423, 99.000000
6, 0, -0.639192, -0.319596, 99.000000
6, 0, -0.618561, -0.309281, 99.000000
6, 0, -0.684902, -0.342451, 99.000000
6, 0, -0.570291, -0.285146, 99.000000
6, 0, -0.738676, -0.369338, 99.000000
6, 0, -0.684441, -0.342221, 99.000000
6, 0, -0.574573, -0.287286, 99.000000
6, 0, -0.675282, -0.337641, 99.000000
6, 0, -0.734073, -0.367036, 99.000000
6, 0, -0.690510, -0.345255, 99.000000
6, 0, -0.633187, -0.316593, 99.000000
6, 0, -0.621288, -0.310644, 99.000000
6, 0, -0.680322, -0.340161, 99.000000
6, 0, -0.683493, -0.341747, 99.000000
6, 0, -0.687003, -0.343501, 99.000000
6, 0, -0.609560, -0.304780, 99.000000
6, 0, -0.751414, -0.375707, 99.000000
6, 0, -0.545933, -0.272967, 99.000000
6, 0, -0.623337, -0.311669, 99.000000
6, 0, -0.680624, -0.340312, 99.000000
6, 0, -0.717394, -0.358697, 99.000000
6, 0, -0.683293, -0.341647, 99.000000
6, 0, -0.682301, -0.341150, 99.000000
6, 0, -0.676664, -0.338332, 99.000000
6, 0, -0.695507, -0.347754, 99.000000
6, 0, -0.690277, -0.345138, 99.000000
6, 0, -0.739576, -0.369788, 99.000000
6, 0, -0.646851, -0.323426, 99.000000
6, 0, -0.698843, -0.349422, 99.000000
6, 0, -0.634342, -0.317171, 99.000000
6, 0, -0.646680, -0.323340, 99.000000
6, 0, -0.663124, -0.331562, 99.000000
6, 0, -0.620400, -0.310200, 99.000000
6, 0, -0.680791, -0.340396, 99.000000
6, 0, -0.685202, -0.342601, 99.000000
6, 0, -0.629543, -0.314771, 99.000000
6, 0, -0.719674, -0.359837, 99.000000
6, 0, -0.633906, -0.316953, 99.000000
6, 0, -0.692514, -0.346257, 99.000000
6, 0, -0.617496, -0.308748, 99.000000
6, 0, -0.674101, -0.337050, 99.000000
6, 0, -0.641918, -0.320959, 99.000000
6, 0, -0.630022, -0.315011, 99.000000
6, 0, -0.683776, -0.341888, 99.000000
6, 0, -0.654894, -0.327447, 99.000000
6, 0, -0.619676, -0.309838, 99.000000
6, 0, -0.728706, -0.364353, 99.000000
6, 0, -0.638513, -0.319256, 99.000000
6, 0, -0.684894, -0.342447, 99.000000
6, 0, -0.659185, -0.329593, 99.000000
6, 0, -0.633187, -0.316593, 99.000000
6, 0, -0.674286, -0.337143, 99.000000
6, 0, -0.674286, -0.337143, 99.000000
6, 0, -0.679993, -0.339996, 99.000000
6, 0, -0.642602, -0.321301, 99.000000
6, 0, -0.672769, -0.336384, 99.000000
6, 0, -0.650001, -0.325001, 99.000000
6, 0, -0.740085, -0.370042, 99.000000
6, 0, -0.621909, -0.310955, 99.000000
6, 0, -0.562620, -0.281310, 99.000000
6, 0, -0.632035, -0.316017, 99.000000
6, 0, -0.634888, -0.317444, 99.000000
6, 0, -0.689205, -0.344602, 99.000000
6, 0, -0.739572, -0.369786, 99.000000
6, 0, -0.618461, -0.309230, 99.000000
6, 0, -0.632585, -0.316292, 99.000000
6, 0, -0.733118, -0.366559, 99.000000
6, 0, -0.553707, -0.276853, 99.000000
6, 0, -0.685135, -0.342568, 99.000000
6, 0, -0.687236, -0.343618, 99.000000
6, 0, -0.623205, -0.311602, 99.000000
6, 0, -0.664978, -0.332489, 99.000000
6, 0, -0.681608, -0.340804, 99.000000
6, 0, -0.759825, -0.379913, 99.000000
6, 0, -0.658988, -0.329494, 99.000000
6, 0, -0.628844, -0.314422, 99.000000
6, 0, -0.638071, -0.319036, 99.000000
6, 0, -0.652463, -0.326231, 99.000000
6, 0, -0.622897, -0.311448, 99.000000
6, 0, -0.673488, -0.336744, 99.000000
6, 0, -0.643143, -0.321571, 99.000000
6, 0, -0.629088, -0.314544, 99.000000
6, 0, -0.688811, -0.344406, 99.000000
6, 0, -0.665995, -0.332997, 99.000000
6, 0, -0.638738, -0.319369, 99.000000
6, 0, -0.747688, -0.373844, 99.000000
6, 0, -0.649467, -0.324733, 99.000000
6, 0, -0.642119, -0.321060, 99.000000
6, 0, -0.637711, -0.318855, 99.000000
6, 0, -0.697237, -0.348618, 99.000000
6, 0, -0.660718, -0.330359, 99.000000
6, 0, -0.700631, -0.350316, 99.000000
6, 0, -0.677570, -0.338785, 99.000000
6, 0, -0.650294, -0.325147, 99.000000
6, 0, -0.647721, -0.323860, 99.000000
6, 0, -0.701138, -0.350569, 99.000000
6, 0, -0.686822, -0.343411, 99.000000
6, 0, -0.613815, -0.306907, 99.000000
6, 0, -0.680491, -0.340245, 99.000000
6, 0, -0.634145, -0.317073, 99.000000
6, 0, -0.693943, -0.346971, 99.000000
6, 0, -0.628976, -0.314488, 99.000000
6, 0, -0.634854, -0.317427, 99.000000
6, 0, -0.589898, -0.294949, 99.000000
6, 0, -0.704635, -0.352318, 99.000000
6, 0, -0.673633, -0.336817, 99.000000
6, 0, -0.632667, -0.316334, 99.000000
6, 0, -0.664729, -0.332364, 99.000000
6, 0, -0.685306, -0.342653, 99.000000
6, 0, -0.633639, -0.316820, 99.000000
6, 0, -0.724857, -0.362428, 99.000000
6, 0, -0.647628, -0.323814, 99.000000
6, 0, -0.644849, -0.322425, 99.000000
6, 0, -0.641440, -0.320720, 99.000000
6, 0, -0.668255, -0.334128, 99.000000
6, 0, -0.637556, -0.318778, 99.000000
6, 0, -0.635280, -0.317640, 99.000000
6, 0, -0.536821, -0.268411, 99.000000
6, 0, -0.648762, -0.324381, 99.000000
6, 0, -0.712217, -0.356109, 99.000000
6, 0, -0.630553, -0.315277, 99.000000
6, 0, -0.677188, -0.338594, 99.000000
6, 0, -0.633624, -0.316812, 99.000000
6, 0, -0.638436, -0.319218, 99.000000
6, 0, -0.645491, -0.322746, 99.000000
6, 0, -0.640168, -0.320084, 99.000000
6, 0, -0.690989, -0.345494, 99.000000
