5, 0, 14.562235, 4.854078, 83.000000
4, 0, -146.717462, -48.905821, 50.000000
6, 0, 14.561499, 4.853833, 83.000000
6, 0, 14.561499, 4.853833, 83.000000
4, 0, -146.574071, -48.858024, 50.000000
6, 0, 14.563882, 4.854627, 83.000000
6, 0, 14.559856, 4.853285, 83.000000
5, 0, 15.838071, 5.279357, 82.000000
5, 0, -134.102543, -44.700848, 50.000000
5, 0, -134.102543, -44.700848, 50.000000
6, 0, -133.739263, -44.579754, 50.000000
6, 0, 14.566409, 4.855470, 83.000000
6, 0, 14.566409, 4.855470, 83.000000
6, 0, 14.574330, 4.858110, 83.000000
6, 0, 14.614877, 4.871626, 83.000000
6, 0, 14.614877, 4.871626, 83.000000
7, 0, -133.914599, -44.638200, 50.000000
6, 0, -133.619180, -44.539727, 50.000000
6, 0, 14.622939, 4.874313, 83.000000
5, 0, 15.816946, 5.272315, 82.000000
5, 0, -134.008346, -44.669449, 50.000000
6, 0, 14.577413, 4.859138, 83.000000
6, 0, 14.577413, 4.859138, 83.000000
7, 0, -133.710570, -44.570190, 50.000000
6, 0, 14.698262, 4.899421, 83.000000
7, 0, -133.854298, -44.618099, 50.000000
6, 0, -134.006401, -44.668800, 50.000000
7, 0, -133.841585, -44.613862, 50.000000
7, 0, -133.751918, -44.583973, 50.000000
6, 0, -133.972545, -44.657515, 50.000000
7, 0, -133.857908, -44.619303, 50.000000
6, 0, -133.675671, -44.558557, 50.000000
7, 0, -133.961942, -44.653981, 50.000000
6, 0, -134.000320, -44.666773, 50.000000
6, 0, -134.106370, -44.702123, 50.000000
6, 0, -133.889844, -44.629948, 50.000000
6, 0, -133.859269, -44.619756, 50.000000
5, 0, -134.312828, -44.770943, 50.000000
5, 0, -134.027295, -44.675765, 50.000000
5, 0, -134.166844, -44.722281, 50.000000
5, 0, -134.011664, -44.670555, 50.000000
5, 0, -134.161972, -44.720657, 50.000000
5, 0, -134.092021, -44.697340, 50.000000
5, 0, -134.187097, -44.729032, 50.000000
5, 0, -134.199961, -44.733320, 50.000000
6, 0, -134.357025, -44.785675, 50.000000
6, 0, -134.188362, -44.729454, 50.000000
6, 0, -134.274332, -44.758111, 50.000000
6, 0, -134.417114, -44.805705, 50.000000
5, 0, -134.312958, -44.770986, 50.000000
6, 0, -134.098603, -44.699534, 50.000000
6, 0, -134.375366, -44.791789, 50.000000
6, 0, -134.200124, -44.733375, 50.000000
5, 0, -134.247474, -44.749158, 50.000000
7, 0, -134.155839, -44.718613, 50.000000
6, 0, -134.413751, -44.804584, 50.000000
6, 0, -134.136306, -44.712102, 50.000000
6, 0, -134.200055, -44.733352, 50.000000
6, 0, -134.313613, -44.771204, 50.000000
6, 0, -134.172871, -44.724290, 50.000000
6, 0, -134.158338, -44.719446, 50.000000
6, 0, -134.380389, -44.793463, 50.000000
6, 0, -134.120308, -44.706769, 50.000000
6, 0, -134.180868, -44.726956, 50.000000
6, 0, -134.151805, -44.717268, 50.000000
6, 0, -134.370578, -44.790193, 50.000000
6, 0, -134.110581, -44.703527, 50.000000
6, 0, -134.181730, -44.727243, 50.000000
6, 0, -134.214365, -44.738122, 50.000000
6, 0, -134.319126, -44.773042, 50.000000
6, 0, -134.192445, -44.730815, 50.000000
6, 0, -134.275464, -44.758488, 50.000000
6, 0, -134.431645, -44.810548, 50.000000
5, 0, -134.287694, -44.762565, 50.000000
6, 0, -134.374103, -44.791368, 50.000000
6, 0, -134.397007, -44.799002, 50.000000
6, 0, -134.171715, -44.723905, 50.000000
6, 0, -134.374960, -44.791653, 50.000000
6, 0, -134.346819, -44.782273, 50.000000
6, 0, -134.220787, -44.740262, 50.000000
6, 0, -134.400152, -44.800051, 50.000000
6, 0, -134.329464, -44.776488, 50.000000
6, 0, -134.173187, -44.724396, 50.000000
6, 0, -134.338950, -44.779650, 50.000000
6, 0, -134.216250, -44.738750, 50.000000
7, 0, -134.182422, -44.727474, 50.000000
6, 0, -134.339526, -44.779842, 50.000000
6, 0, -134.563656, -44.854552, 50.000000
6, 0, -134.296654, -44.765551, 50.000000
6, 0, -134.646310, -44.882103, 50.000000
6, 0, -134.590421, -44.863474, 50.000000
6, 0, -134.188670, -44.729557, 50.000000
6, 0, -134.512620, -44.837540, 50.000000
6, 0, -134.188184, -44.729395, 50.000000
6, 0, -134.195412, -44.731804, 50.000000
6, 0, -134.018656, -44.672885, 50.000000
6, 0, -134.140824, -44.713608, 50.000000
4, 0, -146.597137, -48.865712, 50.000000
4, 0, -146.690493, -48.896831, 50.000000
4, 0, -146.495352, -48.831784, 50.000000
4, 0, -146.796394, -48.932131, 50.000000
6, 0, 15.004792, 5.001597, 82.000000
6, 0, 15.097342, 5.032447, 82.000000
5, 0, 15.092289, 5.030763, 82.000000
4, 0, -146.625040, -48.875013, 50.000000
4, 0, -146.752505, -48.917502, 50.000000
4, 0, -146.738874, -48.912958, 50.000000
6, 0, -134.549360, -44.849787, 50.000000
6, 0, -134.366313, -44.788771, 50.000000
5, 0, 16.424243, 5.474748, 82.000000
5, 0, 16.420805, 5.473602, 82.000000
4, 0, -146.510720, -48.836907, 50.000000
4, 0, -146.471890, -48.823963, 50.000000
5, 0, 16.837952, 5.612651, 81.000000
5, 0, 16.873216, 5.624405, 81.000000
5, 0, 17.041362, 5.680454, 81.000000
5, 0, 17.125145, 5.708382, 81.000000
5, 0, 17.146089, 5.715363, 81.000000
4, 0, 17.242672, 5.747557, 81.000000
4, 0, -146.392534, -48.797511, 50.000000
5, 0, 17.526597, 5.842199, 81.000000
4, 0, -135.509904, -45.169968, 50.000000
3, 0, 7.815437, 2.605146, 86.000000
5, 0, -135.259805, -45.086602, 50.000000
4, 0, -135.414140, -45.138047, 50.000000
5, 0, -135.494900, -45.164967, 50.000000
5, 0, 17.396632, 5.798877, 81.000000
4, 0, -135.912649, -45.304216, 50.000000
5, 0, 17.979161, 5.993054, 81.000000
5, 0, 18.326329, 6.108776, 81.000000
4, 0, -136.465732, -45.488577, 50.000000
4, 0, -136.417758, -45.472586, 50.000000
5, 0, 19.306797, 6.435599, 80.000000
5, 0, 20.047662, 6.682554, 80.000000
5, 0, 20.568759, 6.856253, 80.000000
5, 0, 20.967962, 6.989321, 80.000000
6, 0, 21.748556, 7.249519, 79.000000
4, 0, 22.397345, 7.465782, 79.000000
6, 0, 22.871641, 7.623880, 79.000000
5, 0, 23.619986, 7.873329, 78.000000
5, 0, 24.376144, 8.125381, 78.000000
5, 0, -138.566759, -46.188920, 50.000000
3, 0, 19.211346, 6.403782, 80.000000
4, 0, 25.862092, 8.620697, 77.000000
4, 0, 26.458215, 8.819405, 77.000000
4, 0, -139.611011, -46.537004, 50.000000
5, 0, 28.053616, 9.351205, 76.000000
4, 0, -140.452663, -46.817554, 50.000000
4, 0, -140.884953, -46.961651, 50.000000
5, 0, 28.995345, 9.665115, 76.000000
5, 0, 29.424726, 9.808242, 75.000000
6, 0, 29.679923, 9.893308, 75.000000
5, 0, 29.836318, 9.945439, 75.000000
7, 0, 28.810382, 9.603461, 76.000000
7, 0, 28.967647, 9.655882, 76.000000
5, 0, 29.066924, 9.688975, 76.000000
6, 0, 29.496101, 9.832034, 75.000000
5, 0, 29.322141, 9.774047, 76.000000
4, 0, 29.387978, 9.795993, 76.000000
5, 0, 29.144406, 9.714802, 76.000000
5, 0, 29.221347, 9.740449, 76.000000
5, 0, 29.220909, 9.740303, 76.000000
5, 0, 29.169212, 9.723071, 76.000000
4, 0, 21.204787, 7.068262, 79.000000
4, 0, 21.193996, 7.064665, 79.000000
4, 0, 21.064441, 7.021480, 79.000000
4, 0, 21.092933, 7.030978, 79.000000
4, 0, 21.054576, 7.018192, 79.000000
4, 0, 20.902228, 6.967409, 80.000000
4, 0, 20.742703, 6.914234, 80.000000
4, 0, 20.742703, 6.914234, 80.000000
4, 0, 20.789529, 6.929843, 80.000000
4, 0, 20.953627, 6.984542, 80.000000
4, 0, 20.871497, 6.957166, 80.000000
4, 0, 20.921294, 6.973765, 80.000000
4, 0, 20.715344, 6.905115, 80.000000
4, 0, 20.885414, 6.961805, 80.000000
4, 0, 21.077650, 7.025883, 79.000000
4, 0, 21.267173, 7.089058, 79.000000
4, 0, 21.567403, 7.189134, 79.000000
4, 0, 21.566594, 7.188865, 79.000000
4, 0, 22.060189, 7.353396, 79.000000
4, 0, 22.175074, 7.391691, 79.000000
4, 0, 22.132463, 7.377488, 79.000000
4, 0, 22.308073, 7.436024, 79.000000
4, 0, 22.698885, 7.566295, 79.000000
4, 0, 23.232337, 7.744112, 78.000000
4, 0, 23.554650, 7.851550, 78.000000
4, 0, 24.001104, 8.000368, 78.000000
4, 0, 24.165461, 8.055154, 78.000000
4, 0, 15.696800, 5.232267, 82.000000
4, 0, 15.493238, 5.164413, 82.000000
4, 0, 15.499420, 5.166473, 82.000000
4, 0, 15.402561, 5.134187, 82.000000
4, 0, 15.387358, 5.129119, 82.000000
4, 0, 15.070279, 5.023426, 82.000000
4, 0, 14.893591, 4.964530, 82.000000
4, 0, 14.966208, 4.988736, 82.000000
4, 0, 14.393880, 4.797960, 83.000000
3, 0, 18.667029, 6.222343, 81.000000
4, 0, 14.340213, 4.780071, 83.000000
3, 0, 19.514918, 6.504973, 80.000000
3, 0, 19.502578, 6.500859, 80.000000
4, 0, 14.284880, 4.761627, 83.000000
4, 0, 14.111449, 4.703816, 83.000000
4, 0, 14.152539, 4.717513, 83.000000
4, 0, 14.124036, 4.708012, 83.000000
4, 0, 13.895536, 4.631845, 83.000000
4, 0, 13.867119, 4.622373, 83.000000
4, 0, 13.414762, 4.471587, 83.000000
4, 0, 13.229093, 4.409698, 83.000000
4, 0, 13.303788, 4.434596, 83.000000
4, 0, 13.415623, 4.471874, 83.000000
4, 0, 13.569556, 4.523185, 83.000000
4, 0, 13.304549, 4.434850, 83.000000
4, 0, 13.323096, 4.441032, 83.000000
4, 0, 13.707980, 4.569327, 83.000000
4, 0, 13.257040, 4.419013, 83.000000
4, 0, 13.436810, 4.478937, 83.000000
4, 0, 13.598693, 4.532898, 83.000000
4, 0, 13.393757, 4.464586, 83.000000
4, 0, 13.331598, 4.443866, 83.000000
6, 0, 13.432866, 4.477622, 83.000000
6, 0, 13.432866, 4.477622, 83.000000
6, 0, 13.512043, 4.504014, 83.000000
4, 0, 10.130824, 3.376941, 85.000000
4, 0, 9.948473, 3.316158, 85.000000
4, 0, 9.917978, 3.305993, 85.000000
3, 0, -5.617461, -1.872487, 87.000000
3, 0, -5.786542, -1.928847, 87.000000
4, 0, -11.469743, -3.823248, 84.000000
3, 0, -6.918589, -2.306196, 86.000000
3, 0, -8.041530, -2.680510, 86.000000
3, 0, -8.387416, -2.795805, 86.000000
3, 0, -8.491704, -2.830568, 85.000000
4, 0, -14.837413, -4.945804, 82.000000
5, 0, -14.712907, -4.904302, 82.000000
5, 0, -14.674894, -4.891631, 83.000000
4, 0, -14.610518, -4.870173, 83.000000
4, 0, -14.348281, -4.782760, 83.000000
4, 0, -15.530831, -5.176944, 82.000000
4, 0, -15.460705, -5.153568, 82.000000
3, 0, -9.789847, -3.263282, 85.000000
3, 0, -9.266303, -3.088768, 85.000000
4, 0, -14.782747, -4.927582, 82.000000
4, 0, -17.204328, -5.734776, 81.000000
6, 0, -14.718223, -4.906074, 82.000000
6, 0, -14.477267, -4.825756, 83.000000
5, 0, -14.293190, -4.764397, 83.000000
6, 0, -14.221142, -4.740381, 83.000000
7, 0, -13.976726, -4.658909, 83.000000
6, 0, -14.193191, -4.731064, 83.000000
7, 0, -14.783872, -4.927957, 82.000000
6, 0, -14.874126, -4.958042, 82.000000
5, 0, -14.952772, -4.984257, 82.000000
5, 0, -14.323687, -4.774562, 83.000000
6, 0, -0.617123, -0.205708, 89.000000
5, 0, -0.067443, -0.022481, 89.000000
5, 0, -0.045832, -0.015277, 89.000000
5, 0, 0.227893, 0.075964, 89.000000
4, 0, 0.528267, 0.176089, 89.000000
4, 0, 1.147782, 0.382594, 89.000000
4, 0, 1.706756, 0.568919, 89.000000
5, 0, 2.193778, 0.731259, 88.000000
5, 0, 2.492182, 0.830727, 88.000000
5, 0, 2.638840, 0.879613, 88.000000
4, 0, -9.165141, -3.055047, 85.000000
4, 0, -9.083617, -3.027872, 85.000000
4, 0, -10.381996, -3.460665, 85.000000
5, 0, -10.267497, -3.422499, 85.000000
4, 0, -10.756789, -3.585596, 84.000000
5, 0, -10.609186, -3.536395, 84.000000
4, 0, -11.276349, -3.758783, 84.000000
5, 0, -11.087229, -3.695743, 84.000000
4, 0, -11.216014, -3.738671, 84.000000
4, 0, -11.012440, -3.670813, 84.000000
4, 0, -10.537478, -3.512493, 84.000000
4, 0, -10.412715, -3.470905, 85.000000
4, 0, -10.731549, -3.577183, 84.000000
4, 0, -10.723171, -3.574390, 84.000000
4, 0, -10.322600, -3.440867, 85.000000
5, 0, -9.659445, -3.219815, 85.000000
5, 0, -9.045942, -3.015314, 85.000000
5, 0, -8.470500, -2.823500, 85.000000
4, 0, -9.795670, -3.265223, 85.000000
4, 0, -9.964998, -3.321666, 85.000000
4, 0, -9.891710, -3.297237, 85.000000
5, 0, -9.770386, -3.256795, 85.000000
5, 0, -9.074450, -3.024817, 85.000000
4, 0, 73.882322, 24.627441, 54.000000
4, 0, 73.530171, 24.510057, 54.000000
4, 0, 74.132656, 24.710885, 54.000000
4, 0, 74.406612, 24.802204, 54.000000
5, 0, -25.852816, -8.617605, 77.000000
4, 0, -4.508140, -1.502713, 87.000000
4, 0, -4.258399, -1.419466, 87.000000
4, 0, -4.500485, -1.500162, 87.000000
4, 0, -4.859139, -1.619713, 87.000000
4, 0, -5.300348, -1.766783, 87.000000
5, 0, -5.786110, -1.928703, 87.000000
4, 0, -6.095470, -2.031823, 87.000000
4, 0, -5.913179, -1.971060, 87.000000
4, 0, -5.890873, -1.963624, 87.000000
4, 0, -5.737644, -1.912548, 87.000000
6, 0, -5.280212, -1.760071, 87.000000
5, 0, -5.263606, -1.754535, 87.000000
5, 0, -6.413671, -2.137890, 86.000000
5, 0, -6.206185, -2.068728, 87.000000
5, 0, -6.327267, -2.109089, 86.000000
5, 0, -6.257244, -2.085748, 87.000000
5, 0, -6.435149, -2.145050, 86.000000
5, 0, -6.445020, -2.148340, 86.000000
6, 0, -7.046852, -2.348951, 86.000000
5, 0, -6.756635, -2.252212, 86.000000
5, 0, -6.747211, -2.249070, 86.000000
5, 0, -6.683826, -2.227942, 86.000000
5, 0, -6.471558, -2.157186, 86.000000
6, 0, -6.178568, -2.059523, 87.000000
5, 0, -5.885073, -1.961691, 87.000000
6, 0, -6.812664, -2.270888, 86.000000
6, 0, -6.610881, -2.203627, 86.000000
6, 0, -6.153997, -2.051332, 87.000000
5, 0, -5.734032, -1.911344, 87.000000
5, 0, -5.459088, -1.819696, 87.000000
5, 0, -6.971298, -2.323766, 86.000000
4, 0, -23.382852, -7.794284, 78.000000
4, 0, -24.119509, -8.039836, 78.000000
4, 0, -24.736837, -8.245612, 78.000000
4, 0, -25.593154, -8.531051, 77.000000
4, 0, -7.030164, -2.343388, 86.000000
4, 0, -6.490196, -2.163399, 86.000000
4, 0, -6.459742, -2.153247, 86.000000
3, 0, -20.299002, -6.766334, 80.000000
5, 0, -2.105877, -0.701959, 88.000000
5, 0, -1.862514, -0.620838, 89.000000
5, 0, -1.353493, -0.451164, 89.000000
4, 0, 2.254394, 0.751465, 88.000000
4, 0, 3.039392, 1.013131, 88.000000
4, 0, 3.908613, 1.302871, 88.000000
4, 0, 4.570100, 1.523367, 87.000000
4, 0, 3.318984, 1.106328, 88.000000
4, 0, 3.396833, 1.132278, 88.000000
5, 0, -2.963392, -0.987797, 88.000000
5, 0, -2.964065, -0.988022, 88.000000
5, 0, -13.149276, -4.383092, 83.000000
6, 0, -14.365054, -4.788351, 83.000000
5, 0, -14.861174, -4.953725, 82.000000
5, 0, -17.317217, -5.772406, 81.000000
6, 0, -17.818566, -5.939522, 81.000000
5, 0, -20.767798, -6.922599, 80.000000
4, 0, -42.607240, -14.202413, 69.000000
5, 0, -43.525205, -14.508402, 69.000000
5, 0, -44.165463, -14.721821, 68.000000
3, 0, -27.224308, -9.074769, 77.000000
2, 0, -27.224308, -9.074769, 77.000000
2, 0, -27.224308, -9.074769, 77.000000
2, 0, -27.224308, -9.074769, 77.000000
2, 0, -27.224308, -9.074769, 77.000000
2, 0, -27.224308, -9.074769, 77.000000
2, 0, -27.224308, -9.074769, 77.000000
2, 0, -27.224308, -9.074769, 77.000000
3, 0, -52.143157, -17.381052, 65.000000
2, 0, -52.143157, -17.381052, 65.000000
4, 1, -134.575522, -44.858507, 50.000000
4, 1, -130.607047, -43.535682, 50.000000
5, 1, -47.842801, -15.947600, 67.000000
5, 1, -49.061378, -16.353793, 66.000000
5, 0, -49.796069, -16.598690, 66.000000
5, 0, -50.903707, -16.967902, 65.000000
5, 0, -51.792251, -17.264084, 65.000000
4, 0, -27.141910, -9.047303, 77.000000
4, 0, -26.120956, -8.706985, 77.000000
4, 0, -25.532171, -8.510724, 77.000000
5, 0, -54.926839, -18.308946, 63.000000
5, 0, -56.989282, -18.996427, 62.000000
5, 0, -58.134537, -19.378179, 62.000000
6, 0, -59.186405, -19.728802, 61.000000
5, 0, -60.292114, -20.097371, 61.000000
4, 0, -60.641740, -20.213913, 61.000000
3, 0, -41.613102, -13.871034, 70.000000
3, 0, -41.576591, -13.858864, 70.000000
3, 0, -39.527445, -13.175815, 71.000000
3, 0, -38.469829, -12.823276, 71.000000
3, 0, -38.006496, -12.668832, 71.000000
3, 0, -37.578498, -12.526166, 72.000000
3, 0, -36.834463, -12.278154, 72.000000
3, 0, -35.792931, -11.930977, 72.000000
2, 1, -35.792931, -11.930977, 50.000000
2, 1, -35.792931, -11.930977, 50.000000
2, 1, -35.792931, -11.930977, 50.000000
2, 1, -35.792931, -11.930977, 50.000000
2, 1, -35.792931, -11.930977, 50.000000
2, 1, -35.792931, -11.930977, 50.000000
2, 1, -35.792931, -11.930977, 50.000000
3, 1, -63.998202, -21.332734, 50.000000
2, 1, -63.998202, -21.332734, 50.000000
2, 1, -63.998202, -21.332734, 50.000000
3, 1, -64.263931, -21.421310, 50.000000
3, 1, -64.510665, -21.503555, 50.000000
3, 1, -27.994847, -9.331616, 50.000000
4, 1, -55.691476, -18.563825, 63.000000
3, 1, -24.255033, -8.085011, 50.000000
4, 1, -53.212091, -17.737364, 64.000000
5, 1, -52.438464, -17.479488, 65.000000
5, 1, -51.678685, -17.226228, 65.000000
5, 1, -51.087138, -17.029046, 65.000000
4, 1, -49.135828, -16.378609, 66.000000
4, 1, -47.684068, -15.894689, 67.000000
4, 1, -46.417891, -15.472630, 67.000000
4, 1, -45.166367, -15.055456, 68.000000
4, 1, -43.883769, -14.627923, 69.000000
4, 1, -41.516122, -13.838707, 70.000000
4, 1, -41.516122, -13.838707, 70.000000
4, 0, -39.188083, -13.062694, 71.000000
4, 0, -39.391255, -13.130418, 71.000000
4, 0, -39.232324, -13.077441, 71.000000
4, 0, -36.125443, -12.041814, 72.000000
4, 1, -36.369989, -12.123330, 72.000000
4, 1, -37.772427, -12.590809, 72.000000
4, 1, -38.126955, -12.708985, 71.000000
4, 1, -37.384898, -12.461633, 72.000000
4, 1, -38.441680, -12.813893, 71.000000
4, 0, -38.408403, -12.802801, 71.000000
4, 0, -18.108751, -6.036250, 81.000000
3, 0, -28.718199, -9.572733, 76.000000
3, 0, -28.476915, -9.492305, 76.000000
3, 0, -28.325118, -9.441706, 76.000000
3, 0, -28.945652, -9.648551, 76.000000
3, 0, -29.136877, -9.712292, 76.000000
4, 0, -11.769818, -3.923273, 84.000000
5, 0, -10.828706, -3.609569, 84.000000
5, 0, -10.974338, -3.658113, 84.000000
5, 0, -10.903234, -3.634411, 84.000000
4, 0, -8.787109, -2.929036, 85.000000
5, 0, -9.177204, -3.059068, 85.000000
5, 0, -8.714422, -2.904807, 85.000000
5, 0, -8.696177, -2.898726, 85.000000
5, 0, -9.199861, -3.066620, 85.000000
4, 0, -4.390537, -1.463512, 87.000000
4, 0, -3.617523, -1.205841, 88.000000
3, 0, 0.927774, 0.309258, 89.000000
3, 0, 1.987012, 0.662337, 89.000000
3, 0, 2.239477, 0.746492, 88.000000
3, 0, 2.436537, 0.812179, 88.000000
3, 0, 2.456217, 0.818739, 88.000000
3, 0, 2.491162, 0.830387, 88.000000
3, 0, 2.430177, 0.810059, 88.000000
3, 0, 2.208025, 0.736008, 88.000000
3, 0, 2.780483, 0.926828, 88.000000
3, 0, 2.553126, 0.851042, 88.000000
3, 0, 2.398579, 0.799526, 88.000000
3, 0, 2.759281, 0.919760, 88.000000
4, 0, 3.931262, 1.310421, 88.000000
3, 0, 3.823792, 1.274597, 88.000000
3, 0, 3.474639, 1.158213, 88.000000
4, 0, 3.968345, 1.322782, 88.000000
3, 0, 4.445372, 1.481791, 87.000000
3, 0, 4.407001, 1.469000, 87.000000
3, 0, 4.543290, 1.514430, 87.000000
4, 0, 4.495236, 1.498412, 87.000000
3, 0, 5.553560, 1.851187, 87.000000
3, 0, 6.144425, 2.048142, 87.000000
4, 0, 4.945266, 1.648422, 87.000000
4, 0, 6.695956, 2.231985, 86.000000
4, 0, 6.437015, 2.145672, 86.000000
5, 0, 5.791140, 1.930380, 87.000000
5, 0, 6.123366, 2.041122, 87.000000
6, 0, -14.927921, -4.975974, 82.000000
4, 0, -15.343486, -5.114495, 82.000000
4, 0, -6.065366, -2.021789, 87.000000
4, 0, -6.386936, -2.128979, 86.000000
3, 0, -12.716638, -4.238879, 83.000000
3, 0, -13.205475, -4.401825, 83.000000
3, 0, -13.442717, -4.480906, 83.000000
3, 0, -13.508727, -4.502909, 83.000000
3, 0, -13.511850, -4.503950, 83.000000
3, 0, -13.637575, -4.545858, 83.000000
3, 0, -13.900456, -4.633485, 83.000000
4, 0, -6.422462, -2.140821, 86.000000
4, 0, -5.964207, -1.988069, 87.000000
4, 0, -5.232395, -1.744132, 87.000000
4, 0, -5.019921, -1.673307, 87.000000
4, 0, -4.702593, -1.567531, 87.000000
4, 0, -3.784643, -1.261548, 88.000000
4, 0, -3.695623, -1.231874, 88.000000
4, 0, -3.650068, -1.216689, 88.000000
4, 0, -3.691633, -1.230544, 88.000000
4, 0, -3.443952, -1.147984, 88.000000
4, 0, -3.307514, -1.102505, 88.000000
4, 0, -2.682085, -0.894028, 88.000000
4, 0, -3.174832, -1.058277, 88.000000
5, 0, -8.057447, -2.685816, 86.000000
5, 0, -4.172814, -1.390938, 88.000000
5, 0, -8.637042, -2.879014, 85.000000
5, 0, -8.617925, -2.872642, 85.000000
5, 0, -9.273167, -3.091056, 85.000000
6, 0, -9.311648, -3.103883, 85.000000
6, 0, -10.791960, -3.597320, 84.000000
4, 0, 128.412161, 42.804054, 50.000000
4, 0, -12.510495, -4.170165, 84.000000
4, 0, -12.628643, -4.209548, 83.000000
4, 0, -12.731896, -4.243965, 83.000000
3, 0, 22.910754, 7.636918, 79.000000
4, 0, -13.154207, -4.384736, 83.000000
4, 0, -13.449192, -4.483064, 83.000000
4, 0, -13.924672, -4.641557, 83.000000
4, 0, -14.619079, -4.873026, 83.000000
4, 0, -15.088031, -5.029344, 82.000000
4, 0, -14.952692, -4.984231, 82.000000
4, 0, -15.220858, -5.073619, 82.000000
4, 0, -14.902984, -4.967661, 82.000000
4, 0, -14.713571, -4.904524, 82.000000
4, 0, -15.845635, -5.281878, 82.000000
4, 0, -14.046257, -4.682086, 83.000000
4, 0, -16.828543, -5.609514, 81.000000
4, 0, -16.466964, -5.488988, 82.000000
4, 0, -15.765663, -5.255221, 82.000000
4, 0, -16.392299, -5.464100, 82.000000
4, 0, -16.010087, -5.336696, 82.000000
5, 0, -16.906380, -5.635460, 81.000000
5, 0, -28.354796, -9.451599, 76.000000
5, 0, -28.975159, -9.658386, 76.000000
5, 0, -30.014285, -10.004762, 75.000000
5, 0, -32.375294, -10.791765, 74.000000
6, 0, -33.445665, -11.148555, 74.000000
6, 0, -34.926733, -11.642244, 73.000000
4, 0, 75.469841, 25.156614, 54.000000
4, 0, 99.950175, 33.316725, 50.000000
4, 0, -176.409216, -58.803072, 50.000000
4, 0, -176.228898, -58.742966, 50.000000
4, 0, -178.152744, -59.384248, 50.000000
4, 0, -178.219688, -59.406563, 50.000000
3, 0, 21.324736, 7.108245, 79.000000
3, 0, 22.009042, 7.336347, 79.000000
3, 0, 22.585441, 7.528480, 79.000000
4, 0, -1.928382, -0.642794, 89.000000
3, 0, 23.359105, 7.786368, 78.000000
3, 1, 24.101949, 8.033983, 50.000000
3, 1, 26.184366, 8.728122, 50.000000
4, 1, -4.070531, -1.356844, 88.000000
5, 1, -6.664871, -2.221624, 86.000000
4, 1, -5.844149, -1.948050, 87.000000
4, 1, -7.184566, -2.394855, 86.000000
5, 1, -8.115291, -2.705097, 86.000000
5, 1, -9.722294, -3.240765, 85.000000
6, 1, 2.207061, 0.735687, 88.000000
4, 1, -11.552999, -3.851000, 84.000000
5, 0, -0.268821, -0.089607, 89.000000
5, 0, -0.268821, -0.089607, 89.000000
4, 0, -14.679046, -4.893015, 83.000000
5, 0, -0.495493, -0.165164, 89.000000
4, 0, -0.614597, -0.204866, 89.000000
5, 0, -0.125599, -0.041866, 89.000000
5, 0, -0.179334, -0.059778, 89.000000
5, 0, 0.364885, 0.121628, 89.000000
5, 0, 0.087388, 0.029129, 89.000000
5, 0, 1.914996, 0.638332, 89.000000
5, 0, 2.874313, 0.958104, 88.000000
5, 0, 3.394180, 1.131393, 88.000000
5, 0, 3.601456, 1.200485, 88.000000
5, 0, 4.212110, 1.404037, 87.000000
4, 0, 4.954791, 1.651597, 87.000000
4, 0, 4.824739, 1.608246, 87.000000
4, 0, 4.511055, 1.503685, 87.000000
5, 0, 4.545395, 1.515132, 87.000000
5, 0, 4.545106, 1.515035, 87.000000
5, 0, 3.607225, 1.202408, 88.000000
5, 0, 3.697841, 1.232614, 88.000000
5, 0, 3.353021, 1.117674, 88.000000
5, 0, 3.345973, 1.115324, 88.000000
4, 0, 2.973846, 0.991282, 88.000000
5, 0, 1.690039, 0.563346, 89.000000
4, 0, -0.231756, -0.077252, 89.000000
4, 0, -0.589259, -0.196420, 89.000000
4, 0, -0.863591, -0.287864, 89.000000
4, 0, -1.876831, -0.625610, 89.000000
3, 0, -35.198736, -11.732912, 73.000000
3, 0, -35.120803, -11.706934, 73.000000
3, 0, -46.777517, -15.592506, 67.000000
3, 0, -47.455173, -15.818391, 67.000000
3, 0, -49.042282, -16.347427, 66.000000
2, 0, -49.042282, -16.347427, 66.000000
2, 0, -49.042282, -16.347427, 66.000000
2, 0, -49.042282, -16.347427, 66.000000
2, 0, -49.042282, -16.347427, 66.000000
1, 0, -49.042282, -16.347427, 66.000000
2, 0, -49.042282, -16.347427, 66.000000
1, 0, -49.042282, -16.347427, 66.000000
1, 0, -49.042282, -16.347427, 66.000000
1, 0, -49.042282, -16.347427, 66.000000
2, 0, -49.042282, -16.347427, 66.000000
2, 0, -49.042282, -16.347427, 66.000000
2, 0, -49.042282, -16.347427, 66.000000
2, 0, -49.042282, -16.347427, 66.000000
3, 0, 3.618377, 1.206126, 88.000000
2, 0, 3.618377, 1.206126, 88.000000
1, 0, 3.618377, 1.206126, 88.000000
2, 0, 3.618377, 1.206126, 88.000000
3, 0, 8.315631, 2.771877, 86.000000
1, 0, 8.315631, 2.771877, 86.000000
1, 0, 8.315631, 2.771877, 86.000000
2, 0, 8.315631, 2.771877, 86.000000
2, 0, 8.315631, 2.771877, 86.000000
1, 0, 8.315631, 2.771877, 86.000000
1, 0, 8.315631, 2.771877, 86.000000
1, 0, 8.315631, 2.771877, 86.000000
1, 0, 8.315631, 2.771877, 86.000000
1, 0, 8.315631, 2.771877, 86.000000
1, 0, 8.315631, 2.771877, 86.000000
1, 0, 8.315631, 2.771877, 86.000000
1, 0, 8.315631, 2.771877, 86.000000
1, 0, 8.315631, 2.771877, 86.000000
1, 0, 8.315631, 2.771877, 86.000000
1, 0, 8.315631, 2.771877, 86.000000
1, 0, 8.315631, 2.771877, 86.000000
1, 0, 8.315631, 2.771877, 86.000000
1, 0, 8.315631, 2.771877, 86.000000
1, 0, 8.315631, 2.771877, 86.000000
1, 0, 8.315631, 2.771877, 86.000000
1, 0, 8.315631, 2.771877, 86.000000
1, 0, 8.315631, 2.771877, 86.000000
1, 0, 8.315631, 2.771877, 86.000000
1, 0, 8.315631, 2.771877, 86.000000
1, 0, 8.315631, 2.771877, 86.000000
1, 0, 8.315631, 2.771877, 86.000000
1, 0, 8.315631, 2.771877, 86.000000
1, 0, 8.315631, 2.771877, 86.000000
1, 0, 8.315631, 2.771877, 86.000000
1, 0, 8.315631, 2.771877, 86.000000
1, 0, 8.315631, 2.771877, 86.000000
1, 0, 8.315631, 2.771877, 86.000000
1, 0, 8.315631, 2.771877, 86.000000
1, 0, 8.315631, 2.771877, 86.000000
1, 0, 8.315631, 2.771877, 86.000000
1, 0, 8.315631, 2.771877, 86.000000
1, 0, 8.315631, 2.771877, 86.000000
1, 0, 8.315631, 2.771877, 86.000000
1, 0, 8.315631, 2.771877, 86.000000
1, 0, 8.315631, 2.771877, 86.000000
1, 0, 8.315631, 2.771877, 86.000000
1, 0, 8.315631, 2.771877, 86.000000
1, 0, 8.315631, 2.771877, 86.000000
1, 0, 8.315631, 2.771877, 86.000000
1, 0, 8.315631, 2.771877, 86.000000
1, 0, 8.315631, 2.771877, 86.000000
1, 0, 8.315631, 2.771877, 86.000000
1, 0, 8.315631, 2.771877, 86.000000
1, 0, 8.315631, 2.771877, 86.000000
1, 0, 8.315631, 2.771877, 86.000000
1, 0, 8.315631, 2.771877, 86.000000
1, 0, 8.315631, 2.771877, 86.000000
1, 0, 8.315631, 2.771877, 86.000000
1, 0, 8.315631, 2.771877, 86.000000
1, 0, 8.315631, 2.771877, 86.000000
1, 0, 8.315631, 2.771877, 86.000000
1, 0, 8.315631, 2.771877, 86.000000
1, 0, 8.315631, 2.771877, 86.000000
2, 0, 8.315631, 2.771877, 86.000000
2, 0, 8.315631, 2.771877, 86.000000
2, 0, 8.315631, 2.771877, 86.000000
2, 0, 8.315631, 2.771877, 86.000000
2, 0, 8.315631, 2.771877, 86.000000
2, 0, 8.315631, 2.771877, 86.000000
2, 0, 8.315631, 2.771877, 86.000000
2, 0, 8.315631, 2.771877, 86.000000
2, 0, 8.315631, 2.771877, 86.000000
2, 0, 8.315631, 2.771877, 86.000000
2, 0, 8.315631, 2.771877, 86.000000
2, 0, 8.315631, 2.771877, 86.000000
2, 0, 8.315631, 2.771877, 86.000000
2, 0, 8.315631, 2.771877, 86.000000
2, 0, 8.315631, 2.771877, 86.000000
2, 0, 8.315631, 2.771877, 86.000000
2, 0, 8.315631, 2.771877, 86.000000
2, 0, 8.315631, 2.771877, 86.000000
2, 0, 8.315631, 2.771877, 86.000000
2, 0, 8.315631, 2.771877, 86.000000
2, 0, 8.315631, 2.771877, 86.000000
2, 0, 8.315631, 2.771877, 86.000000
2, 0, 8.315631, 2.771877, 86.000000
2, 0, 8.315631, 2.771877, 86.000000
2, 0, 8.315631, 2.771877, 86.000000
2, 0, 8.315631, 2.771877, 86.000000
2, 0, 8.315631, 2.771877, 86.000000
2, 0, 8.315631, 2.771877, 86.000000
2, 0, 8.315631, 2.771877, 86.000000
2, 0, 8.315631, 2.771877, 86.000000
2, 0, 8.315631, 2.771877, 86.000000
2, 0, 8.315631, 2.771877, 86.000000
2, 0, 8.315631, 2.771877, 86.000000
2, 0, 8.315631, 2.771877, 86.000000
2, 0, 8.315631, 2.771877, 86.000000
2, 0, 8.315631, 2.771877, 86.000000
2, 0, 8.315631, 2.771877, 86.000000
2, 0, 8.315631, 2.771877, 86.000000
2, 0, 8.315631, 2.771877, 86.000000
2, 0, 8.315631, 2.771877, 86.000000
2, 0, 8.315631, 2.771877, 86.000000
2, 0, 8.315631, 2.771877, 86.000000
2, 0, 8.315631, 2.771877, 86.000000
2, 0, 8.315631, 2.771877, 86.000000
2, 0, 8.315631, 2.771877, 86.000000
2, 0, 8.315631, 2.771877, 86.000000
2, 0, 8.315631, 2.771877, 86.000000
2, 0, 8.315631, 2.771877, 86.000000
2, 0, 8.315631, 2.771877, 86.000000
2, 0, 8.315631, 2.771877, 86.000000
2, 0, 8.315631, 2.771877, 86.000000
2, 0, 8.315631, 2.771877, 86.000000
2, 0, 8.315631, 2.771877, 86.000000
2, 0, 8.315631, 2.771877, 86.000000
3, 0, 16.287141, 5.429047, 82.000000
3, 0, 15.560514, 5.186838, 82.000000
3, 0, 15.046252, 5.015417, 82.000000
3, 0, 13.998774, 4.666258, 83.000000
3, 0, 13.491524, 4.497175, 83.000000
3, 0, 13.053936, 4.351312, 83.000000
3, 0, 12.719375, 4.239792, 83.000000
3, 0, 11.693158, 3.897719, 84.000000
3, 0, 11.277223, 3.759074, 84.000000
3, 0, 10.950960, 3.650320, 84.000000
3, 0, 10.041456, 3.347152, 85.000000
2, 0, 10.041456, 3.347152, 85.000000
2, 0, 10.041456, 3.347152, 85.000000
3, 0, 7.444016, 2.481339, 86.000000
3, 0, 7.079511, 2.359837, 86.000000
3, 0, 6.310790, 2.103597, 86.000000
3, 0, 6.102560, 2.034187, 87.000000
3, 0, 5.897562, 1.965854, 87.000000
2, 0, 5.897562, 1.965854, 87.000000
2, 0, 5.897562, 1.965854, 87.000000
2, 0, 5.897562, 1.965854, 87.000000
3, 0, 3.591229, 1.197076, 88.000000
3, 0, 2.816288, 0.938763, 88.000000
2, 0, 2.816288, 0.938763, 88.000000
3, 0, 0.749639, 0.249880, 89.000000
2, 0, 0.749639, 0.249880, 89.000000
3, 0, -0.229335, -0.076445, 89.000000
3, 0, 0.096318, 0.032106, 89.000000
2, 0, 0.096318, 0.032106, 89.000000
2, 0, 0.096318, 0.032106, 89.000000
3, 0, -1.905039, -0.635013, 89.000000
3, 0, -2.502158, -0.834053, 88.000000
3, 0, -3.352012, -1.117337, 88.000000
3, 0, -4.043704, -1.347901, 88.000000
2, 0, -4.043704, -1.347901, 88.000000
2, 0, -4.043704, -1.347901, 88.000000
2, 0, -4.043704, -1.347901, 88.000000
2, 0, -4.043704, -1.347901, 88.000000
2, 0, -4.043704, -1.347901, 88.000000
2, 0, -4.043704, -1.347901, 88.000000
2, 0, -4.043704, -1.347901, 88.000000
2, 0, -4.043704, -1.347901, 88.000000
2, 0, -4.043704, -1.347901, 88.000000
3, 0, -8.106642, -2.702214, 86.000000
2, 0, -8.106642, -2.702214, 86.000000
2, 0, -8.106642, -2.702214, 86.000000
1, 0, -8.106642, -2.702214, 86.000000
1, 0, -8.106642, -2.702214, 86.000000
1, 0, -8.106642, -2.702214, 86.000000
1, 0, -8.106642, -2.702214, 86.000000
1, 0, -8.106642, -2.702214, 86.000000
1, 0, -8.106642, -2.702214, 86.000000
2, 0, -8.106642, -2.702214, 86.000000
2, 0, -8.106642, -2.702214, 86.000000
3, 0, -8.808453, -2.936151, 85.000000
3, 0, -9.235298, -3.078433, 85.000000
3, 0, -9.781563, -3.260521, 85.000000
3, 0, -10.667112, -3.555704, 84.000000
3, 0, -10.667112, -3.555704, 84.000000
3, 0, -10.981538, -3.660513, 84.000000
3, 0, -11.280524, -3.760175, 84.000000
3, 0, -11.385003, -3.795001, 84.000000
3, 0, -12.459545, -4.153182, 84.000000
3, 0, -12.700603, -4.233534, 83.000000
2, 0, -12.700603, -4.233534, 83.000000
2, 0, -12.700603, -4.233534, 83.000000
3, 0, -9.542106, -3.180702, 85.000000
3, 0, -10.107377, -3.369126, 85.000000
3, 0, -10.226233, -3.408744, 85.000000
3, 0, -11.043585, -3.681195, 84.000000
2, 0, -11.043585, -3.681195, 84.000000
2, 0, -11.043585, -3.681195, 84.000000
2, 0, -11.043585, -3.681195, 84.000000
2, 0, -11.043585, -3.681195, 84.000000
2, 0, -11.043585, -3.681195, 84.000000
2, 0, -11.043585, -3.681195, 84.000000
2, 0, -11.043585, -3.681195, 84.000000
2, 0, -11.043585, -3.681195, 84.000000
2, 0, -11.043585, -3.681195, 84.000000
2, 0, -11.043585, -3.681195, 84.000000
2, 0, -11.043585, -3.681195, 84.000000
2, 0, -11.043585, -3.681195, 84.000000
2, 0, -11.043585, -3.681195, 84.000000
2, 0, -11.043585, -3.681195, 84.000000
2, 0, -11.043585, -3.681195, 84.000000
2, 0, -11.043585, -3.681195, 84.000000
2, 0, -11.043585, -3.681195, 84.000000
2, 0, -11.043585, -3.681195, 84.000000
2, 0, -11.043585, -3.681195, 84.000000
2, 0, -11.043585, -3.681195, 84.000000
2, 0, -11.043585, -3.681195, 84.000000
2, 0, -11.043585, -3.681195, 84.000000
2, 0, -11.043585, -3.681195, 84.000000
2, 0, -11.043585, -3.681195, 84.000000
2, 0, -11.043585, -3.681195, 84.000000
2, 0, -11.043585, -3.681195, 84.000000
2, 0, -11.043585, -3.681195, 84.000000
2, 0, -11.043585, -3.681195, 84.000000
2, 0, -11.043585, -3.681195, 84.000000
2, 0, -11.043585, -3.681195, 84.000000
2, 0, -11.043585, -3.681195, 84.000000
2, 0, -11.043585, -3.681195, 84.000000
2, 0, -11.043585, -3.681195, 84.000000
2, 0, -11.043585, -3.681195, 84.000000
2, 0, -11.043585, -3.681195, 84.000000
2, 0, -11.043585, -3.681195, 84.000000
2, 0, -11.043585, -3.681195, 84.000000
2, 0, -11.043585, -3.681195, 84.000000
2, 0, -11.043585, -3.681195, 84.000000
2, 0, -11.043585, -3.681195, 84.000000
2, 0, -11.043585, -3.681195, 84.000000
2, 0, -11.043585, -3.681195, 84.000000
2, 0, -11.043585, -3.681195, 84.000000
2, 0, -11.043585, -3.681195, 84.000000
2, 0, -11.043585, -3.681195, 84.000000
2, 0, -11.043585, -3.681195, 84.000000
2, 0, -11.043585, -3.681195, 84.000000
2, 0, -11.043585, -3.681195, 84.000000
2, 0, -11.043585, -3.681195, 84.000000
2, 0, -11.043585, -3.681195, 84.000000
2, 0, -11.043585, -3.681195, 84.000000
2, 0, -11.043585, -3.681195, 84.000000
2, 0, -11.043585, -3.681195, 84.000000
2, 0, -11.043585, -3.681195, 84.000000
2, 0, -11.043585, -3.681195, 84.000000
2, 0, -11.043585, -3.681195, 84.000000
2, 0, -11.043585, -3.681195, 84.000000
2, 0, -11.043585, -3.681195, 84.000000
2, 0, -11.043585, -3.681195, 84.000000
2, 0, -11.043585, -3.681195, 84.000000
2, 0, -11.043585, -3.681195, 84.000000
2, 0, -11.043585, -3.681195, 84.000000
2, 0, -11.043585, -3.681195, 84.000000
2, 0, -11.043585, -3.681195, 84.000000
2, 0, -11.043585, -3.681195, 84.000000
2, 0, -11.043585, -3.681195, 84.000000
2, 0, -11.043585, -3.681195, 84.000000
2, 0, -11.043585, -3.681195, 84.000000
2, 0, -11.043585, -3.681195, 84.000000
2, 0, -11.043585, -3.681195, 84.000000
2, 0, -11.043585, -3.681195, 84.000000
2, 0, -11.043585, -3.681195, 84.000000
2, 0, -11.043585, -3.681195, 84.000000
2, 0, -11.043585, -3.681195, 84.000000
2, 0, -11.043585, -3.681195, 84.000000
2, 0, -11.043585, -3.681195, 84.000000
2, 0, -11.043585, -3.681195, 84.000000
2, 0, -11.043585, -3.681195, 84.000000
2, 0, -11.043585, -3.681195, 84.000000
2, 0, -11.043585, -3.681195, 84.000000
2, 0, -11.043585, -3.681195, 84.000000
1, 0, -11.043585, -3.681195, 84.000000
1, 0, -11.043585, -3.681195, 84.000000
1, 0, -11.043585, -3.681195, 84.000000
1, 0, -11.043585, -3.681195, 84.000000
1, 0, -11.043585, -3.681195, 84.000000
1, 0, -11.043585, -3.681195, 84.000000
1, 0, -11.043585, -3.681195, 84.000000
1, 0, -11.043585, -3.681195, 84.000000
1, 0, -11.043585, -3.681195, 84.000000
1, 0, -11.043585, -3.681195, 84.000000
1, 0, -11.043585, -3.681195, 84.000000
1, 0, -11.043585, -3.681195, 84.000000
1, 0, -11.043585, -3.681195, 84.000000
1, 0, -11.043585, -3.681195, 84.000000
1, 0, -11.043585, -3.681195, 84.000000
1, 0, -11.043585, -3.681195, 84.000000
1, 0, -11.043585, -3.681195, 84.000000
1, 0, -11.043585, -3.681195, 84.000000
1, 0, -11.043585, -3.681195, 84.000000
1, 0, -11.043585, -3.681195, 84.000000
1, 0, -11.043585, -3.681195, 84.000000
1, 0, -11.043585, -3.681195, 84.000000
1, 0, -11.043585, -3.681195, 84.000000
1, 0, -11.043585, -3.681195, 84.000000
1, 0, -11.043585, -3.681195, 84.000000
1, 0, -11.043585, -3.681195, 84.000000
1, 0, -11.043585, -3.681195, 84.000000
1, 0, -11.043585, -3.681195, 84.000000
1, 0, -11.043585, -3.681195, 84.000000
1, 0, -11.043585, -3.681195, 84.000000
1, 0, -11.043585, -3.681195, 84.000000
1, 0, -11.043585, -3.681195, 84.000000
1, 0, -11.043585, -3.681195, 84.000000
1, 0, -11.043585, -3.681195, 84.000000
1, 0, -11.043585, -3.681195, 84.000000
1, 0, -11.043585, -3.681195, 84.000000
1, 0, -11.043585, -3.681195, 84.000000
1, 0, -11.043585, -3.681195, 84.000000
1, 0, -11.043585, -3.681195, 84.000000
1, 0, -11.043585, -3.681195, 84.000000
1, 0, -11.043585, -3.681195, 84.000000
1, 0, -11.043585, -3.681195, 84.000000
1, 0, -11.043585, -3.681195, 84.000000
1, 0, -11.043585, -3.681195, 84.000000
1, 0, -11.043585, -3.681195, 84.000000
2, 0, -11.043585, -3.681195, 84.000000
2, 0, -11.043585, -3.681195, 84.000000
2, 0, -11.043585, -3.681195, 84.000000
2, 0, -11.043585, -3.681195, 84.000000
3, 0, 50.261967, 16.753989, 66.000000
2, 0, 50.261967, 16.753989, 66.000000
2, 0, 50.261967, 16.753989, 66.000000
2, 0, 50.261967, 16.753989, 66.000000
2, 0, 50.261967, 16.753989, 66.000000
2, 0, 50.261967, 16.753989, 66.000000
2, 0, 50.261967, 16.753989, 66.000000
2, 0, 50.261967, 16.753989, 66.000000
3, 0, 47.100348, 15.700116, 67.000000
2, 0, 47.100348, 15.700116, 67.000000
2, 0, 47.100348, 15.700116, 67.000000
2, 0, 47.100348, 15.700116, 67.000000
2, 0, 47.100348, 15.700116, 67.000000
2, 0, 47.100348, 15.700116, 67.000000
2, 0, 47.100348, 15.700116, 67.000000
2, 0, 47.100348, 15.700116, 67.000000
2, 0, 47.100348, 15.700116, 67.000000
2, 0, 47.100348, 15.700116, 67.000000
2, 0, 47.100348, 15.700116, 67.000000
2, 0, 47.100348, 15.700116, 67.000000
2, 0, 47.100348, 15.700116, 67.000000
2, 0, 47.100348, 15.700116, 67.000000
2, 0, 47.100348, 15.700116, 67.000000
2, 0, 47.100348, 15.700116, 67.000000
2, 0, 47.100348, 15.700116, 67.000000
2, 0, 47.100348, 15.700116, 67.000000
2, 0, 47.100348, 15.700116, 67.000000
2, 0, 47.100348, 15.700116, 67.000000
2, 0, 47.100348, 15.700116, 67.000000
2, 0, 47.100348, 15.700116, 67.000000
3, 0, 55.743354, 18.581118, 63.000000
3, 0, 56.998456, 18.999485, 62.000000
3, 0, 57.794183, 19.264728, 62.000000
2, 0, 57.794183, 19.264728, 62.000000
2, 0, 57.794183, 19.264728, 62.000000
3, 0, 63.308890, 21.102963, 59.000000
3, 0, 63.308890, 21.102963, 59.000000
2, 0, 63.308890, 21.102963, 59.000000
2, 0, 63.308890, 21.102963, 59.000000
2, 0, 63.308890, 21.102963, 59.000000
2, 0, 63.308890, 21.102963, 59.000000
2, 0, 63.308890, 21.102963, 59.000000
2, 0, 63.308890, 21.102963, 59.000000
2, 0, 63.308890, 21.102963, 59.000000
2, 0, 63.308890, 21.102963, 59.000000
2, 0, 63.308890, 21.102963, 59.000000
2, 0, 63.308890, 21.102963, 59.000000
2, 0, 63.308890, 21.102963, 59.000000
2, 0, 63.308890, 21.102963, 59.000000
2, 0, 63.308890, 21.102963, 59.000000
3, 0, 70.837888, 23.612629, 56.000000
2, 0, 70.837888, 23.612629, 56.000000
2, 0, 70.837888, 23.612629, 56.000000
2, 0, 70.837888, 23.612629, 56.000000
3, 0, 70.387264, 23.462421, 56.000000
3, 0, 70.677515, 23.559172, 56.000000
3, 0, 71.054046, 23.684682, 56.000000
3, 0, 71.973015, 23.991005, 55.000000
3, 0, 71.918216, 23.972739, 55.000000
3, 0, 72.416168, 24.138723, 55.000000
3, 0, 72.662043, 24.220681, 55.000000
3, 0, 73.110498, 24.370166, 55.000000
3, 0, 73.385522, 24.461841, 55.000000
3, 0, 73.802777, 24.600926, 54.000000
3, 0, 74.285840, 24.761947, 54.000000
3, 0, 74.359019, 24.786340, 54.000000
3, 0, 74.778471, 24.926157, 54.000000
3, 0, 75.578722, 25.192907, 54.000000
3, 0, 76.144188, 25.381396, 53.000000
3, 0, 76.365523, 25.455174, 53.000000
3, 0, 76.534428, 25.511476, 53.000000
3, 0, 77.158377, 25.719459, 53.000000
3, 0, 77.338899, 25.779633, 53.000000
3, 0, 77.738208, 25.912736, 52.000000
3, 0, 77.986335, 25.995445, 52.000000
3, 0, 78.620553, 26.206851, 52.000000
3, 0, 78.758241, 26.252747, 52.000000
3, 0, 78.831518, 26.277173, 52.000000
3, 0, 79.090792, 26.363597, 52.000000
3, 0, 79.405110, 26.468370, 52.000000
3, 0, 79.472040, 26.490680, 52.000000
3, 0, 79.239462, 26.413154, 52.000000
3, 0, 79.198702, 26.399567, 52.000000
3, 0, 79.306734, 26.435578, 52.000000
3, 0, 79.705708, 26.568569, 52.000000
3, 0, 79.840644, 26.613548, 51.000000
3, 0, 79.557961, 26.519320, 52.000000
3, 0, 79.251414, 26.417138, 52.000000
3, 0, 79.027811, 26.342604, 52.000000
3, 0, 79.082723, 26.360908, 52.000000
3, 0, 78.748842, 26.249614, 52.000000
3, 0, 78.371299, 26.123766, 52.000000
3, 0, 78.340604, 26.113535, 52.000000
3, 0, 77.895412, 25.965137, 52.000000
3, 0, 77.552821, 25.850940, 53.000000
3, 0, 76.582940, 25.527647, 53.000000
3, 0, 76.096444, 25.365481, 53.000000
3, 0, 75.481132, 25.160377, 54.000000
2, 0, 75.481132, 25.160377, 54.000000
3, 0, 73.833166, 24.611055, 54.000000
3, 0, 73.103642, 24.367881, 55.000000
3, 0, 72.747692, 24.249231, 55.000000
3, 0, 71.934711, 23.978237, 55.000000
3, 0, 71.542830, 23.847610, 55.000000
3, 0, 71.282109, 23.760703, 56.000000
2, 0, 71.282109, 23.760703, 56.000000
2, 0, 71.282109, 23.760703, 56.000000
3, 0, 69.674510, 23.224837, 56.000000
3, 0, 69.495319, 23.165106, 56.000000
3, 0, 68.413782, 22.804594, 57.000000
3, 0, 67.787762, 22.595921, 57.000000
3, 0, 66.617190, 22.205730, 58.000000
3, 0, 66.209908, 22.069969, 58.000000
3, 0, 65.807147, 21.935716, 58.000000
3, 0, 65.136508, 21.712169, 58.000000
3, 0, 64.199569, 21.399856, 59.000000
3, 0, 64.199569, 21.399856, 59.000000
3, 0, 62.697972, 20.899324, 60.000000
3, 0, 62.047946, 20.682649, 60.000000
3, 0, 60.547369, 20.182456, 61.000000
3, 0, 60.547369, 20.182456, 61.000000
3, 0, 59.205942, 19.735314, 61.000000
3, 0, 58.621498, 19.540499, 62.000000
3, 0, 58.139566, 19.379855, 62.000000
3, 0, 57.153754, 19.051251, 62.000000
3, 0, 56.625300, 18.875100, 63.000000
3, 0, 56.218326, 18.739442, 63.000000
3, 0, 55.609996, 18.536665, 63.000000
3, 0, 54.645904, 18.215301, 63.000000
3, 0, 54.236477, 18.078826, 64.000000
3, 0, 53.635527, 17.878509, 64.000000
3, 0, 53.233065, 17.744355, 64.000000
3, 0, 52.228911, 17.409637, 65.000000
3, 0, 51.406267, 17.135422, 65.000000
3, 0, 51.080260, 17.026753, 65.000000
3, 0, 50.502158, 16.834053, 65.000000
3, 0, 49.260153, 16.420051, 66.000000
3, 0, 48.684859, 16.228286, 66.000000
3, 0, 48.137783, 16.045928, 67.000000
3, 0, 47.630144, 15.876715, 67.000000
3, 0, 46.397463, 15.465821, 67.000000
3, 0, 46.159595, 15.386532, 68.000000
4, 0, 135.107102, 45.035701, 50.000000
3, 0, 50.032077, 16.677359, 66.000000
2, 0, 50.032077, 16.677359, 66.000000
2, 0, 50.032077, 16.677359, 66.000000
2, 0, 50.032077, 16.677359, 66.000000
2, 0, 50.032077, 16.677359, 66.000000
2, 0, 50.032077, 16.677359, 66.000000
3, 0, 48.085419, 16.028473, 67.000000
2, 0, 48.085419, 16.028473, 67.000000
2, 0, 48.085419, 16.028473, 67.000000
2, 0, 48.085419, 16.028473, 67.000000
2, 0, 48.085419, 16.028473, 67.000000
2, 0, 48.085419, 16.028473, 67.000000
2, 0, 48.085419, 16.028473, 67.000000
3, 0, 44.717333, 14.905778, 68.000000
3, 0, 44.355532, 14.785177, 68.000000
3, 0, 44.115060, 14.705020, 68.000000
3, 0, 43.737702, 14.579234, 69.000000
3, 0, 43.493445, 14.497815, 69.000000
3, 0, 43.362133, 14.454044, 69.000000
3, 0, 42.990797, 14.330266, 69.000000
3, 0, 42.743158, 14.247719, 69.000000
3, 0, 42.233248, 14.077749, 69.000000
3, 0, 42.097669, 14.032556, 69.000000
2, 0, 42.097669, 14.032556, 69.000000
2, 0, 42.097669, 14.032556, 69.000000
2, 0, 42.097669, 14.032556, 69.000000
2, 0, 42.097669, 14.032556, 69.000000
2, 0, 42.097669, 14.032556, 69.000000
2, 0, 42.097669, 14.032556, 69.000000
2, 0, 42.097669, 14.032556, 69.000000
2, 0, 42.097669, 14.032556, 69.000000
2, 0, 42.097669, 14.032556, 69.000000
2, 0, 42.097669, 14.032556, 69.000000
2, 0, 42.097669, 14.032556, 69.000000
2, 0, 42.097669, 14.032556, 69.000000
2, 0, 42.097669, 14.032556, 69.000000
2, 0, 42.097669, 14.032556, 69.000000
2, 0, 42.097669, 14.032556, 69.000000
2, 0, 42.097669, 14.032556, 69.000000
2, 0, 42.097669, 14.032556, 69.000000
2, 0, 42.097669, 14.032556, 69.000000
2, 0, 42.097669, 14.032556, 69.000000
2, 0, 42.097669, 14.032556, 69.000000
2, 0, 42.097669, 14.032556, 69.000000
2, 0, 42.097669, 14.032556, 69.000000
3, 0, 19.924663, 6.641554, 80.000000
3, 0, 19.409050, 6.469683, 80.000000
3, 0, 19.124157, 6.374719, 80.000000
3, 0, 19.109657, 6.369886, 80.000000
3, 0, 18.989454, 6.329818, 80.000000
3, 0, 18.448720, 6.149573, 81.000000
3, 0, 18.472707, 6.157569, 81.000000
3, 0, 18.197903, 6.065968, 81.000000
3, 0, 17.886799, 5.962266, 81.000000
2, 0, 17.886799, 5.962266, 81.000000
2, 0, 17.886799, 5.962266, 81.000000
2, 0, 17.886799, 5.962266, 81.000000
2, 0, 17.886799, 5.962266, 81.000000
2, 0, 17.886799, 5.962266, 81.000000
2, 0, 17.886799, 5.962266, 81.000000
2, 0, 17.886799, 5.962266, 81.000000
2, 0, 17.886799, 5.962266, 81.000000
2, 0, 17.886799, 5.962266, 81.000000
2, 0, 17.886799, 5.962266, 81.000000
2, 0, 17.886799, 5.962266, 81.000000
2, 0, 17.886799, 5.962266, 81.000000
2, 0, 17.886799, 5.962266, 81.000000
2, 0, 17.886799, 5.962266, 81.000000
2, 0, 17.886799, 5.962266, 81.000000
3, 0, 17.221087, 5.740362, 81.000000
3, 0, 15.906782, 5.302261, 82.000000
3, 0, 15.303224, 5.101075, 82.000000
3, 0, 14.975889, 4.991963, 82.000000
3, 0, 14.436864, 4.812288, 83.000000
3, 0, 13.564647, 4.521549, 83.000000
3, 0, 13.495363, 4.498454, 83.000000
4, 0, -47.455213, -15.818404, 67.000000
2, 0, -47.455213, -15.818404, 67.000000
3, 0, -83.621637, -27.873879, 50.000000
3, 0, -81.973385, -27.324462, 50.000000
3, 0, -81.780429, -27.260143, 51.000000
4, 0, -53.068630, -17.689543, 64.000000
4, 0, -52.894067, -17.631356, 64.000000
3, 0, -81.400528, -27.133509, 51.000000
3, 0, -81.398948, -27.132983, 51.000000
4, 0, -47.118068, -15.706023, 67.000000
3, 0, -81.365011, -27.121670, 51.000000
4, 0, -48.930429, -16.310143, 66.000000
3, 0, -81.434224, -27.144741, 51.000000
3, 0, -81.038230, -27.012743, 51.000000
3, 0, -80.395405, -26.798468, 51.000000
3, 0, -80.299680, -26.766560, 51.000000
3, 0, -79.997269, -26.665756, 51.000000
3, 0, -79.419792, -26.473264, 52.000000
3, 0, -79.257689, -26.419230, 52.000000
3, 0, -78.981305, -26.327102, 52.000000
3, 0, -78.819345, -26.273115, 52.000000
3, 0, -78.193770, -26.064590, 52.000000
3, 0, -78.240110, -26.080037, 52.000000
3, 0, -78.097998, -26.032666, 52.000000
3, 0, -77.748890, -25.916297, 52.000000
3, 0, -77.555602, -25.851867, 53.000000
2, 0, -77.555602, -25.851867, 53.000000
3, 0, -78.984444, -26.328148, 52.000000
3, 0, -78.831150, -26.277050, 52.000000
4, 0, -47.076257, -15.692086, 67.000000
3, 0, -78.000469, -26.000156, 52.000000
3, 0, -77.944862, -25.981621, 52.000000
2, 0, -77.944862, -25.981621, 52.000000
3, 0, 2.992304, 0.997435, 88.000000
4, 0, -44.572048, -14.857349, 68.000000
4, 0, -44.572048, -14.857349, 68.000000
4, 0, -44.455186, -14.818395, 68.000000
4, 0, -44.178372, -14.726124, 68.000000
3, 0, 1.851618, 0.617206, 89.000000
4, 0, -43.739774, -14.579925, 69.000000
4, 0, -43.440786, -14.480262, 69.000000
4, 0, -43.087818, -14.362606, 69.000000
4, 0, -42.438873, -14.146291, 69.000000
4, 0, -42.169765, -14.056588, 69.000000
4, 0, -41.970092, -13.990031, 70.000000
4, 0, -41.855038, -13.951679, 70.000000
4, 0, -40.523923, -13.507974, 70.000000
4, 0, -40.523923, -13.507974, 70.000000
4, 0, -39.728409, -13.242803, 71.000000
4, 0, -39.433029, -13.144343, 71.000000
4, 0, -39.315175, -13.105058, 71.000000
4, 0, -39.007146, -13.002382, 71.000000
4, 0, -38.639482, -12.879827, 71.000000
4, 0, -38.426934, -12.808978, 71.000000
4, 0, -38.278675, -12.759558, 71.000000
4, 0, -37.680847, -12.560282, 72.000000
3, 0, -72.256336, -24.085445, 55.000000
3, 0, -71.534160, -23.844720, 55.000000
3, 0, -70.716079, -23.572026, 56.000000
3, 0, -70.628958, -23.542986, 56.000000
3, 0, -70.700459, -23.566820, 56.000000
3, 0, -70.348752, -23.449584, 56.000000
3, 0, -70.167617, -23.389206, 56.000000
3, 0, -70.167617, -23.389206, 56.000000
3, 0, -69.528434, -23.176145, 56.000000
3, 0, -69.404595, -23.134865, 56.000000
4, 0, -33.177967, -11.059322, 74.000000
4, 0, -33.007414, -11.002471, 74.000000
4, 0, -33.024430, -11.008143, 74.000000
4, 0, -32.851986, -10.950662, 74.000000
4, 0, -32.901485, -10.967162, 74.000000
4, 0, -32.878752, -10.959584, 74.000000
4, 0, -32.433155, -10.811052, 74.000000
4, 0, -32.059610, -10.686537, 74.000000
4, 0, -32.252412, -10.750804, 74.000000
4, 0, -32.012566, -10.670855, 74.000000
4, 0, -31.653715, -10.551238, 74.000000
4, 0, -31.589500, -10.529833, 74.000000
4, 0, -31.328073, -10.442691, 75.000000
3, 0, -67.250683, -22.416894, 57.000000
4, 0, -30.094540, -10.031513, 75.000000
4, 0, -29.551970, -9.850657, 75.000000
4, 0, -29.333858, -9.777953, 76.000000
4, 0, -28.879650, -9.626550, 76.000000
4, 0, -28.171434, -9.390478, 76.000000
4, 0, -27.255966, -9.085322, 77.000000
4, 0, -26.964346, -8.988115, 77.000000
3, 0, -64.989297, -21.663099, 59.000000
4, 0, -171.771930, -57.257310, 50.000000
4, 0, -170.649856, -56.883285, 50.000000
4, 0, -166.669325, -55.556442, 50.000000
4, 0, -163.920996, -54.640332, 50.000000
4, 0, -162.295970, -54.098657, 50.000000
4, 0, -161.971298, -53.990433, 50.000000
4, 0, -161.186113, -53.728704, 50.000000
4, 0, -160.748176, -53.582725, 50.000000
4, 0, -159.083411, -53.027804, 50.000000
5, 0, -158.858681, -52.952894, 50.000000
5, 0, -158.688984, -52.896328, 50.000000
5, 0, -159.455199, -53.151733, 50.000000
6, 0, -160.179986, -53.393329, 50.000000
5, 0, -159.589123, -53.196374, 50.000000
5, 0, -158.718313, -52.906104, 50.000000
4, 0, -5.668245, -1.889415, 87.000000
4, 0, -5.764657, -1.921552, 87.000000
4, 0, -6.135136, -2.045045, 87.000000
4, 0, -6.157533, -2.052511, 87.000000
4, 0, -6.510692, -2.170231, 86.000000
3, 0, -32.678752, -10.892917, 74.000000
3, 0, -32.006437, -10.668812, 74.000000
3, 0, -30.641278, -10.213759, 75.000000
3, 0, -29.627005, -9.875668, 75.000000
3, 0, -27.848291, -9.282764, 76.000000
3, 0, -27.013142, -9.004381, 77.000000
3, 0, -24.852120, -8.284040, 78.000000
3, 0, -24.241163, -8.080388, 78.000000
3, 0, -21.150688, -7.050229, 79.000000
3, 0, -19.512386, -6.504129, 80.000000
3, 0, -17.340489, -5.780163, 81.000000
3, 0, -12.057257, -4.019086, 84.000000
4, 0, -3.136639, -1.045546, 88.000000
4, 0, -2.547965, -0.849322, 88.000000
4, 0, -1.791809, -0.597270, 89.000000
4, 0, 0.281254, 0.093751, 89.000000
4, 0, 2.438530, 0.812843, 88.000000
4, 0, 2.569210, 0.856403, 88.000000
4, 0, 2.322021, 0.774007, 88.000000
4, 0, 0.912857, 0.304286, 89.000000
5, 0, 1.562185, 0.520728, 89.000000
5, 0, 1.299104, 0.433035, 89.000000
4, 0, 3.085923, 1.028641, 88.000000
4, 0, 5.309830, 1.769943, 87.000000
3, 0, 52.588697, 17.529566, 64.000000
4, 0, 20.925078, 6.975026, 80.000000
4, 0, 20.988885, 6.996295, 80.000000
3, 0, 55.919712, 18.639904, 63.000000
4, 0, 14.656567, 4.885522, 83.000000
4, 0, 17.425273, 5.808424, 81.000000
4, 0, 17.567199, 5.855733, 81.000000
4, 0, 17.692583, 5.897528, 81.000000
4, 0, 17.853970, 5.951323, 81.000000
4, 0, 17.853970, 5.951323, 81.000000
5, 0, 18.414530, 6.138177, 81.000000
5, 0, 18.717522, 6.239174, 81.000000
5, 0, 19.188234, 6.396078, 80.000000
5, 0, 19.188234, 6.396078, 80.000000
4, 0, 19.141693, 6.380564, 80.000000
4, 0, 18.727471, 6.242490, 81.000000
4, 0, 18.502061, 6.167354, 81.000000
4, 0, 18.133974, 6.044658, 81.000000
4, 0, 18.359355, 6.119785, 81.000000
4, 0, 18.218990, 6.072997, 81.000000
5, 0, 18.317599, 6.105866, 81.000000
4, 0, 17.953911, 5.984637, 81.000000
4, 0, 17.849954, 5.949985, 81.000000
4, 0, 17.932049, 5.977350, 81.000000
4, 0, 17.773319, 5.924440, 81.000000
4, 0, 17.762765, 5.920922, 81.000000
4, 0, 17.884186, 5.961395, 81.000000
4, 0, 17.603183, 5.867728, 81.000000
4, 0, 17.375774, 5.791925, 81.000000
5, 0, 17.271499, 5.757166, 81.000000
5, 0, 16.983311, 5.661104, 81.000000
6, 0, -128.730994, -42.910331, 50.000000
5, 0, -128.147059, -42.715686, 50.000000
6, 0, -127.720001, -42.573334, 50.000000
4, 0, 12.221891, 4.073964, 84.000000
5, 0, -126.888437, -42.296146, 50.000000
6, 0, -126.006720, -42.002240, 50.000000
6, 0, -125.100095, -41.700032, 50.000000
4, 0, -124.852850, -41.617617, 50.000000
4, 0, -123.401382, -41.133794, 50.000000
4, 0, -122.838524, -40.946175, 50.000000
4, 0, 10.712035, 3.570678, 84.000000
4, 0, 10.460263, 3.486754, 85.000000
4, 0, 10.777824, 3.592608, 84.000000
5, 0, 15.106620, 5.035540, 82.000000
4, 0, 10.755081, 3.585027, 84.000000
5, 0, -112.976542, -37.658847, 50.000000
5, 0, -112.686362, -37.562121, 50.000000
4, 0, 9.683488, 3.227829, 85.000000
4, 0, 9.599471, 3.199824, 85.000000
6, 0, -116.088819, -38.696273, 50.000000
5, 0, 8.773082, 2.924361, 85.000000
4, 0, 12.146459, 4.048820, 84.000000
4, 0, 11.618959, 3.872986, 84.000000
4, 0, 10.507590, 3.502530, 84.000000
4, 0, 9.950214, 3.316738, 85.000000
4, 0, 9.738433, 3.246144, 85.000000
4, 0, 8.468302, 2.822767, 85.000000
4, 0, 5.620680, 1.873560, 87.000000
4, 0, 4.507877, 1.502626, 87.000000
5, 0, -143.842982, -47.947661, 50.000000
3, 0, -39.085214, -13.028405, 71.000000
2, 0, -39.085214, -13.028405, 71.000000
3, 0, -13.310071, -4.436690, 83.000000
4, 0, -35.194765, -11.731588, 73.000000
3, 0, -13.246666, -4.415555, 83.000000
4, 0, -39.322922, -13.107641, 71.000000
4, 0, -39.110769, -13.036923, 71.000000
4, 0, -38.486373, -12.828791, 71.000000
5, 0, -12.234536, -4.078179, 84.000000
4, 0, -12.532852, -4.177617, 84.000000
4, 0, -12.123598, -4.041199, 84.000000
4, 0, -12.150627, -4.050209, 84.000000
4, 0, -11.890074, -3.963358, 84.000000
6, 0, -47.430500, -15.810167, 67.000000
5, 0, -46.424174, -15.474725, 67.000000
5, 0, -47.417865, -15.805955, 67.000000
6, 0, -48.934067, -16.311356, 66.000000
6, 0, -48.835020, -16.278340, 66.000000
5, 0, -49.437070, -16.479023, 66.000000
5, 0, -49.459992, -16.486664, 66.000000
5, 0, -48.929636, -16.309879, 66.000000
5, 0, -48.929636, -16.309879, 66.000000
5, 0, -49.423268, -16.474423, 66.000000
5, 0, -49.400160, -16.466720, 66.000000
6, 0, -48.188258, -16.062753, 67.000000
6, 0, -47.623828, -15.874609, 67.000000
5, 0, -47.510159, -15.836720, 67.000000
5, 0, -48.301285, -16.100428, 66.000000
4, 0, -50.709006, -16.903002, 65.000000
4, 0, -51.008059, -17.002686, 65.000000
5, 0, -50.922402, -16.974134, 65.000000
5, 0, -51.136179, -17.045393, 65.000000
4, 0, -50.605881, -16.868627, 65.000000
5, 0, -48.934081, -16.311360, 66.000000
5, 0, -48.826514, -16.275505, 66.000000
4, 0, -49.065838, -16.355279, 66.000000
4, 0, -48.743228, -16.247743, 66.000000
4, 0, -48.745786, -16.248595, 66.000000
4, 0, -48.648873, -16.216291, 66.000000
4, 0, -48.847576, -16.282525, 66.000000
4, 0, -48.827755, -16.275918, 66.000000
4, 0, -47.154865, -15.718288, 67.000000
5, 0, -49.206050, -16.402017, 66.000000
4, 0, -51.128593, -17.042864, 65.000000
5, 0, 130.550655, 43.516885, 50.000000
5, 0, -49.694866, -16.564955, 66.000000
5, 0, -50.030556, -16.676852, 66.000000
4, 0, -44.664498, -14.888166, 68.000000
5, 0, -49.985173, -16.661724, 66.000000
5, 0, -49.766985, -16.588995, 66.000000
6, 0, 130.103083, 43.367694, 50.000000
5, 0, -49.480438, -16.493479, 66.000000
5, 0, 130.320742, 43.440247, 50.000000
4, 0, -51.010062, -17.003354, 65.000000
4, 0, -51.197502, -17.065834, 65.000000
5, 0, 129.971008, 43.323669, 50.000000
5, 0, 129.906287, 43.302096, 50.000000
5, 0, 129.698790, 43.232930, 50.000000
4, 0, -43.422143, -14.474048, 69.000000
4, 0, -43.982540, -14.660847, 69.000000
4, 0, -46.515454, -15.505151, 67.000000
5, 0, 129.414657, 43.138219, 50.000000
5, 0, 129.432804, 43.144268, 50.000000
4, 0, -45.733774, -15.244591, 68.000000
4, 0, -45.837204, -15.279068, 68.000000
6, 0, 129.354708, 43.118236, 50.000000
4, 0, -46.036721, -15.345574, 68.000000
5, 0, -45.587996, -15.195999, 68.000000
5, 0, -45.254945, -15.084982, 68.000000
4, 0, -38.590992, -12.863664, 71.000000
6, 0, 129.194040, 43.064680, 50.000000
4, 0, -43.700060, -14.566687, 69.000000
4, 0, -41.681274, -13.893758, 70.000000
2, 0, -41.681274, -13.893758, 70.000000
2, 0, -41.681274, -13.893758, 70.000000
2, 0, -41.681274, -13.893758, 70.000000
2, 0, -41.681274, -13.893758, 70.000000
2, 0, -41.681274, -13.893758, 70.000000
3, 0, -19.375981, -6.458660, 80.000000
1, 0, -19.375981, -6.458660, 80.000000
1, 0, -19.375981, -6.458660, 80.000000
1, 0, -19.375981, -6.458660, 80.000000
1, 0, -19.375981, -6.458660, 80.000000
2, 0, -19.375981, -6.458660, 80.000000
2, 0, -19.375981, -6.458660, 80.000000
1, 0, -19.375981, -6.458660, 80.000000
1, 0, -19.375981, -6.458660, 80.000000
1, 0, -19.375981, -6.458660, 80.000000
1, 0, -19.375981, -6.458660, 80.000000
2, 0, -19.375981, -6.458660, 80.000000
3, 0, -63.112870, -21.037623, 59.000000
3, 0, -62.775573, -20.925191, 60.000000
3, 0, -62.012212, -20.670737, 60.000000
4, 0, 28.594216, 9.531405, 76.000000
3, 0, -60.196655, -20.065552, 61.000000
3, 0, -59.808280, -19.936093, 61.000000
4, 0, 26.691252, 8.897084, 77.000000
3, 0, -58.509055, -19.503018, 62.000000
2, 0, -58.509055, -19.503018, 62.000000
2, 0, -58.509055, -19.503018, 62.000000
2, 0, -58.509055, -19.503018, 62.000000
2, 0, -58.509055, -19.503018, 62.000000
2, 0, -58.509055, -19.503018, 62.000000
3, 0, -54.642696, -18.214232, 63.000000
3, 0, -54.315841, -18.105280, 64.000000
3, 0, -58.054692, -19.351564, 62.000000
3, 0, -56.596246, -18.865415, 63.000000
3, 0, -55.113864, -18.371288, 63.000000
4, 0, 8.371222, 2.790407, 86.000000
4, 0, 8.301784, 2.767261, 86.000000
4, 0, 8.433134, 2.811045, 85.000000
3, 0, -46.111069, -15.370356, 68.000000
3, 0, -45.249634, -15.083211, 68.000000
3, 0, -43.983144, -14.661048, 69.000000
3, 0, -41.733549, -13.911183, 70.000000
3, 0, -40.397739, -13.465913, 70.000000
3, 0, -39.384947, -13.128316, 71.000000
3, 0, -35.947929, -11.982643, 72.000000
3, 0, -35.308523, -11.769508, 73.000000
4, 0, 7.565094, 2.521698, 86.000000
4, 0, 7.232737, 2.410912, 86.000000
4, 0, 6.899523, 2.299841, 86.000000
4, 0, 6.905194, 2.301731, 86.000000
4, 0, 7.084408, 2.361469, 86.000000
3, 0, -35.211812, -11.737271, 73.000000
3, 0, -35.385498, -11.795166, 73.000000
3, 0, -36.774275, -12.258092, 72.000000
3, 0, -35.337277, -11.779092, 73.000000
3, 0, -35.321667, -11.773889, 73.000000
3, 0, -35.179394, -11.726465, 73.000000
3, 0, -35.262384, -11.754128, 73.000000
3, 0, -35.294391, -11.764797, 73.000000
3, 0, -35.322093, -11.774031, 73.000000
3, 0, -35.228495, -11.742832, 73.000000
3, 0, -35.190322, -11.730107, 73.000000
3, 0, -35.350536, -11.783512, 73.000000
3, 0, -35.341185, -11.780395, 73.000000
3, 0, -36.471834, -12.157278, 72.000000
3, 0, -36.494507, -12.164836, 72.000000
3, 0, -36.636758, -12.212253, 72.000000
3, 0, -35.317349, -11.772450, 73.000000
3, 0, -36.491259, -12.163753, 72.000000
3, 0, -35.378055, -11.792685, 73.000000
3, 0, -36.772657, -12.257552, 72.000000
3, 0, -35.372222, -11.790741, 73.000000
4, 0, 5.373039, 1.791013, 87.000000
4, 0, 4.270138, 1.423379, 87.000000
3, 0, -36.598188, -12.199396, 72.000000
3, 0, -35.380151, -11.793384, 73.000000
3, 0, -35.377245, -11.792415, 73.000000
3, 0, -35.371303, -11.790434, 73.000000
3, 0, -36.634719, -12.211573, 72.000000
3, 0, -35.328942, -11.776314, 73.000000
3, 0, -36.640937, -12.213646, 72.000000
3, 0, -35.340276, -11.780092, 73.000000
3, 0, -36.647503, -12.215834, 72.000000
4, 0, 4.656798, 1.552266, 87.000000
3, 0, -35.334150, -11.778050, 73.000000
3, 0, -35.363285, -11.787762, 73.000000
3, 0, -36.679037, -12.226346, 72.000000
3, 0, -35.357887, -11.785962, 73.000000
3, 0, -35.342880, -11.780960, 73.000000
3, 0, -35.329897, -11.776632, 73.000000
3, 0, -35.358597, -11.786199, 73.000000
3, 0, -36.743311, -12.247770, 72.000000
3, 0, -35.349796, -11.783265, 73.000000
3, 0, -35.405616, -11.801872, 73.000000
3, 0, -35.342837, -11.780946, 73.000000
3, 0, -36.616729, -12.205576, 72.000000
3, 0, -35.322243, -11.774081, 73.000000
3, 0, -36.629772, -12.209924, 72.000000
3, 0, -36.737476, -12.245825, 72.000000
3, 0, -36.622180, -12.207393, 72.000000
3, 0, -36.626323, -12.208774, 72.000000
3, 0, -35.346513, -11.782171, 73.000000
3, 0, -36.777993, -12.259331, 72.000000
3, 0, -36.648340, -12.216113, 72.000000
4, 0, -0.374930, -0.124977, 89.000000
4, 0, 0.542969, 0.180990, 89.000000
4, 0, -0.517206, -0.172402, 89.000000
4, 0, -0.542900, -0.180967, 89.000000
4, 0, -0.676615, -0.225538, 89.000000
4, 0, -0.928758, -0.309586, 89.000000
4, 0, -0.988200, -0.329400, 89.000000
4, 0, -0.996369, -0.332123, 89.000000
4, 0, -1.042520, -0.347507, 89.000000
4, 0, -1.017739, -0.339246, 89.000000
4, 0, -0.150248, -0.050083, 89.000000
4, 0, -1.337465, -0.445822, 89.000000
4, 0, -1.318824, -0.439608, 89.000000
4, 0, -1.549637, -0.516546, 89.000000
4, 0, -1.664073, -0.554691, 89.000000
4, 0, -0.801469, -0.267156, 89.000000
4, 0, -1.911196, -0.637065, 89.000000
4, 0, -2.142392, -0.714131, 88.000000
4, 0, -1.308113, -0.436038, 89.000000
4, 0, -1.496113, -0.498704, 89.000000
4, 0, -1.647263, -0.549088, 89.000000
4, 0, -1.957959, -0.652653, 89.000000
4, 0, -2.117592, -0.705864, 88.000000
4, 0, -3.432748, -1.144249, 88.000000
4, 0, -2.588713, -0.862904, 88.000000
4, 0, -4.045404, -1.348468, 88.000000
4, 0, -4.134349, -1.378116, 88.000000
4, 0, -3.399009, -1.133003, 88.000000
4, 0, -4.516639, -1.505546, 87.000000
4, 0, -4.141264, -1.380421, 88.000000
4, 0, -5.257985, -1.752662, 87.000000
4, 0, -4.491190, -1.497063, 87.000000
4, 0, -4.564741, -1.521580, 87.000000
4, 0, -4.766217, -1.588739, 87.000000
4, 0, -4.987523, -1.662508, 87.000000
4, 0, -6.159013, -2.053004, 87.000000
4, 0, -5.511376, -1.837125, 87.000000
4, 0, -5.813223, -1.937741, 87.000000
4, 0, -5.980520, -1.993507, 87.000000
5, 0, -6.174232, -2.058077, 87.000000
5, 0, -6.499122, -2.166374, 86.000000
5, 0, -7.318656, -2.439552, 86.000000
5, 0, -7.558539, -2.519513, 86.000000
5, 0, -8.839478, -2.946493, 85.000000
5, 0, -8.173109, -2.724370, 86.000000
5, 0, -9.715922, -3.238641, 85.000000
5, 0, -10.011433, -3.337144, 85.000000
5, 0, -9.058669, -3.019556, 85.000000
5, 0, -10.053958, -3.351319, 85.000000
5, 0, -10.524425, -3.508142, 84.000000
4, 0, -9.828601, -3.276200, 85.000000
5, 0, -10.417493, -3.472498, 85.000000
5, 0, -10.849176, -3.616392, 84.000000
5, 0, -11.820268, -3.940089, 84.000000
5, 0, -11.808881, -3.936294, 84.000000
5, 0, -12.238584, -4.079528, 84.000000
4, 0, -12.301871, -4.100624, 84.000000
5, 0, -11.443478, -3.814493, 84.000000
5, 0, -12.518319, -4.172773, 84.000000
4, 0, -12.486979, -4.162326, 84.000000
4, 0, -12.431686, -4.143895, 84.000000
4, 0, -12.611273, -4.203758, 83.000000
4, 0, -12.190559, -4.063520, 84.000000
5, 0, -12.339182, -4.113061, 84.000000
5, 0, -12.354215, -4.118072, 84.000000
5, 0, -11.533911, -3.844637, 84.000000
4, 0, -11.928833, -3.976278, 84.000000
4, 0, -12.002366, -4.000789, 84.000000
4, 0, -12.990794, -4.330265, 83.000000
4, 0, -12.323521, -4.107840, 84.000000
4, 0, -13.509613, -4.503204, 83.000000
4, 0, -13.432927, -4.477642, 83.000000
4, 0, -12.351254, -4.117085, 84.000000
4, 0, -12.168795, -4.056265, 84.000000
4, 0, -12.856231, -4.285410, 83.000000
4, 0, -12.853183, -4.284394, 83.000000
4, 0, -12.656606, -4.218869, 83.000000
4, 0, -11.731004, -3.910335, 84.000000
4, 0, -11.720464, -3.906821, 84.000000
5, 0, -11.766596, -3.922199, 84.000000
6, 0, -11.874029, -3.958010, 84.000000
4, 0, -11.995326, -3.998442, 84.000000
4, 0, -12.146270, -4.048757, 84.000000
5, 0, -13.116937, -4.372312, 83.000000
5, 0, -12.981872, -4.327291, 83.000000
4, 0, -12.633735, -4.211245, 83.000000
5, 0, -10.920130, -3.640043, 84.000000
5, 0, -11.612754, -3.870918, 84.000000
4, 0, -11.725650, -3.908550, 84.000000
4, 0, -10.779166, -3.593055, 84.000000
4, 0, -10.951803, -3.650601, 84.000000
6, 0, -11.801889, -3.933963, 84.000000
6, 0, -10.915822, -3.638607, 84.000000
5, 0, -11.038111, -3.679370, 84.000000
4, 0, -11.388227, -3.796076, 84.000000
4, 0, -12.101902, -4.033967, 84.000000
5, 0, -11.633915, -3.877972, 84.000000
5, 0, -11.757520, -3.919173, 84.000000
5, 0, -12.708251, -4.236084, 83.000000
6, 0, -11.026001, -3.675334, 84.000000
4, 0, -6.878653, -2.292884, 86.000000
5, 0, -11.934562, -3.978187, 84.000000
5, 0, -10.983751, -3.661250, 84.000000
5, 0, -11.992460, -3.997487, 84.000000
5, 0, -11.239141, -3.746380, 84.000000
4, 0, -11.501880, -3.833960, 84.000000
4, 0, -12.282507, -4.094169, 84.000000
5, 0, -12.184521, -4.061507, 84.000000
5, 0, -12.121949, -4.040650, 84.000000
5, 0, -12.141594, -4.047198, 84.000000
5, 0, -12.245261, -4.081754, 84.000000
5, 0, -12.894408, -4.298136, 83.000000
5, 0, -12.197150, -4.065717, 84.000000
5, 0, -12.904133, -4.301378, 83.000000
5, 0, -12.088774, -4.029591, 84.000000
5, 0, -12.004695, -4.001565, 84.000000
4, 0, -12.744796, -4.248265, 83.000000
5, 0, -10.650271, -3.550090, 84.000000
6, 0, -9.850770, -3.283590, 85.000000
5, 0, -9.192993, -3.064331, 85.000000
5, 0, -8.958115, -2.986038, 85.000000
5, 0, -7.452953, -2.484318, 86.000000
5, 0, -6.189949, -2.063316, 87.000000
6, 0, -6.594623, -2.198208, 86.000000
5, 0, -6.812118, -2.270706, 86.000000
5, 0, -2.989682, -0.996561, 88.000000
5, 0, 1.874722, 0.624907, 89.000000
5, 0, 1.534292, 0.511431, 89.000000
4, 0, 1.851166, 0.617055, 89.000000
5, 0, 2.984621, 0.994874, 88.000000
4, 0, 8.036375, 2.678792, 86.000000
4, 0, 8.149440, 2.716480, 86.000000
6, 0, 8.199403, 2.733134, 86.000000
6, 0, 9.835441, 3.278480, 85.000000
6, 0, 11.161010, 3.720337, 84.000000
6, 0, 12.304056, 4.101352, 84.000000
5, 0, 14.733385, 4.911128, 82.000000
5, 0, -163.403805, -54.467935, 50.000000
6, 0, -163.141166, -54.380389, 50.000000
6, 0, -162.853364, -54.284455, 50.000000
6, 0, -162.681301, -54.227100, 50.000000
5, 0, -161.921200, -53.973733, 50.000000
5, 0, -159.865179, -53.288393, 50.000000
4, 0, -158.648672, -52.882891, 50.000000
4, 0, -158.117260, -52.705753, 50.000000
5, 0, -156.837529, -52.279176, 50.000000
5, 0, -157.282417, -52.427472, 50.000000
5, 0, -155.346288, -51.782096, 50.000000
4, 0, -154.865140, -51.621713, 50.000000
4, 0, -153.144105, -51.048035, 50.000000
4, 0, -156.228989, -52.076330, 50.000000
4, 0, -155.694925, -51.898308, 50.000000
4, 0, -154.808474, -51.602825, 50.000000
4, 0, -11.469347, -3.823116, 84.000000
6, 0, -152.053934, -50.684645, 50.000000
5, 0, -151.805171, -50.601724, 50.000000
5, 0, -150.530606, -50.176869, 50.000000
5, 0, -150.073017, -50.024339, 50.000000
5, 0, -149.809169, -49.936390, 50.000000
5, 0, -149.007622, -49.669207, 50.000000
5, 0, -147.835742, -49.278581, 50.000000
6, 0, -147.281064, -49.093688, 50.000000
6, 0, -145.891730, -48.630577, 50.000000
5, 0, -145.104643, -48.368214, 50.000000
5, 0, -143.907622, -47.969207, 50.000000
5, 0, -142.768689, -47.589563, 50.000000
5, 0, -142.158688, -47.386229, 50.000000
5, 0, -141.013858, -47.004619, 50.000000
6, 0, -140.028125, -46.676042, 50.000000
5, 0, -139.335982, -46.445327, 50.000000
5, 0, -138.673355, -46.224452, 50.000000
6, 0, -137.468846, -45.822949, 50.000000
6, 0, -137.126692, -45.708897, 50.000000
5, 0, -137.549430, -45.849810, 50.000000
5, 0, -137.473795, -45.824598, 50.000000
5, 0, -136.386442, -45.462147, 50.000000
5, 0, -135.863776, -45.287925, 50.000000
5, 0, -135.126977, -45.042326, 50.000000
5, 0, -132.387692, -44.129231, 50.000000
5, 0, -130.698293, -43.566098, 50.000000
5, 0, -130.202321, -43.400774, 50.000000
5, 0, -128.704928, -42.901643, 50.000000
5, 0, -127.442863, -42.480954, 50.000000
4, 0, -11.963373, -3.987791, 84.000000
5, 0, -122.819326, -40.939775, 50.000000
6, 0, -123.890540, -41.296847, 50.000000
6, 0, -125.736428, -41.912143, 50.000000
6, 0, -127.131141, -42.377047, 50.000000
5, 0, -11.056798, -3.685599, 84.000000
6, 0, -126.493230, -42.164410, 50.000000
6, 0, -127.047092, -42.349031, 50.000000
6, 0, -127.556708, -42.518903, 50.000000
6, 0, -127.335636, -42.445212, 50.000000
6, 0, -127.235837, -42.411946, 50.000000
4, 0, -9.009617, -3.003206, 85.000000
4, 0, -8.730257, -2.910086, 85.000000
5, 0, -8.486081, -2.828694, 85.000000
5, 0, -7.824117, -2.608039, 86.000000
5, 0, -7.044237, -2.348079, 86.000000
5, 0, -6.633319, -2.211106, 86.000000
5, 0, -6.084300, -2.028100, 87.000000
5, 0, -5.510231, -1.836744, 87.000000
5, 0, -5.026588, -1.675529, 87.000000
5, 0, -4.588826, -1.529609, 87.000000
5, 0, 10.823654, 3.607885, 84.000000
5, 0, 10.991665, 3.663888, 84.000000
6, 0, 11.953713, 3.984571, 84.000000
5, 0, 12.466323, 4.155441, 84.000000
5, 0, 13.589300, 4.529767, 83.000000
5, 0, 14.183957, 4.727986, 83.000000
5, 0, 14.443171, 4.814390, 83.000000
5, 0, 0.219622, 0.073207, 89.000000
4, 0, 0.201488, 0.067163, 89.000000
4, 0, -13.034501, -4.344834, 83.000000
4, 0, 1.125830, 0.375277, 89.000000
3, 0, -39.039540, -13.013180, 71.000000
3, 0, -39.603038, -13.201013, 71.000000
3, 0, -40.151745, -13.383915, 70.000000
3, 0, -40.661794, -13.553931, 70.000000
3, 0, -41.134063, -13.711354, 70.000000
3, 0, -41.959504, -13.986501, 70.000000
4, 0, 8.414466, 2.804822, 85.000000
4, 0, 7.317453, 2.439151, 86.000000
4, 0, 7.988814, 2.662938, 86.000000
4, 0, 8.536201, 2.845400, 85.000000
4, 0, 8.987245, 2.995748, 85.000000
4, 0, 9.454856, 3.151619, 85.000000
4, 0, 9.967640, 3.322547, 85.000000
4, 0, 10.511695, 3.503898, 84.000000
4, 0, 11.033914, 3.677971, 84.000000
4, 0, 11.447133, 3.815711, 84.000000
4, 0, 11.998280, 3.999427, 84.000000
4, 0, 12.178614, 4.059538, 84.000000
4, 0, 12.561526, 4.187175, 84.000000
4, 0, 12.561526, 4.187175, 84.000000
3, 0, -48.864184, -16.288061, 66.000000
3, 0, -49.392938, -16.464313, 66.000000
4, 0, -14.562126, -4.854042, 83.000000
4, 0, -15.075110, -5.025037, 82.000000
4, 0, -15.255898, -5.085299, 82.000000
4, 0, -15.422046, -5.140682, 82.000000
4, 0, -15.934147, -5.311382, 82.000000
4, 0, -16.073349, -5.357783, 82.000000
4, 0, -16.103713, -5.367904, 82.000000
3, 0, -54.997776, -18.332592, 63.000000
4, 0, -16.351765, -5.450588, 82.000000
3, 0, -55.877350, -18.625783, 63.000000
3, 0, -56.363304, -18.787768, 63.000000
3, 0, -24.003026, -8.001009, 78.000000
3, 0, -23.990669, -7.996890, 78.000000
4, 0, -28.886101, -9.628700, 76.000000
4, 0, -28.976693, -9.658898, 76.000000
4, 0, -28.949577, -9.649859, 76.000000
4, 0, -28.902535, -9.634178, 76.000000
4, 0, -28.909130, -9.636377, 76.000000
4, 0, -28.772628, -9.590876, 76.000000
4, 0, -28.584214, -9.528071, 76.000000
4, 0, -28.657677, -9.552559, 76.000000
4, 0, -28.518457, -9.506152, 76.000000
4, 0, -28.518457, -9.506152, 76.000000
4, 0, -28.483857, -9.494619, 76.000000
4, 0, -28.421961, -9.473987, 76.000000
3, 0, -52.265804, -17.421935, 65.000000
4, 0, -28.228597, -9.409532, 76.000000
4, 0, -28.295092, -9.431697, 76.000000
4, 0, -28.308709, -9.436236, 76.000000
3, 0, -52.133058, -17.377686, 65.000000
5, 0, -28.325318, -9.441773, 76.000000
5, 0, -28.252398, -9.417466, 76.000000
5, 0, -28.335375, -9.445125, 76.000000
4, 0, 27.953585, 9.317862, 76.000000
5, 0, -28.101446, -9.367149, 76.000000
5, 0, -28.111010, -9.370337, 76.000000
5, 0, -28.111106, -9.370369, 76.000000
5, 0, -28.058131, -9.352710, 76.000000
4, 0, 26.180550, 8.726850, 77.000000
4, 0, 26.298269, 8.766090, 77.000000
5, 0, -28.166647, -9.388882, 76.000000
5, 0, -27.944397, -9.314799, 76.000000
5, 0, -28.120617, -9.373539, 76.000000
5, 0, -28.183745, -9.394582, 76.000000
5, 0, -28.044502, -9.348167, 76.000000
5, 0, -28.243837, -9.414612, 76.000000
4, 0, 24.840712, 8.280237, 78.000000
5, 0, -28.290525, -9.430175, 76.000000
5, 0, -28.314830, -9.438277, 76.000000
5, 0, -28.325080, -9.441693, 76.000000
4, 0, 135.235838, 45.078613, 50.000000
4, 0, 135.393685, 45.131228, 50.000000
4, 0, 135.408452, 45.136151, 50.000000
4, 0, 135.358445, 45.119482, 50.000000
4, 0, 135.399842, 45.133281, 50.000000
4, 0, 135.691204, 45.230401, 50.000000
4, 0, 135.807840, 45.269280, 50.000000
4, 0, 135.804792, 45.268264, 50.000000
4, 0, 136.565407, 45.521802, 50.000000
4, 0, 136.802158, 45.600719, 50.000000
4, 0, 136.471745, 45.490582, 50.000000
4, 0, 136.963053, 45.654351, 50.000000
4, 0, 137.236325, 45.745442, 50.000000
4, 0, 137.244702, 45.748234, 50.000000
4, 0, 137.156771, 45.718924, 50.000000
4, 0, 137.366243, 45.788748, 50.000000
4, 0, 137.536335, 45.845445, 50.000000
4, 0, 137.252246, 45.750749, 50.000000
4, 0, 137.290331, 45.763444, 50.000000
4, 0, 137.334132, 45.778044, 50.000000
4, 0, 137.325330, 45.775110, 50.000000
4, 0, 137.581247, 45.860416, 50.000000
4, 0, 137.692211, 45.897404, 50.000000
4, 0, 137.639700, 45.879900, 50.000000
4, 0, 137.709158, 45.903053, 50.000000
4, 0, 137.578677, 45.859559, 50.000000
4, 0, 137.528286, 45.842762, 50.000000
4, 0, 137.644782, 45.881594, 50.000000
4, 0, 137.795097, 45.931699, 50.000000
4, 0, 137.874784, 45.958261, 50.000000
4, 0, 138.094257, 46.031419, 50.000000
4, 0, 138.210314, 46.070105, 50.000000
4, 0, 138.316799, 46.105600, 50.000000
4, 0, 138.380818, 46.126939, 50.000000
4, 0, 138.527342, 46.175781, 50.000000
4, 0, 138.537511, 46.179170, 50.000000
4, 0, 138.532527, 46.177509, 50.000000
4, 0, 138.476814, 46.158938, 50.000000
4, 0, 138.600655, 46.200218, 50.000000
4, 0, 138.726227, 46.242076, 50.000000
4, 0, 138.968011, 46.322670, 50.000000
4, 0, 138.938184, 46.312728, 50.000000
4, 0, 138.990461, 46.330154, 50.000000
4, 0, 139.037577, 46.345859, 50.000000
4, 0, 139.087839, 46.362613, 50.000000
4, 0, 139.163410, 46.387803, 50.000000
4, 0, 139.255102, 46.418367, 50.000000
4, 0, 139.427030, 46.475677, 50.000000
4, 0, 139.493529, 46.497843, 50.000000
4, 0, 139.730251, 46.576750, 50.000000
4, 0, 139.746959, 46.582320, 50.000000
4, 0, 139.725527, 46.575176, 50.000000
4, 0, 139.902819, 46.634273, 50.000000
4, 0, 140.242149, 46.747383, 50.000000
4, 0, 140.171212, 46.723737, 50.000000
4, 0, 140.335370, 46.778457, 50.000000
4, 0, 140.416928, 46.805643, 50.000000
4, 0, 140.655333, 46.885111, 50.000000
4, 0, 140.747654, 46.915885, 50.000000
4, 0, 140.809092, 46.936364, 50.000000
4, 0, 140.780419, 46.926806, 50.000000
4, 0, 140.907932, 46.969311, 50.000000
4, 0, 141.010520, 47.003507, 50.000000
4, 0, 141.150956, 47.050319, 50.000000
4, 0, 141.189796, 47.063265, 50.000000
4, 0, 141.404852, 47.134951, 50.000000
4, 0, 141.431394, 47.143798, 50.000000
4, 0, 141.495007, 47.165002, 50.000000
4, 0, 141.607954, 47.202651, 50.000000
4, 0, 141.810986, 47.270329, 50.000000
4, 0, 141.895346, 47.298449, 50.000000
4, 0, 141.970004, 47.323335, 50.000000
4, 0, 142.117000, 47.372333, 50.000000
4, 0, 142.226789, 47.408930, 50.000000
4, 0, 142.371394, 47.457131, 50.000000
4, 0, 142.420355, 47.473452, 50.000000
4, 0, 142.585992, 47.528664, 50.000000
4, 0, 142.709718, 47.569906, 50.000000
3, 0, -23.751610, -7.917203, 78.000000
4, 0, 142.917201, 47.639067, 50.000000
4, 0, 142.933467, 47.644489, 50.000000
4, 0, 143.273821, 47.757940, 50.000000
4, 0, 143.292176, 47.764059, 50.000000
4, 0, -36.552705, -12.184235, 72.000000
4, 0, -36.489376, -12.163125, 72.000000
4, 0, -36.490149, -12.163383, 72.000000
4, 0, -36.357502, -12.119167, 72.000000
4, 0, -36.285818, -12.095273, 72.000000
4, 0, -36.197634, -12.065878, 72.000000
4, 0, -36.117750, -12.039250, 72.000000
4, 0, -35.999330, -11.999777, 72.000000
4, 0, -35.906439, -11.968813, 72.000000
4, 0, -35.750755, -11.916918, 72.000000
4, 0, -35.752712, -11.917571, 72.000000
4, 0, -35.546048, -11.848683, 73.000000
3, 0, -23.774042, -7.924681, 78.000000
4, 0, -35.371062, -11.790354, 73.000000
4, 0, -35.316125, -11.772042, 73.000000
4, 0, -35.126916, -11.708972, 73.000000
4, 0, -35.083692, -11.694564, 73.000000
4, 0, -35.076256, -11.692085, 73.000000
3, 0, -23.760120, -7.920040, 78.000000
3, 0, -23.769367, -7.923122, 78.000000
4, 0, -34.672836, -11.557612, 73.000000
4, 0, -34.598184, -11.532728, 73.000000
3, 0, -23.712575, -7.904192, 78.000000
4, 0, -34.502362, -11.500787, 73.000000
4, 0, -34.451538, -11.483846, 73.000000
3, 0, -23.772809, -7.924270, 78.000000
3, 0, -23.783774, -7.927925, 78.000000
4, 0, -34.136385, -11.378795, 73.000000
4, 0, -34.085771, -11.361924, 73.000000
3, 0, -23.766484, -7.922161, 78.000000
3, 0, -23.781919, -7.927306, 78.000000
3, 0, -23.793595, -7.931198, 78.000000
3, 0, -23.789846, -7.929949, 78.000000
3, 0, -23.738333, -7.912778, 78.000000
3, 0, -23.738635, -7.912878, 78.000000
4, 0, -33.589707, -11.196569, 74.000000
4, 0, -33.569479, -11.189826, 74.000000
3, 0, -23.779307, -7.926436, 78.000000
3, 0, -23.765379, -7.921793, 78.000000
3, 0, -23.771807, -7.923936, 78.000000
3, 0, -23.771807, -7.923936, 78.000000
3, 0, -23.746624, -7.915541, 78.000000
3, 0, -23.747017, -7.915672, 78.000000
3, 0, -23.757406, -7.919135, 78.000000
3, 0, -23.675356, -7.891785, 78.000000
3, 0, -23.668127, -7.889376, 78.000000
3, 0, -23.669946, -7.889982, 78.000000
3, 0, -23.656154, -7.885385, 78.000000
3, 0, -23.784243, -7.928081, 78.000000
3, 0, -23.796655, -7.932218, 78.000000
4, 0, -32.892388, -10.964129, 74.000000
3, 0, -23.771135, -7.923712, 78.000000
3, 0, -23.654189, -7.884730, 78.000000
3, 0, -23.752356, -7.917452, 78.000000
3, 0, -23.669212, -7.889737, 78.000000
3, 0, -23.780661, -7.926887, 78.000000
3, 0, -23.802935, -7.934312, 78.000000
4, 0, -32.731063, -10.910354, 74.000000
3, 0, -23.769966, -7.923322, 78.000000
3, 0, -23.720660, -7.906887, 78.000000
3, 0, -23.612276, -7.870759, 78.000000
3, 0, -23.625612, -7.875204, 78.000000
3, 0, -23.715853, -7.905284, 78.000000
3, 0, -23.613324, -7.871108, 78.000000
3, 0, -23.706157, -7.902052, 78.000000
3, 0, -23.631690, -7.877230, 78.000000
3, 0, -23.695492, -7.898497, 78.000000
3, 0, -23.643877, -7.881292, 78.000000
3, 0, -23.595858, -7.865286, 78.000000
3, 0, -23.793660, -7.931220, 78.000000
3, 0, -23.661459, -7.887153, 78.000000
3, 0, -23.688382, -7.896127, 78.000000
3, 0, -23.773806, -7.924602, 78.000000
3, 0, -23.676561, -7.892187, 78.000000
3, 0, -23.758395, -7.919465, 78.000000
3, 0, -23.670169, -7.890056, 78.000000
3, 0, -23.661841, -7.887280, 78.000000
3, 0, -23.762891, -7.920964, 78.000000
3, 0, -23.763539, -7.921180, 78.000000
3, 0, -23.733264, -7.911088, 78.000000
3, 0, -23.686148, -7.895383, 78.000000
3, 0, -23.627989, -7.875996, 78.000000
3, 0, -23.764061, -7.921354, 78.000000
3, 0, -23.756856, -7.918952, 78.000000
3, 0, -23.749173, -7.916391, 78.000000
3, 0, -23.758641, -7.919547, 78.000000
3, 0, -23.765304, -7.921768, 78.000000
3, 0, -23.758106, -7.919369, 78.000000
3, 0, -23.675801, -7.891934, 78.000000
3, 0, -23.753420, -7.917807, 78.000000
3, 0, -23.780940, -7.926980, 78.000000
3, 0, -23.783246, -7.927749, 78.000000
3, 0, -23.871371, -7.957124, 78.000000
3, 0, -23.911030, -7.970343, 78.000000
3, 0, -23.889118, -7.963039, 78.000000
3, 0, -23.740299, -7.913433, 78.000000
3, 0, -23.832087, -7.944029, 78.000000
3, 0, -23.786776, -7.928925, 78.000000
3, 0, -23.780507, -7.926836, 78.000000
3, 0, -23.805894, -7.935298, 78.000000
3, 0, -23.908251, -7.969417, 78.000000
3, 0, -23.895198, -7.965066, 78.000000
3, 0, -23.913010, -7.971003, 78.000000
3, 0, -23.887536, -7.962512, 78.000000
3, 0, -23.966375, -7.988792, 78.000000
3, 0, -23.914622, -7.971541, 78.000000
3, 0, -23.850203, -7.950068, 78.000000
3, 0, -23.886422, -7.962141, 78.000000
3, 0, -23.893733, -7.964578, 78.000000
3, 0, -23.914541, -7.971514, 78.000000
3, 0, -23.922656, -7.974219, 78.000000
3, 0, -23.939423, -7.979808, 78.000000
3, 0, -23.939423, -7.979808, 78.000000
3, 0, -23.873345, -7.957782, 78.000000
3, 0, -23.885353, -7.961784, 78.000000
3, 0, -23.998893, -7.999631, 78.000000
3, 0, -24.004983, -8.001661, 78.000000
3, 0, -24.014152, -8.004717, 78.000000
3, 0, -24.007373, -8.002458, 78.000000
3, 0, -23.960834, -7.986945, 78.000000
3, 0, -24.022265, -8.007422, 78.000000
3, 0, -23.994050, -7.998017, 78.000000
3, 0, -24.028663, -8.009554, 78.000000
3, 0, -24.062397, -8.020799, 78.000000
3, 0, -24.019133, -8.006378, 78.000000
3, 0, -23.999066, -7.999689, 78.000000
3, 0, -24.033030, -8.011010, 78.000000
3, 0, -24.035038, -8.011679, 78.000000
3, 0, -24.059693, -8.019898, 78.000000
3, 0, -24.048496, -8.016165, 78.000000
